pilotId,sourceId,targetId,pilotName,shipId,faction,role,required,status,rank,assetId,warehouse,score,confidence,repositoryPath,reasons
"PILOT-F5731D9E2983","backdraft","backdraft","""Backdraft""","tiesffighter","firstorder","PilotCard","True","clear","1","AST-4531DE99F4B3AC0A","xwing-data","278","high","assets/source/xwing-data/images/pilots/First Order/TIE-sf Fighter/backdraft.png","pilot identity 'backdraft' in path; ship identity matched; faction identity matched; pilot context; individual xwing-data First Edition pilot card; structured xwing-data record matched skill 7, points 27, image 'pilots/First Order/TIE-sf Fighter/backdraft.png'"
"PILOT-F5731D9E2983","backdraft","backdraft","""Backdraft""","tiesffighter","firstorder","PilotBaseTokenSheet","False","clear","1","AST-D1AA5DA26869F11E","legacy1e","100","high","assets/source/legacy1e/steamusercontent-a.akamaihd.net/images/asset__764db731223587eb.png","pilot identity 'backdraft' in legacy context; shared legacy image reference; legacy First Edition source"
"PILOT-F5731D9E2983","backdraft","backdraft","""Backdraft""","tiesffighter","firstorder","PilotBaseToken","True","clear","1","AST-501CB24BE3A6B0EE","generated","105","high","assets/generated/PilotBaseToken/firstorder/tiesffighter/backdraft__pilot-f5731d9e2983.png","pilot identity 'backdraft' in path; ship identity matched; token and base context"
"PILOT-9508F007B8DE","backstabber-battleofyavin","backstabber","""Backstabber""","tiefighter","galacticempire","PilotCard","True","clear","1","AST-2A926ACC846F0A39","xwing-data","278","high","assets/source/xwing-data/images/pilots/Galactic Empire/TIE Fighter/backstabber.png","pilot identity 'backstabber' in path; ship identity matched; faction identity matched; pilot context; individual xwing-data First Edition pilot card; structured xwing-data record matched skill 6, points 16, image 'pilots/Galactic Empire/TIE Fighter/backstabber.png'"
"PILOT-9508F007B8DE","backstabber-battleofyavin","backstabber","""Backstabber""","tiefighter","galacticempire","PilotBaseTokenSheet","False","clear","1","AST-DEF7A8969C03F4F0","legacy1e","112","high","assets/source/legacy1e/steamusercontent-a.akamaihd.net/images/asset__7416dd8e946ea549.png","pilot identity 'backstabber' in legacy context; ship identity matched; shared legacy image reference; legacy First Edition source"
"PILOT-9508F007B8DE","backstabber-battleofyavin","backstabber","""Backstabber""","tiefighter","galacticempire","PilotBaseToken","True","clear","1","AST-12B278D879DC54A9","generated","105","high","assets/generated/PilotBaseToken/galacticempire/tiefighter/backstabber__pilot-9508f007b8de.png","pilot identity 'backstabber' in path; ship identity matched; token and base context"
"PILOT-371A0F61CCFE","chopper","chopper","""Chopper""","vcx100","rebelalliance","PilotCard","True","clear","1","AST-67E943D8CF5AE6E0","xwing-data","278","high","assets/source/xwing-data/images/pilots/Rebel Alliance/VCX-100/chopper.png","pilot identity 'chopper' in path; ship identity matched; faction identity matched; pilot context; individual xwing-data First Edition pilot card; structured xwing-data record matched skill 4, points 37, image 'pilots/Rebel Alliance/VCX-100/chopper.png'"
"PILOT-371A0F61CCFE","chopper","chopper","""Chopper""","vcx100","rebelalliance","PilotBaseTokenSheet","False","clear","1","AST-1B67CA60C0F16693","legacy1e","112","high","assets/source/legacy1e/steamusercontent-a.akamaihd.net/images/asset__5ecaf2bd7f8d7b76.jpg","pilot identity 'chopper' in legacy context; ship identity matched; shared legacy image reference; legacy First Edition source"
"PILOT-371A0F61CCFE","chopper","chopper","""Chopper""","vcx100","rebelalliance","PilotBaseToken","True","clear","1","AST-2E8DBEF6DEF186C9","generated","105","high","assets/generated/PilotBaseToken/rebelalliance/vcx100/chopper__pilot-371a0f61ccfe.png","pilot identity 'chopper' in path; ship identity matched; token and base context"
"PILOT-AEA7049805AD","","cobaltleader","""Cobalt Leader""","bsf17bomber","resistance","PilotCard","True","clear","1","AST-433BD4AC700B0056","xwing-data","278","high","assets/source/xwing-data/images/pilots/Resistance/B-SF-17 Bomber/cobalt-leader.png","pilot identity 'cobaltleader' in path; ship identity matched; faction identity matched; pilot context; individual xwing-data First Edition pilot card; structured xwing-data record matched skill 6, points 28, image 'pilots/Resistance/B-SF-17 Bomber/cobalt-leader.png'"
"PILOT-AEA7049805AD","","cobaltleader","""Cobalt Leader""","bsf17bomber","resistance","PilotBaseTokenSheet","False","review","1","AST-9DB370716D4689D6","legacy1e","90","high","assets/source/legacy1e/steamusercontent-a.akamaihd.net/images/asset__05bd03057431458d.png","pilot identity 'cobaltleader' in legacy context; legacy First Edition source"
"PILOT-AEA7049805AD","","cobaltleader","""Cobalt Leader""","bsf17bomber","resistance","PilotBaseToken","True","clear","1","AST-CDB0DD46D1379B5E","generated","105","high","assets/generated/PilotBaseToken/resistance/bsf17bomber/cobaltleader__pilot-c7808aa70880.png","pilot identity 'cobaltleader' in path; ship identity matched; token and base context"
"PILOT-7BE38960675C","countdown","countdown","""Countdown""","tiestriker","galacticempire","PilotCard","True","clear","1","AST-7D4136D916987683","xwing-data","278","high","assets/source/xwing-data/images/pilots/Galactic Empire/TIE Striker/countdown.png","pilot identity 'countdown' in path; ship identity matched; faction identity matched; pilot context; individual xwing-data First Edition pilot card; structured xwing-data record matched skill 5, points 20, image 'pilots/Galactic Empire/TIE Striker/countdown.png'"
"PILOT-7BE38960675C","countdown","countdown","""Countdown""","tiestriker","galacticempire","PilotBaseTokenSheet","False","clear","1","AST-2E30C7B90852E05B","legacy1e","112","high","assets/source/legacy1e/steamusercontent-a.akamaihd.net/images/asset__47198294f94ca5ea.png","pilot identity 'countdown' in legacy context; ship identity matched; shared legacy image reference; legacy First Edition source"
"PILOT-7BE38960675C","countdown","countdown","""Countdown""","tiestriker","galacticempire","PilotBaseToken","True","clear","1","AST-65275BC765289023","generated","105","high","assets/generated/PilotBaseToken/galacticempire/tiestriker/countdown__pilot-7be38960675c.png","pilot identity 'countdown' in path; ship identity matched; token and base context"
"PILOT-6E102ED7F282","","crimsonleader","""Crimson Leader""","bsf17bomber","resistance","PilotCard","True","clear","1","AST-6A2D3A9EC1D017F9","xwing-data","278","high","assets/source/xwing-data/images/pilots/Resistance/B-SF-17 Bomber/crimson-leader.png","pilot identity 'crimsonleader' in path; ship identity matched; faction identity matched; pilot context; individual xwing-data First Edition pilot card; structured xwing-data record matched skill 7, points 29, image 'pilots/Resistance/B-SF-17 Bomber/crimson-leader.png'"
"PILOT-6E102ED7F282","","crimsonleader","""Crimson Leader""","bsf17bomber","resistance","PilotBaseTokenSheet","False","review","1","AST-442A5EFFC4BDE5BF","legacy1e","90","high","assets/source/legacy1e/steamusercontent-a.akamaihd.net/images/asset__cb7a778a35f1ab74.png","pilot identity 'crimsonleader' in legacy context; legacy First Edition source"
"PILOT-6E102ED7F282","","crimsonleader","""Crimson Leader""","bsf17bomber","resistance","PilotBaseToken","True","clear","1","AST-174D9A2F0D6875B9","generated","105","high","assets/generated/PilotBaseToken/resistance/bsf17bomber/crimsonleader__pilot-3da13f089413.png","pilot identity 'crimsonleader' in path; ship identity matched; token and base context"
"PILOT-7C9CC85B9A96","","crimsonspecialist","""Crimson Specialist""","bsf17bomber","resistance","PilotCard","True","clear","1","AST-C8B526BEDEBE3B81","xwing-data","278","high","assets/source/xwing-data/images/pilots/Resistance/B-SF-17 Bomber/crimson-specialist.png","pilot identity 'crimsonspecialist' in path; ship identity matched; faction identity matched; pilot context; individual xwing-data First Edition pilot card; structured xwing-data record matched skill 4, points 27, image 'pilots/Resistance/B-SF-17 Bomber/crimson-specialist.png'"
"PILOT-7C9CC85B9A96","","crimsonspecialist","""Crimson Specialist""","bsf17bomber","resistance","PilotBaseTokenSheet","False","review","1","AST-01E97955C6EB6630","legacy1e","90","high","assets/source/legacy1e/steamusercontent-a.akamaihd.net/images/asset__10b74ebdc73a4cd2.png","pilot identity 'crimsonspecialist' in legacy context; legacy First Edition source"
"PILOT-7C9CC85B9A96","","crimsonspecialist","""Crimson Specialist""","bsf17bomber","resistance","PilotBaseToken","True","clear","1","AST-C968A07B2816450E","generated","105","high","assets/generated/PilotBaseToken/resistance/bsf17bomber/crimsonspecialist__pilot-10b061cebaf0.png","pilot identity 'crimsonspecialist' in path; ship identity matched; token and base context"
"PILOT-7F08D82863DA","darkcurse-battleofyavin","darkcurse","""Dark Curse""","tiefighter","galacticempire","PilotCard","True","clear","1","AST-9353CD393EFC6623","xwing-data","278","high","assets/source/xwing-data/images/pilots/Galactic Empire/TIE Fighter/dark-curse.png","pilot identity 'darkcurse' in path; ship identity matched; faction identity matched; pilot context; individual xwing-data First Edition pilot card; structured xwing-data record matched skill 6, points 16, image 'pilots/Galactic Empire/TIE Fighter/dark-curse.png'"
"PILOT-7F08D82863DA","darkcurse-battleofyavin","darkcurse","""Dark Curse""","tiefighter","galacticempire","PilotBaseTokenSheet","False","clear","1","AST-C9CF689EA37A880F","legacy1e","112","high","assets/source/legacy1e/steamusercontent-a.akamaihd.net/images/asset__0007b1a704707540.png","pilot identity 'darkcurse' in legacy context; ship identity matched; shared legacy image reference; legacy First Edition source"
"PILOT-7F08D82863DA","darkcurse-battleofyavin","darkcurse","""Dark Curse""","tiefighter","galacticempire","PilotBaseToken","True","clear","1","AST-0613547CA9B1A3CB","generated","105","high","assets/generated/PilotBaseToken/galacticempire/tiefighter/darkcurse__pilot-7f08d82863da.png","pilot identity 'darkcurse' in path; ship identity matched; token and base context"
"PILOT-1B8C5D844954","deathfire","deathfire","""Deathfire""","tiebomber","galacticempire","PilotCard","True","clear","1","AST-3A544075F7603882","xwing-data","278","high","assets/source/xwing-data/images/pilots/Galactic Empire/TIE Bomber/deathfire.png","pilot identity 'deathfire' in path; ship identity matched; faction identity matched; pilot context; individual xwing-data First Edition pilot card; structured xwing-data record matched skill 3, points 17, image 'pilots/Galactic Empire/TIE Bomber/deathfire.png'"
"PILOT-1B8C5D844954","deathfire","deathfire","""Deathfire""","tiebomber","galacticempire","PilotBaseTokenSheet","False","clear","1","AST-2FDA7255CF9D0505","legacy1e","112","high","assets/source/legacy1e/steamusercontent-a.akamaihd.net/images/asset__b02206a528ff82c0.png","pilot identity 'deathfire' in legacy context; ship identity matched; shared legacy image reference; legacy First Edition source"
"PILOT-1B8C5D844954","deathfire","deathfire","""Deathfire""","tiebomber","galacticempire","PilotBaseToken","True","clear","1","AST-02B3AFB01C02B8B4","generated","105","high","assets/generated/PilotBaseToken/galacticempire/tiebomber/deathfire__pilot-1b8c5d844954.png","pilot identity 'deathfire' in path; ship identity matched; token and base context"
"PILOT-9380AE7D1934","deathrain","deathrain","""Deathrain""","tiepunisher","galacticempire","PilotCard","True","clear","1","AST-39A562D000652265","xwing-data","278","high","assets/source/xwing-data/images/pilots/Galactic Empire/TIE Punisher/deathrain.png","pilot identity 'deathrain' in path; ship identity matched; faction identity matched; pilot context; individual xwing-data First Edition pilot card; structured xwing-data record matched skill 6, points 26, image 'pilots/Galactic Empire/TIE Punisher/deathrain.png'"
"PILOT-9380AE7D1934","deathrain","deathrain","""Deathrain""","tiepunisher","galacticempire","PilotBaseTokenSheet","False","clear","1","AST-FF847B440D9AA68C","legacy1e","112","high","assets/source/legacy1e/steamusercontent-a.akamaihd.net/images/asset__1786b38448ff15bc.jpg","pilot identity 'deathrain' in legacy context; ship identity matched; shared legacy image reference; legacy First Edition source"
"PILOT-9380AE7D1934","deathrain","deathrain","""Deathrain""","tiepunisher","galacticempire","PilotBaseToken","True","clear","1","AST-AA2F9A6778AF88E7","generated","105","high","assets/generated/PilotBaseToken/galacticempire/tiepunisher/deathrain__pilot-9380ae7d1934.png","pilot identity 'deathrain' in path; ship identity matched; token and base context"
"PILOT-29C434698216","doubleedge","doubleedge","""Double Edge""","tieaggressor","galacticempire","PilotCard","True","clear","1","AST-63ECF4C53B5C1DBE","xwing-data","278","high","assets/source/xwing-data/images/pilots/Galactic Empire/TIE Aggressor/double-edge.png","pilot identity 'doubleedge' in path; ship identity matched; faction identity matched; pilot context; individual xwing-data First Edition pilot card; structured xwing-data record matched skill 4, points 19, image 'pilots/Galactic Empire/TIE Aggressor/double-edge.png'"
"PILOT-29C434698216","doubleedge","doubleedge","""Double Edge""","tieaggressor","galacticempire","PilotBaseTokenSheet","False","clear","1","AST-0CAA706016204C88","legacy1e","100","high","assets/source/legacy1e/steamusercontent-a.akamaihd.net/images/asset__18f0fc42531efb0d.png","pilot identity 'doubleedge' in legacy context; shared legacy image reference; legacy First Edition source"
"PILOT-29C434698216","doubleedge","doubleedge","""Double Edge""","tieaggressor","galacticempire","PilotBaseToken","True","clear","1","AST-10E4EB65141106E1","generated","105","high","assets/generated/PilotBaseToken/galacticempire/tieaggressor/doubleedge__pilot-29c434698216.png","pilot identity 'doubleedge' in path; ship identity matched; token and base context"
"PILOT-5BCFC38B51FB","duchess","duchess","""Duchess""","tiestriker","galacticempire","PilotCard","True","clear","1","AST-DAECC2712B37FE36","xwing-data","278","high","assets/source/xwing-data/images/pilots/Galactic Empire/TIE Striker/duchess.png","pilot identity 'duchess' in path; ship identity matched; faction identity matched; pilot context; individual xwing-data First Edition pilot card; structured xwing-data record matched skill 8, points 23, image 'pilots/Galactic Empire/TIE Striker/duchess.png'"
"PILOT-5BCFC38B51FB","duchess","duchess","""Duchess""","tiestriker","galacticempire","PilotBaseTokenSheet","False","clear","1","AST-CA2AFEDBDD5DF675","legacy1e","112","high","assets/source/legacy1e/steamusercontent-a.akamaihd.net/images/asset__188553706626c179.png","pilot identity 'duchess' in legacy context; ship identity matched; shared legacy image reference; legacy First Edition source"
"PILOT-5BCFC38B51FB","duchess","duchess","""Duchess""","tiestriker","galacticempire","PilotBaseToken","True","clear","1","AST-7FF0AFBDF1B864E5","generated","105","high","assets/generated/PilotBaseToken/galacticempire/tiestriker/duchess__pilot-5bcfc38b51fb.png","pilot identity 'duchess' in path; ship identity matched; token and base context"
"PILOT-91F3D05B5EA1","dutchvander","dutchvander","""Dutch"" Vander","ywing","rebelalliance","PilotCard","True","clear","1","AST-3F29F8FC32931E2A","xwing-data","278","high","assets/source/xwing-data/images/pilots/Rebel Alliance/Y-wing/dutch-vander.png","pilot identity 'dutchvander' in path; ship identity matched; faction identity matched; pilot context; individual xwing-data First Edition pilot card; structured xwing-data record matched skill 6, points 23, image 'pilots/Rebel Alliance/Y-wing/dutch-vander.png'"
"PILOT-91F3D05B5EA1","dutchvander","dutchvander","""Dutch"" Vander","ywing","rebelalliance","PilotBaseTokenSheet","False","clear","1","AST-2B4CC369F65371C8","legacy1e","112","high","assets/source/legacy1e/steamusercontent-a.akamaihd.net/images/asset__befe00aee8b10b7f.jpg","pilot identity 'dutchvander' in legacy context; ship identity matched; shared legacy image reference; legacy First Edition source"
"PILOT-91F3D05B5EA1","dutchvander","dutchvander","""Dutch"" Vander","ywing","rebelalliance","PilotBaseToken","True","clear","1","AST-8B04C4776E4F6E8E","generated","105","high","assets/generated/PilotBaseToken/rebelalliance/ywing/dutchvander__pilot-91f3d05b5ea1.png","pilot identity 'dutchvander' in path; ship identity matched; token and base context"
"PILOT-FCE29317C456","echo","echo","""Echo""","tiephantom","galacticempire","PilotCard","True","clear","1","AST-FA864455593EC2E3","xwing-data","278","high","assets/source/xwing-data/images/pilots/Galactic Empire/TIE Phantom/echo.png","pilot identity 'echo' in path; ship identity matched; faction identity matched; pilot context; individual xwing-data First Edition pilot card; structured xwing-data record matched skill 6, points 30, image 'pilots/Galactic Empire/TIE Phantom/echo.png'"
"PILOT-FCE29317C456","echo","echo","""Echo""","tiephantom","galacticempire","PilotBaseTokenSheet","False","clear","1","AST-184F54CCEFF55E33","legacy1e","112","high","assets/source/legacy1e/steamusercontent-a.akamaihd.net/images/asset__0d8c2cd2b70ca7d6.jpg","pilot identity 'echo' in legacy context; ship identity matched; shared legacy image reference; legacy First Edition source"
"PILOT-FCE29317C456","echo","echo","""Echo""","tiephantom","galacticempire","PilotBaseToken","True","clear","1","AST-D532CE87D436790E","generated","105","high","assets/generated/PilotBaseToken/galacticempire/tiephantom/echo__pilot-fce29317c456.png","pilot identity 'echo' in path; ship identity matched; token and base context"
"PILOT-25F20C6B5ABA","howlrunner","howlrunner","""Howlrunner""","tiefighter","galacticempire","PilotCard","True","clear","1","AST-17A5E66A26A6EE00","xwing-data","278","high","assets/source/xwing-data/images/pilots/Galactic Empire/TIE Fighter/howlrunner.png","pilot identity 'howlrunner' in path; ship identity matched; faction identity matched; pilot context; individual xwing-data First Edition pilot card; structured xwing-data record matched skill 8, points 18, image 'pilots/Galactic Empire/TIE Fighter/howlrunner.png'"
"PILOT-25F20C6B5ABA","howlrunner","howlrunner","""Howlrunner""","tiefighter","galacticempire","PilotBaseTokenSheet","False","clear","1","AST-A5870A68AED14690","legacy1e","112","high","assets/source/legacy1e/steamusercontent-a.akamaihd.net/images/asset__80d72ea254b5531f.png","pilot identity 'howlrunner' in legacy context; ship identity matched; shared legacy image reference; legacy First Edition source"
"PILOT-25F20C6B5ABA","howlrunner","howlrunner","""Howlrunner""","tiefighter","galacticempire","PilotBaseToken","True","clear","1","AST-F3822B6E13CDBAF7","generated","105","high","assets/generated/PilotBaseToken/galacticempire/tiefighter/howlrunner__pilot-25f20c6b5aba.png","pilot identity 'howlrunner' in path; ship identity matched; token and base context"
"PILOT-5274E11EAA41","leebo","leebo","""Leebo""","yt2400","rebelalliance","PilotCard","True","clear","1","AST-CB9C242DAC6617D3","xwing-data","278","high","assets/source/xwing-data/images/pilots/Rebel Alliance/YT-2400/leebo.png","pilot identity 'leebo' in path; ship identity matched; faction identity matched; pilot context; individual xwing-data First Edition pilot card; structured xwing-data record matched skill 5, points 34, image 'pilots/Rebel Alliance/YT-2400/leebo.png'"
"PILOT-5274E11EAA41","leebo","leebo","""Leebo""","yt2400","rebelalliance","PilotBaseTokenSheet","False","clear","1","AST-20A1EE8351AF21D3","legacy1e","112","high","assets/source/legacy1e/steamusercontent-a.akamaihd.net/images/asset__3948b5a8e50c3bd1.jpg","pilot identity 'leebo' in legacy context; ship identity matched; shared legacy image reference; legacy First Edition source"
"PILOT-5274E11EAA41","leebo","leebo","""Leebo""","yt2400","rebelalliance","PilotBaseToken","True","clear","1","AST-154CFF68303F3544","generated","105","high","assets/generated/PilotBaseToken/rebelalliance/yt2400/leebo__pilot-5274e11eaa41.png","pilot identity 'leebo' in path; ship identity matched; token and base context"
"PILOT-0C207B0C74CF","maulermithel","maulermithel","""Mauler Mithel""","tiefighter","galacticempire","PilotCard","True","clear","1","AST-DBEA3F914A86C0DE","xwing-data","278","high","assets/source/xwing-data/images/pilots/Galactic Empire/TIE Fighter/mauler-mithel.png","pilot identity 'maulermithel' in path; ship identity matched; faction identity matched; pilot context; individual xwing-data First Edition pilot card; structured xwing-data record matched skill 7, points 17, image 'pilots/Galactic Empire/TIE Fighter/mauler-mithel.png'"
"PILOT-0C207B0C74CF","maulermithel","maulermithel","""Mauler Mithel""","tiefighter","galacticempire","PilotBaseTokenSheet","False","clear","1","AST-3CD8B807B264B81C","legacy1e","112","high","assets/source/legacy1e/steamusercontent-a.akamaihd.net/images/asset__2c21c96d3d0f6df4.png","pilot identity 'maulermithel' in legacy context; ship identity matched; shared legacy image reference; legacy First Edition source"
"PILOT-0C207B0C74CF","maulermithel","maulermithel","""Mauler Mithel""","tiefighter","galacticempire","PilotBaseToken","True","clear","1","AST-C36B4B37C53EAF69","generated","105","high","assets/generated/PilotBaseToken/galacticempire/tiefighter/maulermithel__pilot-0c207b0c74cf.png","pilot identity 'maulermithel' in path; ship identity matched; token and base context"
"PILOT-85511699241B","nightbeast","nightbeast","""Night Beast""","tiefighter","galacticempire","PilotCard","True","clear","1","AST-6240AEB5C43DE41B","xwing-data","278","high","assets/source/xwing-data/images/pilots/Galactic Empire/TIE Fighter/night-beast.png","pilot identity 'nightbeast' in path; ship identity matched; faction identity matched; pilot context; individual xwing-data First Edition pilot card; structured xwing-data record matched skill 5, points 15, image 'pilots/Galactic Empire/TIE Fighter/night-beast.png'"
"PILOT-85511699241B","nightbeast","nightbeast","""Night Beast""","tiefighter","galacticempire","PilotBaseTokenSheet","False","clear","1","AST-A0704921D4C902D6","legacy1e","112","high","assets/source/legacy1e/steamusercontent-a.akamaihd.net/images/asset__9a769a90c445cf85.png","pilot identity 'nightbeast' in legacy context; ship identity matched; shared legacy image reference; legacy First Edition source"
"PILOT-85511699241B","nightbeast","nightbeast","""Night Beast""","tiefighter","galacticempire","PilotBaseToken","True","clear","1","AST-5AD3177181CB9274","generated","105","high","assets/generated/PilotBaseToken/galacticempire/tiefighter/nightbeast__pilot-85511699241b.png","pilot identity 'nightbeast' in path; ship identity matched; token and base context"
"PILOT-2B9E8D56012F","puresabacc","puresabacc","""Pure Sabacc""","tiestriker","galacticempire","PilotCard","True","clear","1","AST-653687808050389C","xwing-data","278","high","assets/source/xwing-data/images/pilots/Galactic Empire/TIE Striker/pure-sabacc.png","pilot identity 'puresabacc' in path; ship identity matched; faction identity matched; pilot context; individual xwing-data First Edition pilot card; structured xwing-data record matched skill 6, points 22, image 'pilots/Galactic Empire/TIE Striker/pure-sabacc.png'"
"PILOT-2B9E8D56012F","puresabacc","puresabacc","""Pure Sabacc""","tiestriker","galacticempire","PilotBaseTokenSheet","False","clear","1","AST-BAE1C3F0325E8660","legacy1e","112","high","assets/source/legacy1e/steamusercontent-a.akamaihd.net/images/asset__2ddee426d5cd4e0a.png","pilot identity 'puresabacc' in legacy context; ship identity matched; shared legacy image reference; legacy First Edition source"
"PILOT-2B9E8D56012F","puresabacc","puresabacc","""Pure Sabacc""","tiestriker","galacticempire","PilotBaseToken","True","clear","1","AST-4C7277F6DA00FCDA","generated","105","high","assets/generated/PilotBaseToken/galacticempire/tiestriker/puresabacc__pilot-2b9e8d56012f.png","pilot identity 'puresabacc' in path; ship identity matched; token and base context"
"PILOT-DD498FAA74C0","quickdraw","quickdraw","""Quickdraw""","tiesffighter","firstorder","PilotCard","True","clear","1","AST-200400CA55E42170","xwing-data","278","high","assets/source/xwing-data/images/pilots/First Order/TIE-sf Fighter/quickdraw.png","pilot identity 'quickdraw' in path; ship identity matched; faction identity matched; pilot context; individual xwing-data First Edition pilot card; structured xwing-data record matched skill 9, points 29, image 'pilots/First Order/TIE-sf Fighter/quickdraw.png'"
"PILOT-DD498FAA74C0","quickdraw","quickdraw","""Quickdraw""","tiesffighter","firstorder","PilotBaseTokenSheet","False","clear","1","AST-2792FF17B692FFDF","legacy1e","100","high","assets/source/legacy1e/steamusercontent-a.akamaihd.net/images/asset__ab8adb2fb4d787ec.png","pilot identity 'quickdraw' in legacy context; shared legacy image reference; legacy First Edition source"
"PILOT-DD498FAA74C0","quickdraw","quickdraw","""Quickdraw""","tiesffighter","firstorder","PilotBaseToken","True","clear","1","AST-86AF4945AB3C74D6","generated","105","high","assets/generated/PilotBaseToken/firstorder/tiesffighter/quickdraw__pilot-dd498faa74c0.png","pilot identity 'quickdraw' in path; ship identity matched; token and base context"
"PILOT-F578A712FB2F","redline","redline","""Redline""","tiepunisher","galacticempire","PilotCard","True","clear","1","AST-DA18C3CABC99B162","xwing-data","278","high","assets/source/xwing-data/images/pilots/Galactic Empire/TIE Punisher/redline.png","pilot identity 'redline' in path; ship identity matched; faction identity matched; pilot context; individual xwing-data First Edition pilot card; structured xwing-data record matched skill 7, points 27, image 'pilots/Galactic Empire/TIE Punisher/redline.png'"
"PILOT-F578A712FB2F","redline","redline","""Redline""","tiepunisher","galacticempire","PilotBaseTokenSheet","False","clear","1","AST-0984543EA367BD1E","legacy1e","112","high","assets/source/legacy1e/steamusercontent-a.akamaihd.net/images/asset__a9a2dd9dc6870c66.jpg","pilot identity 'redline' in legacy context; ship identity matched; shared legacy image reference; legacy First Edition source"
"PILOT-F578A712FB2F","redline","redline","""Redline""","tiepunisher","galacticempire","PilotBaseToken","True","clear","1","AST-6F6798DE87307799","generated","105","high","assets/generated/PilotBaseToken/galacticempire/tiepunisher/redline__pilot-f578a712fb2f.png","pilot identity 'redline' in path; ship identity matched; token and base context"
"PILOT-464E97567D90","vizier","vizier","""Vizier""","tiereaper","galacticempire","PilotCard","True","clear","1","AST-00F647B8802EB0B4","xwing-data","278","high","assets/source/xwing-data/images/pilots/Galactic Empire/TIE Reaper/vizier.png","pilot identity 'vizier' in path; ship identity matched; faction identity matched; pilot context; individual xwing-data First Edition pilot card; structured xwing-data record matched skill 3, points 23, image 'pilots/Galactic Empire/TIE Reaper/vizier.png'"
"PILOT-464E97567D90","vizier","vizier","""Vizier""","tiereaper","galacticempire","PilotBaseTokenSheet","False","clear","1","AST-84DCF87F20E9B5B5","legacy1e","112","high","assets/source/legacy1e/steamusercontent-a.akamaihd.net/images/asset__aebf7e4efc1d2c55.png","pilot identity 'vizier' in legacy context; ship identity matched; shared legacy image reference; legacy First Edition source"
"PILOT-464E97567D90","vizier","vizier","""Vizier""","tiereaper","galacticempire","PilotBaseToken","True","clear","1","AST-D5796C03EA55A888","generated","105","high","assets/generated/PilotBaseToken/galacticempire/tiereaper/vizier__pilot-f55d2fcd7f5d.png","pilot identity 'vizier' in path; ship identity matched; token and base context"
"PILOT-0E6BC4A34F91","wampa","wampa","""Wampa""","tiefighter","galacticempire","PilotCard","True","clear","1","AST-F5A79F113E37F73D","xwing-data","278","high","assets/source/xwing-data/images/pilots/Galactic Empire/TIE Fighter/wampa.png","pilot identity 'wampa' in path; ship identity matched; faction identity matched; pilot context; individual xwing-data First Edition pilot card; structured xwing-data record matched skill 4, points 14, image 'pilots/Galactic Empire/TIE Fighter/wampa.png'"
"PILOT-0E6BC4A34F91","wampa","wampa","""Wampa""","tiefighter","galacticempire","PilotBaseTokenSheet","False","clear","1","AST-7810D67B19270395","legacy1e","112","high","assets/source/legacy1e/steamusercontent-a.akamaihd.net/images/asset__18bbda2defef0191.png","pilot identity 'wampa' in legacy context; ship identity matched; shared legacy image reference; legacy First Edition source"
"PILOT-0E6BC4A34F91","wampa","wampa","""Wampa""","tiefighter","galacticempire","PilotBaseToken","True","clear","1","AST-D655B2BBB653CDFF","generated","105","high","assets/generated/PilotBaseToken/galacticempire/tiefighter/wampa__pilot-0e6bc4a34f91.png","pilot identity 'wampa' in path; ship identity matched; token and base context"
"PILOT-E69C40F49478","whisper","whisper","""Whisper""","tiephantom","galacticempire","PilotCard","True","clear","1","AST-8B66C1411847F7EC","xwing-data","278","high","assets/source/xwing-data/images/pilots/Galactic Empire/TIE Phantom/whisper.png","pilot identity 'whisper' in path; ship identity matched; faction identity matched; pilot context; individual xwing-data First Edition pilot card; structured xwing-data record matched skill 7, points 32, image 'pilots/Galactic Empire/TIE Phantom/whisper.png'"
"PILOT-E69C40F49478","whisper","whisper","""Whisper""","tiephantom","galacticempire","PilotBaseTokenSheet","False","clear","1","AST-8262741C8D683CC1","legacy1e","112","high","assets/source/legacy1e/steamusercontent-a.akamaihd.net/images/asset__1ea8b35fc299dd61.jpg","pilot identity 'whisper' in legacy context; ship identity matched; shared legacy image reference; legacy First Edition source"
"PILOT-E69C40F49478","whisper","whisper","""Whisper""","tiephantom","galacticempire","PilotBaseToken","True","clear","1","AST-FD5BC62825CB51AB","generated","105","high","assets/generated/PilotBaseToken/galacticempire/tiephantom/whisper__pilot-e69c40f49478.png","pilot identity 'whisper' in path; ship identity matched; token and base context"
"PILOT-919CB508CC2A","zeborrelios","zeborrelios","""Zeb"" Orrelios","attackshuttle","rebelalliance","PilotCard","True","clear","1","AST-0DB9BA5F1F79178A","xwing-data","278","high","assets/source/xwing-data/images/pilots/Rebel Alliance/Attack Shuttle/zeb-orrelios.png","pilot identity 'zeborrelios' in path; ship identity matched; faction identity matched; pilot context; individual xwing-data First Edition pilot card; structured xwing-data record matched skill 3, points 18, image 'pilots/Rebel Alliance/Attack Shuttle/zeb-orrelios.png'"
"PILOT-919CB508CC2A","zeborrelios","zeborrelios","""Zeb"" Orrelios","attackshuttle","rebelalliance","PilotCard","True","clear","2","AST-8E561CC0C1EFB831","xwing-data","146","high","assets/source/xwing-data/images/pilots/Rebel Alliance/Sheathipede-class Shuttle/zeb-orrelios.png","pilot identity 'zeborrelios' in path; faction identity matched; pilot context; individual xwing-data First Edition pilot card"
"PILOT-919CB508CC2A","zeborrelios","zeborrelios","""Zeb"" Orrelios","attackshuttle","rebelalliance","PilotCard","True","clear","3","AST-8675603FAAD7FAC0","xwing-data","146","high","assets/source/xwing-data/images/pilots/Rebel Alliance/TIE Fighter/zeb-orrelios.png","pilot identity 'zeborrelios' in path; faction identity matched; pilot context; individual xwing-data First Edition pilot card"
"PILOT-919CB508CC2A","zeborrelios","zeborrelios","""Zeb"" Orrelios","attackshuttle","rebelalliance","PilotBaseTokenSheet","False","clear","1","AST-76196BFC64DA12C8","legacy1e","1000","manual","assets/source/legacy1e/steamusercontent-a.akamaihd.net/images/asset__27a89001f714f298.jpg","manually approved pilot token sheet"
"PILOT-919CB508CC2A","zeborrelios","zeborrelios","""Zeb"" Orrelios","attackshuttle","rebelalliance","PilotBaseToken","True","review","1","AST-6986DB38E08F2600","generated","105","high","assets/generated/PilotBaseToken/rebelalliance/attackshuttle/zeborrelios__pilot-919cb508cc2a.png","pilot identity 'zeborrelios' in path; ship identity matched; token and base context"
"PILOT-919CB508CC2A","zeborrelios","zeborrelios","""Zeb"" Orrelios","attackshuttle","rebelalliance","PilotBaseToken","True","review","2","AST-BD6AB90CCDF81045","generated","93","high","assets/generated/PilotBaseToken/rebelalliance/sheathipedeclassshuttle/zeborrelios__pilot-6252cb094efa.png","pilot identity 'zeborrelios' in path; token and base context"
"PILOT-919CB508CC2A","zeborrelios","zeborrelios","""Zeb"" Orrelios","attackshuttle","rebelalliance","PilotBaseToken","True","review","3","AST-A9BB772169C38F55","generated","93","high","assets/generated/PilotBaseToken/rebelalliance/tiefighter/zeborrelios__pilot-6a68adf29bda.png","pilot identity 'zeborrelios' in path; token and base context"
"PILOT-6252CB094EFA","zeborrelios-sheathipedeclassshuttle","zeborrelios","""Zeb"" Orrelios","sheathipedeclassshuttle","rebelalliance","PilotCard","True","clear","1","AST-8E561CC0C1EFB831","xwing-data","278","high","assets/source/xwing-data/images/pilots/Rebel Alliance/Sheathipede-class Shuttle/zeb-orrelios.png","pilot identity 'zeborrelios' in path; ship identity matched; faction identity matched; pilot context; individual xwing-data First Edition pilot card; structured xwing-data record matched skill 3, points 16, image 'pilots/Rebel Alliance/Sheathipede-class Shuttle/zeb-orrelios.png'"
"PILOT-6252CB094EFA","zeborrelios-sheathipedeclassshuttle","zeborrelios","""Zeb"" Orrelios","sheathipedeclassshuttle","rebelalliance","PilotCard","True","clear","2","AST-0DB9BA5F1F79178A","xwing-data","146","high","assets/source/xwing-data/images/pilots/Rebel Alliance/Attack Shuttle/zeb-orrelios.png","pilot identity 'zeborrelios' in path; faction identity matched; pilot context; individual xwing-data First Edition pilot card"
"PILOT-6252CB094EFA","zeborrelios-sheathipedeclassshuttle","zeborrelios","""Zeb"" Orrelios","sheathipedeclassshuttle","rebelalliance","PilotCard","True","clear","3","AST-8675603FAAD7FAC0","xwing-data","146","high","assets/source/xwing-data/images/pilots/Rebel Alliance/TIE Fighter/zeb-orrelios.png","pilot identity 'zeborrelios' in path; faction identity matched; pilot context; individual xwing-data First Edition pilot card"
"PILOT-6252CB094EFA","zeborrelios-sheathipedeclassshuttle","zeborrelios","""Zeb"" Orrelios","sheathipedeclassshuttle","rebelalliance","PilotBaseTokenSheet","False","clear","1","AST-1E399FB660D9892E","legacy1e","1000","manual","assets/source/legacy1e/steamusercontent-a.akamaihd.net/images/asset__4267f6573a9e0524.jpg","manually approved pilot token sheet"
"PILOT-6252CB094EFA","zeborrelios-sheathipedeclassshuttle","zeborrelios","""Zeb"" Orrelios","sheathipedeclassshuttle","rebelalliance","PilotBaseToken","True","review","1","AST-BD6AB90CCDF81045","generated","105","high","assets/generated/PilotBaseToken/rebelalliance/sheathipedeclassshuttle/zeborrelios__pilot-6252cb094efa.png","pilot identity 'zeborrelios' in path; ship identity matched; token and base context"
"PILOT-6252CB094EFA","zeborrelios-sheathipedeclassshuttle","zeborrelios","""Zeb"" Orrelios","sheathipedeclassshuttle","rebelalliance","PilotBaseToken","True","review","2","AST-6986DB38E08F2600","generated","93","high","assets/generated/PilotBaseToken/rebelalliance/attackshuttle/zeborrelios__pilot-919cb508cc2a.png","pilot identity 'zeborrelios' in path; token and base context"
"PILOT-6252CB094EFA","zeborrelios-sheathipedeclassshuttle","zeborrelios","""Zeb"" Orrelios","sheathipedeclassshuttle","rebelalliance","PilotBaseToken","True","review","3","AST-A9BB772169C38F55","generated","93","high","assets/generated/PilotBaseToken/rebelalliance/tiefighter/zeborrelios__pilot-6a68adf29bda.png","pilot identity 'zeborrelios' in path; token and base context"
"PILOT-6A68ADF29BDA","zeborrelios-tielnfighter","zeborrelios","""Zeb"" Orrelios","tiefighter","rebelalliance","PilotCard","True","clear","1","AST-8675603FAAD7FAC0","xwing-data","278","high","assets/source/xwing-data/images/pilots/Rebel Alliance/TIE Fighter/zeb-orrelios.png","pilot identity 'zeborrelios' in path; ship identity matched; faction identity matched; pilot context; individual xwing-data First Edition pilot card; structured xwing-data record matched skill 3, points 13, image 'pilots/Rebel Alliance/TIE Fighter/zeb-orrelios.png'"
"PILOT-6A68ADF29BDA","zeborrelios-tielnfighter","zeborrelios","""Zeb"" Orrelios","tiefighter","rebelalliance","PilotCard","True","clear","2","AST-0DB9BA5F1F79178A","xwing-data","146","high","assets/source/xwing-data/images/pilots/Rebel Alliance/Attack Shuttle/zeb-orrelios.png","pilot identity 'zeborrelios' in path; faction identity matched; pilot context; individual xwing-data First Edition pilot card"
"PILOT-6A68ADF29BDA","zeborrelios-tielnfighter","zeborrelios","""Zeb"" Orrelios","tiefighter","rebelalliance","PilotCard","True","clear","3","AST-8E561CC0C1EFB831","xwing-data","146","high","assets/source/xwing-data/images/pilots/Rebel Alliance/Sheathipede-class Shuttle/zeb-orrelios.png","pilot identity 'zeborrelios' in path; faction identity matched; pilot context; individual xwing-data First Edition pilot card"
"PILOT-6A68ADF29BDA","zeborrelios-tielnfighter","zeborrelios","""Zeb"" Orrelios","tiefighter","rebelalliance","PilotBaseTokenSheet","False","clear","1","AST-EF97AAF7DCC92D4B","legacy1e","1000","manual","assets/source/legacy1e/steamusercontent-a.akamaihd.net/other/asset__b80f8b192eeb9801.png","manually approved pilot token sheet"
"PILOT-6A68ADF29BDA","zeborrelios-tielnfighter","zeborrelios","""Zeb"" Orrelios","tiefighter","rebelalliance","PilotBaseToken","True","review","1","AST-A9BB772169C38F55","generated","105","high","assets/generated/PilotBaseToken/rebelalliance/tiefighter/zeborrelios__pilot-6a68adf29bda.png","pilot identity 'zeborrelios' in path; ship identity matched; token and base context"
"PILOT-6A68ADF29BDA","zeborrelios-tielnfighter","zeborrelios","""Zeb"" Orrelios","tiefighter","rebelalliance","PilotBaseToken","True","review","2","AST-6986DB38E08F2600","generated","93","high","assets/generated/PilotBaseToken/rebelalliance/attackshuttle/zeborrelios__pilot-919cb508cc2a.png","pilot identity 'zeborrelios' in path; token and base context"
"PILOT-6A68ADF29BDA","zeborrelios-tielnfighter","zeborrelios","""Zeb"" Orrelios","tiefighter","rebelalliance","PilotBaseToken","True","review","3","AST-BD6AB90CCDF81045","generated","93","high","assets/generated/PilotBaseToken/rebelalliance/sheathipedeclassshuttle/zeborrelios__pilot-6252cb094efa.png","pilot identity 'zeborrelios' in path; token and base context"
"PILOT-3ACC0B4A3795","4lom","4lom","4-LOM","g1astarfighter","scumandvillainy","PilotCard","True","clear","1","AST-91E539DB40559F0D","xwing-data","278","high","assets/source/xwing-data/images/pilots/Scum and Villainy/G-1A Starfighter/4-lom.png","pilot identity '4lom' in path; ship identity matched; faction identity matched; pilot context; individual xwing-data First Edition pilot card; structured xwing-data record matched skill 6, points 27, image 'pilots/Scum and Villainy/G-1A Starfighter/4-lom.png'"
"PILOT-3ACC0B4A3795","4lom","4lom","4-LOM","g1astarfighter","scumandvillainy","PilotBaseTokenSheet","False","clear","1","AST-3F7A00C7B63D3594","legacy1e","112","high","assets/source/legacy1e/steamusercontent-a.akamaihd.net/images/asset__588199dc62ebbe1e.jpg","pilot identity '4lom' in legacy context; ship identity matched; shared legacy image reference; legacy First Edition source"
"PILOT-3ACC0B4A3795","4lom","4lom","4-LOM","g1astarfighter","scumandvillainy","PilotBaseToken","True","clear","1","AST-675E61E911966E55","generated","105","high","assets/generated/PilotBaseToken/scumandvillainy/g1astarfighter/4lom__pilot-3acc0b4a3795.png","pilot identity '4lom' in path; ship identity matched; token and base context"
"PILOT-DA5161BA5569","academypilot","academypilot","Academy Pilot","tiefighter","galacticempire","PilotCard","True","clear","1","AST-2EB4B6C820F337D0","xwing-data","278","high","assets/source/xwing-data/images/pilots/Galactic Empire/TIE Fighter/academy-pilot.png","pilot identity 'academypilot' in path; ship identity matched; faction identity matched; pilot context; individual xwing-data First Edition pilot card; structured xwing-data record matched skill 1, points 12, image 'pilots/Galactic Empire/TIE Fighter/academy-pilot.png'"
"PILOT-DA5161BA5569","academypilot","academypilot","Academy Pilot","tiefighter","galacticempire","PilotBaseTokenSheet","False","clear","1","AST-0E38D44E9D15BA42","legacy1e","112","high","assets/source/legacy1e/steamusercontent-a.akamaihd.net/images/asset__6a0c60074efb9f5c.png","pilot identity 'academypilot' in legacy context; ship identity matched; shared legacy image reference; legacy First Edition source"
"PILOT-DA5161BA5569","academypilot","academypilot","Academy Pilot","tiefighter","galacticempire","PilotBaseToken","True","clear","1","AST-8EC9D57CBDC1D058","generated","105","high","assets/generated/PilotBaseToken/galacticempire/tiefighter/academypilot__pilot-da5161ba5569.png","pilot identity 'academypilot' in path; ship identity matched; token and base context"
"PILOT-5A913DE74C65","airencracken","airencracken","Airen Cracken","z95headhunter","rebelalliance","PilotCard","True","clear","1","AST-9C86B445F150D1DB","xwing-data","278","high","assets/source/xwing-data/images/pilots/Rebel Alliance/Z-95 Headhunter/airen-cracken.png","pilot identity 'airencracken' in path; ship identity matched; faction identity matched; pilot context; individual xwing-data First Edition pilot card; structured xwing-data record matched skill 8, points 19, image 'pilots/Rebel Alliance/Z-95 Headhunter/airen-cracken.png'"
"PILOT-5A913DE74C65","airencracken","airencracken","Airen Cracken","z95headhunter","rebelalliance","PilotBaseTokenSheet","False","clear","1","AST-E6570DD33FDD7CBA","legacy1e","112","high","assets/source/legacy1e/steamusercontent-a.akamaihd.net/images/asset__c4a6b653de4bd51e.jpg","pilot identity 'airencracken' in legacy context; ship identity matched; shared legacy image reference; legacy First Edition source"
"PILOT-5A913DE74C65","airencracken","airencracken","Airen Cracken","z95headhunter","rebelalliance","PilotBaseToken","True","clear","1","AST-8B802818FCE69FCE","generated","105","high","assets/generated/PilotBaseToken/rebelalliance/z95headhunter/airencracken__pilot-5a913de74c65.png","pilot identity 'airencracken' in path; ship identity matched; token and base context"
"PILOT-8B20DCC32738","alphasquadronpilot","alphasquadronpilot","Alpha Squadron Pilot","tieinterceptor","galacticempire","PilotCard","True","clear","1","AST-F77F096759707F7A","xwing-data","278","high","assets/source/xwing-data/images/pilots/Galactic Empire/TIE Interceptor/alpha-squadron-pilot.png","pilot identity 'alphasquadronpilot' in path; ship identity matched; faction identity matched; pilot context; individual xwing-data First Edition pilot card; structured xwing-data record matched skill 1, points 18, image 'pilots/Galactic Empire/TIE Interceptor/alpha-squadron-pilot.png'"
"PILOT-8B20DCC32738","alphasquadronpilot","alphasquadronpilot","Alpha Squadron Pilot","tieinterceptor","galacticempire","PilotBaseTokenSheet","False","clear","1","AST-819F67CEFA4C04CB","legacy1e","112","high","assets/source/legacy1e/steamusercontent-a.akamaihd.net/images/asset__26d4850cfab22457.jpg","pilot identity 'alphasquadronpilot' in legacy context; ship identity matched; shared legacy image reference; legacy First Edition source"
"PILOT-8B20DCC32738","alphasquadronpilot","alphasquadronpilot","Alpha Squadron Pilot","tieinterceptor","galacticempire","PilotBaseToken","True","clear","1","AST-7415A41848E9B8DE","generated","105","high","assets/generated/PilotBaseToken/galacticempire/tieinterceptor/alphasquadronpilot__pilot-8b20dcc32738.png","pilot identity 'alphasquadronpilot' in path; ship identity matched; token and base context"
"PILOT-24EED7FB9599","ap5","ap5","AP-5","sheathipedeclassshuttle","rebelalliance","PilotCard","True","clear","1","AST-3A49CA82CEAB5DD5","xwing-data","278","high","assets/source/xwing-data/images/pilots/Rebel Alliance/Sheathipede-class Shuttle/ap-5.png","pilot identity 'ap5' in path; ship identity matched; faction identity matched; pilot context; individual xwing-data First Edition pilot card; structured xwing-data record matched skill 1, points 15, image 'pilots/Rebel Alliance/Sheathipede-class Shuttle/ap-5.png'"
"PILOT-24EED7FB9599","ap5","ap5","AP-5","sheathipedeclassshuttle","rebelalliance","PilotBaseTokenSheet","False","clear","1","AST-07EEAAA7DDD3D1A5","legacy1e","1000","manual","assets/source/legacy1e/steamusercontent-a.akamaihd.net/images/asset__1ce28bfa8588d1c0.jpg","manually approved pilot token sheet"
"PILOT-24EED7FB9599","ap5","ap5","AP-5","sheathipedeclassshuttle","rebelalliance","PilotBaseToken","True","clear","1","AST-8D0D2B668979F912","generated","105","high","assets/generated/PilotBaseToken/rebelalliance/sheathipedeclassshuttle/ap5__pilot-24eed7fb9599.png","pilot identity 'ap5' in path; ship identity matched; token and base context"
"PILOT-ABFC7C17FCAC","arvelcrynyd","arvelcrynyd","Arvel Crynyd","awing","rebelalliance","PilotCard","True","clear","1","AST-B9958FFA681399C0","xwing-data","278","high","assets/source/xwing-data/images/pilots/Rebel Alliance/A-wing/arvel-crynyd.png","pilot identity 'arvelcrynyd' in path; ship identity matched; faction identity matched; pilot context; individual xwing-data First Edition pilot card; structured xwing-data record matched skill 6, points 23, image 'pilots/Rebel Alliance/A-wing/arvel-crynyd.png'"
"PILOT-ABFC7C17FCAC","arvelcrynyd","arvelcrynyd","Arvel Crynyd","awing","rebelalliance","PilotBaseTokenSheet","False","clear","1","AST-FC20EA1543BE6121","legacy1e","112","high","assets/source/legacy1e/steamusercontent-a.akamaihd.net/images/asset__b9071ee9ca4d83b5.jpg","pilot identity 'arvelcrynyd' in legacy context; ship identity matched; shared legacy image reference; legacy First Edition source"
"PILOT-ABFC7C17FCAC","arvelcrynyd","arvelcrynyd","Arvel Crynyd","awing","rebelalliance","PilotBaseToken","True","clear","1","AST-AF46A29CD8899D8F","generated","105","high","assets/generated/PilotBaseToken/rebelalliance/awing/arvelcrynyd__pilot-abfc7c17fcac.png","pilot identity 'arvelcrynyd' in path; ship identity matched; token and base context"
"PILOT-E73EEF28DBC2","asajjventress","asajjventress","Asajj Ventress","lancerclasspursuitcraft","scumandvillainy","PilotCard","True","clear","1","AST-FFCFB6B25104C06C","xwing-data","278","high","assets/source/xwing-data/images/pilots/Scum and Villainy/Lancer-class Pursuit Craft/asajj-ventress.png","pilot identity 'asajjventress' in path; ship identity matched; faction identity matched; pilot context; individual xwing-data First Edition pilot card; structured xwing-data record matched skill 6, points 37, image 'pilots/Scum and Villainy/Lancer-class Pursuit Craft/asajj-ventress.png'"
"PILOT-E73EEF28DBC2","asajjventress","asajjventress","Asajj Ventress","lancerclasspursuitcraft","scumandvillainy","PilotBaseTokenSheet","False","clear","1","AST-6DA3D52EF8042A0D","legacy1e","112","high","assets/source/legacy1e/steamusercontent-a.akamaihd.net/images/asset__a001fb6c459d02b9.png","pilot identity 'asajjventress' in legacy context; ship identity matched; shared legacy image reference; legacy First Edition source"
"PILOT-E73EEF28DBC2","asajjventress","asajjventress","Asajj Ventress","lancerclasspursuitcraft","scumandvillainy","PilotBaseToken","True","clear","1","AST-BCA47B12555B7536","generated","105","high","assets/generated/PilotBaseToken/scumandvillainy/lancerclasspursuitcraft/asajjventress__pilot-e73eef28dbc2.png","pilot identity 'asajjventress' in path; ship identity matched; token and base context"
"PILOT-0EB1111C98FA","banditsquadronpilot","banditsquadronpilot","Bandit Squadron Pilot","z95headhunter","rebelalliance","PilotCard","True","clear","1","AST-FB4D7C1EDA01A074","xwing-data","278","high","assets/source/xwing-data/images/pilots/Rebel Alliance/Z-95 Headhunter/bandit-squadron-pilot.png","pilot identity 'banditsquadronpilot' in path; ship identity matched; faction identity matched; pilot context; individual xwing-data First Edition pilot card; structured xwing-data record matched skill 2, points 12, image 'pilots/Rebel Alliance/Z-95 Headhunter/bandit-squadron-pilot.png'"
"PILOT-0EB1111C98FA","banditsquadronpilot","banditsquadronpilot","Bandit Squadron Pilot","z95headhunter","rebelalliance","PilotBaseTokenSheet","False","clear","1","AST-14EEF94E219E80C5","legacy1e","112","high","assets/source/legacy1e/steamusercontent-a.akamaihd.net/images/asset__31c8025202b87472.jpg","pilot identity 'banditsquadronpilot' in legacy context; ship identity matched; shared legacy image reference; legacy First Edition source"
"PILOT-0EB1111C98FA","banditsquadronpilot","banditsquadronpilot","Bandit Squadron Pilot","z95headhunter","rebelalliance","PilotBaseToken","True","clear","1","AST-44DD681DD83D483A","generated","105","high","assets/generated/PilotBaseToken/rebelalliance/z95headhunter/banditsquadronpilot__pilot-0eb1111c98fa.png","pilot identity 'banditsquadronpilot' in path; ship identity matched; token and base context"
"PILOT-65747E26907E","baronoftheempire","baronoftheempire","Baron of the Empire","tieadvprototype","galacticempire","PilotCard","True","clear","1","AST-FBA7DCE6BDF9849D","xwing-data","278","high","assets/source/xwing-data/images/pilots/Galactic Empire/TIE Adv. Prototype/baron-of-the-empire.png","pilot identity 'baronoftheempire' in path; ship identity matched; faction identity matched; pilot context; individual xwing-data First Edition pilot card; structured xwing-data record matched skill 4, points 19, image 'pilots/Galactic Empire/TIE Adv. Prototype/baron-of-the-empire.png'"
"PILOT-65747E26907E","baronoftheempire","baronoftheempire","Baron of the Empire","tieadvprototype","galacticempire","PilotBaseTokenSheet","False","clear","1","AST-D0EFE68BEC83E69E","legacy1e","112","high","assets/source/legacy1e/steamusercontent-a.akamaihd.net/images/asset__222fd202161556fa.jpg","pilot identity 'baronoftheempire' in legacy context; ship identity matched; shared legacy image reference; legacy First Edition source"
"PILOT-65747E26907E","baronoftheempire","baronoftheempire","Baron of the Empire","tieadvprototype","galacticempire","PilotBaseToken","True","clear","1","AST-6BE4A2178F8E276D","generated","105","high","assets/generated/PilotBaseToken/galacticempire/tieadvprototype/baronoftheempire__pilot-65747e26907e.png","pilot identity 'baronoftheempire' in path; ship identity matched; token and base context"
"PILOT-69DC976B7248","benthictwotubes","benthictwotubes","Benthic Two Tubes","uwing","rebelalliance","PilotCard","True","clear","1","AST-A1CC9CC09F256D9B","xwing-data","278","high","assets/source/xwing-data/images/pilots/Rebel Alliance/U-wing/benthic-two-tubes.png","pilot identity 'benthictwotubes' in path; ship identity matched; faction identity matched; pilot context; individual xwing-data First Edition pilot card; structured xwing-data record matched skill 4, points 24, image 'pilots/Rebel Alliance/U-wing/benthic-two-tubes.png'"
"PILOT-69DC976B7248","benthictwotubes","benthictwotubes","Benthic Two Tubes","uwing","rebelalliance","PilotBaseTokenSheet","False","clear","1","AST-EF60CDF65BDF6CC2","legacy1e","100","high","assets/source/legacy1e/steamusercontent-a.akamaihd.net/images/asset__3c511d937f9cfc39.png","pilot identity 'benthictwotubes' in legacy context; shared legacy image reference; legacy First Edition source"
"PILOT-69DC976B7248","benthictwotubes","benthictwotubes","Benthic Two Tubes","uwing","rebelalliance","PilotBaseToken","True","clear","1","AST-CBF9C0CCE6CC8F65","generated","105","high","assets/generated/PilotBaseToken/rebelalliance/uwing/benthictwotubes__pilot-69dc976b7248.png","pilot identity 'benthictwotubes' in path; ship identity matched; token and base context"
"PILOT-6E45DDA6A55F","biggsdarklighter","biggsdarklighter","Biggs Darklighter","xwing","rebelalliance","PilotCard","True","clear","1","AST-7A8CF2E3C5CC3162","xwing-data","278","high","assets/source/xwing-data/images/pilots/Rebel Alliance/X-wing/biggs-darklighter.png","pilot identity 'biggsdarklighter' in path; ship identity matched; faction identity matched; pilot context; individual xwing-data First Edition pilot card; structured xwing-data record matched skill 5, points 25, image 'pilots/Rebel Alliance/X-wing/biggs-darklighter.png'"
"PILOT-6E45DDA6A55F","biggsdarklighter","biggsdarklighter","Biggs Darklighter","xwing","rebelalliance","PilotBaseTokenSheet","False","clear","1","AST-DDF0DBD70CB28186","legacy1e","112","high","assets/source/legacy1e/steamusercontent-a.akamaihd.net/images/asset__de7f7833467986a1.jpg","pilot identity 'biggsdarklighter' in legacy context; ship identity matched; shared legacy image reference; legacy First Edition source"
"PILOT-6E45DDA6A55F","biggsdarklighter","biggsdarklighter","Biggs Darklighter","xwing","rebelalliance","PilotBaseToken","True","clear","1","AST-632696C2D88D3BB9","generated","105","high","assets/generated/PilotBaseToken/rebelalliance/xwing/biggsdarklighter__pilot-6e45dda6a55f.png","pilot identity 'biggsdarklighter' in path; ship identity matched; token and base context"
"PILOT-75CA1AC0B24B","binayrepirate","binayrepirate","Binayre Pirate","z95headhunter","scumandvillainy","PilotCard","True","clear","1","AST-E2EBFF3CDF28F4EF","xwing-data","278","high","assets/source/xwing-data/images/pilots/Scum and Villainy/Z-95 Headhunter/binayre-pirate.png","pilot identity 'binayrepirate' in path; ship identity matched; faction identity matched; pilot context; individual xwing-data First Edition pilot card; structured xwing-data record matched skill 1, points 12, image 'pilots/Scum and Villainy/Z-95 Headhunter/binayre-pirate.png'"
"PILOT-75CA1AC0B24B","binayrepirate","binayrepirate","Binayre Pirate","z95headhunter","scumandvillainy","PilotBaseTokenSheet","False","clear","1","AST-73390B056214CB5C","legacy1e","112","high","assets/source/legacy1e/steamusercontent-a.akamaihd.net/images/asset__f2685b96e319f2dc.jpg","pilot identity 'binayrepirate' in legacy context; ship identity matched; shared legacy image reference; legacy First Edition source"
"PILOT-75CA1AC0B24B","binayrepirate","binayrepirate","Binayre Pirate","z95headhunter","scumandvillainy","PilotBaseToken","True","clear","1","AST-B8A530A5361287A7","generated","105","high","assets/generated/PilotBaseToken/scumandvillainy/z95headhunter/binayrepirate__pilot-75ca1ac0b24b.png","pilot identity 'binayrepirate' in path; ship identity matched; token and base context"
"PILOT-6382835EA36B","blacksquadronscout","blacksquadronscout","Black Squadron Scout","tiestriker","galacticempire","PilotCard","True","clear","1","AST-07B3A5D1054B7380","xwing-data","278","high","assets/source/xwing-data/images/pilots/Galactic Empire/TIE Striker/black-squadron-scout.png","pilot identity 'blacksquadronscout' in path; ship identity matched; faction identity matched; pilot context; individual xwing-data First Edition pilot card; structured xwing-data record matched skill 4, points 20, image 'pilots/Galactic Empire/TIE Striker/black-squadron-scout.png'"
"PILOT-6382835EA36B","blacksquadronscout","blacksquadronscout","Black Squadron Scout","tiestriker","galacticempire","PilotBaseTokenSheet","False","clear","1","AST-EF9E27B8AFD84953","legacy1e","112","high","assets/source/legacy1e/steamusercontent-a.akamaihd.net/images/asset__6938d04d38918f0f.png","pilot identity 'blacksquadronscout' in legacy context; ship identity matched; shared legacy image reference; legacy First Edition source"
"PILOT-6382835EA36B","blacksquadronscout","blacksquadronscout","Black Squadron Scout","tiestriker","galacticempire","PilotBaseToken","True","clear","1","AST-6E5D43B019C1BAE9","generated","105","high","assets/generated/PilotBaseToken/galacticempire/tiestriker/blacksquadronscout__pilot-6382835ea36b.png","pilot identity 'blacksquadronscout' in path; ship identity matched; token and base context"
"PILOT-47BE7DD4C303","blacksunace","blacksunace","Black Sun Ace","kihraxzfighter","scumandvillainy","PilotCard","True","clear","1","AST-A4B96E77C1E3C478","xwing-data","278","high","assets/source/xwing-data/images/pilots/Scum and Villainy/Kihraxz Fighter/black-sun-ace.png","pilot identity 'blacksunace' in path; ship identity matched; faction identity matched; pilot context; individual xwing-data First Edition pilot card; structured xwing-data record matched skill 5, points 23, image 'pilots/Scum and Villainy/Kihraxz Fighter/black-sun-ace.png'"
"PILOT-47BE7DD4C303","blacksunace","blacksunace","Black Sun Ace","kihraxzfighter","scumandvillainy","PilotBaseTokenSheet","False","clear","1","AST-08A72E2763F8E1AB","legacy1e","1000","manual","assets/source/legacy1e/steamusercontent-a.akamaihd.net/images/asset__6dda404247201f0c.png","manually approved pilot token sheet"
"PILOT-47BE7DD4C303","blacksunace","blacksunace","Black Sun Ace","kihraxzfighter","scumandvillainy","PilotBaseToken","True","clear","1","AST-D5B68593D78D170A","generated","105","high","assets/generated/PilotBaseToken/scumandvillainy/kihraxzfighter/blacksunace__pilot-47be7dd4c303.png","pilot identity 'blacksunace' in path; ship identity matched; token and base context"
"PILOT-E8E9694B8D34","blacksunassassin","blacksunassassin","Black Sun Assassin","starviper","scumandvillainy","PilotCard","True","clear","1","AST-C5CFBBC15156171B","xwing-data","278","high","assets/source/xwing-data/images/pilots/Scum and Villainy/StarViper/black-sun-assassin.png","pilot identity 'blacksunassassin' in path; ship identity matched; faction identity matched; pilot context; individual xwing-data First Edition pilot card; structured xwing-data record matched skill 5, points 28, image 'pilots/Scum and Villainy/StarViper/black-sun-assassin.png'"
"PILOT-E8E9694B8D34","blacksunassassin","blacksunassassin","Black Sun Assassin","starviper","scumandvillainy","PilotBaseTokenSheet","False","clear","1","AST-1E5B0686AD3BC00F","legacy1e","1000","manual","assets/source/legacy1e/steamusercontent-a.akamaihd.net/images/asset__69f4ecd608d361bf.png","manually approved pilot token sheet"
"PILOT-E8E9694B8D34","blacksunassassin","blacksunassassin","Black Sun Assassin","starviper","scumandvillainy","PilotBaseToken","True","clear","1","AST-F560E5ACA4E25C4A","generated","105","high","assets/generated/PilotBaseToken/scumandvillainy/starviper/blacksunassassin__pilot-e8e9694b8d34.png","pilot identity 'blacksunassassin' in path; ship identity matched; token and base context"
"PILOT-F72AA964C4DE","blacksunenforcer","blacksunenforcer","Black Sun Enforcer","starviper","scumandvillainy","PilotCard","True","clear","1","AST-1FC184185245A6FB","xwing-data","278","high","assets/source/xwing-data/images/pilots/Scum and Villainy/StarViper/black-sun-enforcer.png","pilot identity 'blacksunenforcer' in path; ship identity matched; faction identity matched; pilot context; individual xwing-data First Edition pilot card; structured xwing-data record matched skill 1, points 25, image 'pilots/Scum and Villainy/StarViper/black-sun-enforcer.png'"
"PILOT-F72AA964C4DE","blacksunenforcer","blacksunenforcer","Black Sun Enforcer","starviper","scumandvillainy","PilotBaseTokenSheet","False","clear","1","AST-7C72A2FF7A8EC2D4","legacy1e","112","high","assets/source/legacy1e/steamusercontent-a.akamaihd.net/images/asset__b9e58f63e4cb7887.jpg","pilot identity 'blacksunenforcer' in legacy context; ship identity matched; shared legacy image reference; legacy First Edition source"
"PILOT-F72AA964C4DE","blacksunenforcer","blacksunenforcer","Black Sun Enforcer","starviper","scumandvillainy","PilotBaseToken","True","clear","1","AST-91946484DC24E83F","generated","105","high","assets/generated/PilotBaseToken/scumandvillainy/starviper/blacksunenforcer__pilot-f72aa964c4de.png","pilot identity 'blacksunenforcer' in path; ship identity matched; token and base context"
"PILOT-E244DBA12DC6","blacksunsoldier","blacksunsoldier","Black Sun Soldier","z95headhunter","scumandvillainy","PilotCard","True","clear","1","AST-F0FABC68876578E9","xwing-data","278","high","assets/source/xwing-data/images/pilots/Scum and Villainy/Z-95 Headhunter/black-sun-soldier.png","pilot identity 'blacksunsoldier' in path; ship identity matched; faction identity matched; pilot context; individual xwing-data First Edition pilot card; structured xwing-data record matched skill 3, points 13, image 'pilots/Scum and Villainy/Z-95 Headhunter/black-sun-soldier.png'"
"PILOT-E244DBA12DC6","blacksunsoldier","blacksunsoldier","Black Sun Soldier","z95headhunter","scumandvillainy","PilotBaseTokenSheet","False","clear","1","AST-28B50648F4E23878","legacy1e","112","high","assets/source/legacy1e/steamusercontent-a.akamaihd.net/images/asset__6feb9e8d6d3b24e9.jpg","pilot identity 'blacksunsoldier' in legacy context; ship identity matched; shared legacy image reference; legacy First Edition source"
"PILOT-E244DBA12DC6","blacksunsoldier","blacksunsoldier","Black Sun Soldier","z95headhunter","scumandvillainy","PilotBaseToken","True","clear","1","AST-53FA2174731075A6","generated","105","high","assets/generated/PilotBaseToken/scumandvillainy/z95headhunter/blacksunsoldier__pilot-e244dba12dc6.png","pilot identity 'blacksunsoldier' in path; ship identity matched; token and base context"
"PILOT-6796D62E5DC1","bluesquadronpilot","bluesquadronpilot","Blue Squadron Pilot","bwing","rebelalliance","PilotCard","True","clear","1","AST-F4DFAAFC28344FC1","xwing-data","278","high","assets/source/xwing-data/images/pilots/Rebel Alliance/B-wing/blue-squadron-pilot.png","pilot identity 'bluesquadronpilot' in path; ship identity matched; faction identity matched; pilot context; individual xwing-data First Edition pilot card; structured xwing-data record matched skill 2, points 22, image 'pilots/Rebel Alliance/B-wing/blue-squadron-pilot.png'"
"PILOT-6796D62E5DC1","bluesquadronpilot","bluesquadronpilot","Blue Squadron Pilot","bwing","rebelalliance","PilotBaseTokenSheet","False","clear","1","AST-CC38EFFF529D1C26","legacy1e","112","high","assets/source/legacy1e/steamusercontent-a.akamaihd.net/images/asset__825891661acc77de.png","pilot identity 'bluesquadronpilot' in legacy context; ship identity matched; shared legacy image reference; legacy First Edition source"
"PILOT-6796D62E5DC1","bluesquadronpilot","bluesquadronpilot","Blue Squadron Pilot","bwing","rebelalliance","PilotBaseToken","True","clear","1","AST-623D6B467144B53F","generated","105","high","assets/generated/PilotBaseToken/rebelalliance/bwing/bluesquadronpilot__pilot-6796d62e5dc1.png","pilot identity 'bluesquadronpilot' in path; ship identity matched; token and base context"
"PILOT-8A5CA1DCCBEA","bobafett","bobafett","Boba Fett","firespray31","scumandvillainy","PilotCard","True","clear","1","AST-79BCF5889BA8AC7A","xwing-data","278","high","assets/source/xwing-data/images/pilots/Scum and Villainy/Firespray-31/boba-fett.png","pilot identity 'bobafett' in path; ship identity matched; faction identity matched; pilot context; individual xwing-data First Edition pilot card; structured xwing-data record matched skill 8, points 39, image 'pilots/Scum and Villainy/Firespray-31/boba-fett.png'"
"PILOT-8A5CA1DCCBEA","bobafett","bobafett","Boba Fett","firespray31","scumandvillainy","PilotCard","True","clear","2","AST-0C202D74F3F023EF","xwing-data","108","high","assets/source/xwing-data/images/pilots/Galactic Empire/Firespray-31/boba-fett.png","pilot identity 'bobafett' in path; ship identity matched; different faction path; pilot context; individual xwing-data First Edition pilot card"
"PILOT-8A5CA1DCCBEA","bobafett","bobafett","Boba Fett","firespray31","scumandvillainy","PilotBaseTokenSheet","False","clear","1","AST-0B50322807EA931F","legacy1e","1000","manual","assets/source/legacy1e/steamusercontent-a.akamaihd.net/images/asset__6ea7c985873a0654.jpg","manually approved pilot token sheet"
"PILOT-8A5CA1DCCBEA","bobafett","bobafett","Boba Fett","firespray31","scumandvillainy","PilotBaseToken","True","review","1","AST-45D2F597EF9AD8BA","generated","105","high","assets/generated/PilotBaseToken/galacticempire/firespray31/bobafett__pilot-ad1363e77593.png","pilot identity 'bobafett' in path; ship identity matched; token and base context"
"PILOT-8A5CA1DCCBEA","bobafett","bobafett","Boba Fett","firespray31","scumandvillainy","PilotBaseToken","True","review","2","AST-14DA1D8F1F5B4E7B","generated","105","high","assets/generated/PilotBaseToken/scumandvillainy/firespray31/bobafett__pilot-8a5ca1dccbea.png","pilot identity 'bobafett' in path; ship identity matched; token and base context"
"PILOT-B1012D7A2DDA","bodhirook","bodhirook","Bodhi Rook","uwing","rebelalliance","PilotCard","True","clear","1","AST-E3CFDD21AA11F579","xwing-data","278","high","assets/source/xwing-data/images/pilots/Rebel Alliance/U-wing/bodhi-rook.png","pilot identity 'bodhirook' in path; ship identity matched; faction identity matched; pilot context; individual xwing-data First Edition pilot card; structured xwing-data record matched skill 4, points 25, image 'pilots/Rebel Alliance/U-wing/bodhi-rook.png'"
"PILOT-B1012D7A2DDA","bodhirook","bodhirook","Bodhi Rook","uwing","rebelalliance","PilotBaseTokenSheet","False","clear","1","AST-BE628660DAAC7FAB","legacy1e","112","high","assets/source/legacy1e/steamusercontent-a.akamaihd.net/images/asset__290cc31e747a82fa.png","pilot identity 'bodhirook' in legacy context; ship identity matched; shared legacy image reference; legacy First Edition source"
"PILOT-B1012D7A2DDA","bodhirook","bodhirook","Bodhi Rook","uwing","rebelalliance","PilotBaseToken","True","clear","1","AST-E09A4B43C69F89F4","generated","105","high","assets/generated/PilotBaseToken/rebelalliance/uwing/bodhirook__pilot-b1012d7a2dda.png","pilot identity 'bodhirook' in path; ship identity matched; token and base context"
"PILOT-818969B87243","bossk","bossk","Bossk","yv666","scumandvillainy","PilotCard","True","clear","1","AST-D79E7FBBE17268DC","xwing-data","278","high","assets/source/xwing-data/images/pilots/Scum and Villainy/YV-666/bossk.png","pilot identity 'bossk' in path; ship identity matched; faction identity matched; pilot context; individual xwing-data First Edition pilot card; structured xwing-data record matched skill 7, points 35, image 'pilots/Scum and Villainy/YV-666/bossk.png'"
"PILOT-818969B87243","bossk","bossk","Bossk","yv666","scumandvillainy","PilotBaseTokenSheet","False","clear","1","AST-AF3B6A66FC6ADD7D","legacy1e","112","high","assets/source/legacy1e/steamusercontent-a.akamaihd.net/images/asset__a3cfaa9135262e74.jpg","pilot identity 'bossk' in legacy context; ship identity matched; shared legacy image reference; legacy First Edition source"
"PILOT-818969B87243","bossk","bossk","Bossk","yv666","scumandvillainy","PilotBaseToken","True","clear","1","AST-152CB3E6FE067EBE","generated","105","high","assets/generated/PilotBaseToken/scumandvillainy/yv666/bossk__pilot-818969b87243.png","pilot identity 'bossk' in path; ship identity matched; token and base context"
"PILOT-D7F4D8FFEF99","bountyhunter","bountyhunter","Bounty Hunter","firespray31","galacticempire","PilotCard","True","clear","1","AST-9889F5E6989C8A26","xwing-data","278","high","assets/source/xwing-data/images/pilots/Galactic Empire/Firespray-31/bounty-hunter.png","pilot identity 'bountyhunter' in path; ship identity matched; faction identity matched; pilot context; individual xwing-data First Edition pilot card; structured xwing-data record matched skill 3, points 33, image 'pilots/Galactic Empire/Firespray-31/bounty-hunter.png'"
"PILOT-D7F4D8FFEF99","bountyhunter","bountyhunter","Bounty Hunter","firespray31","galacticempire","PilotBaseTokenSheet","False","clear","1","AST-80B5126A48A7ABBE","legacy1e","112","high","assets/source/legacy1e/steamusercontent-a.akamaihd.net/images/asset__dd936d7ad2ac1b8b.jpg","pilot identity 'bountyhunter' in legacy context; ship identity matched; shared legacy image reference; legacy First Edition source"
"PILOT-D7F4D8FFEF99","bountyhunter","bountyhunter","Bounty Hunter","firespray31","galacticempire","PilotBaseToken","True","clear","1","AST-16AE8ADC91AAB711","generated","105","high","assets/generated/PilotBaseToken/galacticempire/firespray31/bountyhunter__pilot-d7f4d8ffef99.png","pilot identity 'bountyhunter' in path; ship identity matched; token and base context"
"PILOT-85A9916061B4","captainferoph","captainferoph","Captain Feroph","tiereaper","galacticempire","PilotCard","True","clear","1","AST-36ACB70A810E6D80","xwing-data","278","high","assets/source/xwing-data/images/pilots/Galactic Empire/TIE Reaper/captain-feroph.png","pilot identity 'captainferoph' in path; ship identity matched; faction identity matched; pilot context; individual xwing-data First Edition pilot card; structured xwing-data record matched skill 4, points 24, image 'pilots/Galactic Empire/TIE Reaper/captain-feroph.png'"
"PILOT-85A9916061B4","captainferoph","captainferoph","Captain Feroph","tiereaper","galacticempire","PilotBaseTokenSheet","False","missing","0","","","0","","",""
"PILOT-85A9916061B4","captainferoph","captainferoph","Captain Feroph","tiereaper","galacticempire","PilotBaseToken","True","clear","1","AST-41D5909C9DE84F3F","generated","105","high","assets/generated/PilotBaseToken/galacticempire/tiereaper/captainferoph__pilot-a3f7e72d9241.png","pilot identity 'captainferoph' in path; ship identity matched; token and base context"
"PILOT-BDAA55AD958F","captainjonus","captainjonus","Captain Jonus","tiebomber","galacticempire","PilotCard","True","clear","1","AST-C8597DEFE0AE224D","xwing-data","278","high","assets/source/xwing-data/images/pilots/Galactic Empire/TIE Bomber/captain-jonus.png","pilot identity 'captainjonus' in path; ship identity matched; faction identity matched; pilot context; individual xwing-data First Edition pilot card; structured xwing-data record matched skill 6, points 22, image 'pilots/Galactic Empire/TIE Bomber/captain-jonus.png'"
"PILOT-BDAA55AD958F","captainjonus","captainjonus","Captain Jonus","tiebomber","galacticempire","PilotBaseTokenSheet","False","clear","1","AST-4327AF8F57947812","legacy1e","112","high","assets/source/legacy1e/steamusercontent-a.akamaihd.net/images/asset__9a170e187ec8bdd3.jpg","pilot identity 'captainjonus' in legacy context; ship identity matched; shared legacy image reference; legacy First Edition source"
"PILOT-BDAA55AD958F","captainjonus","captainjonus","Captain Jonus","tiebomber","galacticempire","PilotBaseToken","True","clear","1","AST-EEB9EEBE6FCD379C","generated","105","high","assets/generated/PilotBaseToken/galacticempire/tiebomber/captainjonus__pilot-bdaa55ad958f.png","pilot identity 'captainjonus' in path; ship identity matched; token and base context"
"PILOT-2BF2DAE8F20E","captainjostero","captainjostero","Captain Jostero","kihraxzfighter","scumandvillainy","PilotCard","True","clear","1","AST-739591FFAA43CB4C","xwing-data","278","high","assets/source/xwing-data/images/pilots/Scum and Villainy/Kihraxz Fighter/captain-jostero.png","pilot identity 'captainjostero' in path; ship identity matched; faction identity matched; pilot context; individual xwing-data First Edition pilot card; structured xwing-data record matched skill 4, points 24, image 'pilots/Scum and Villainy/Kihraxz Fighter/captain-jostero.png'"
"PILOT-2BF2DAE8F20E","captainjostero","captainjostero","Captain Jostero","kihraxzfighter","scumandvillainy","PilotBaseTokenSheet","False","clear","1","AST-11B92D15828B797B","legacy1e","1000","manual","assets/source/legacy1e/steamusercontent-a.akamaihd.net/images/asset__530db44fdeb67130.png","manually approved pilot token sheet"
"PILOT-2BF2DAE8F20E","captainjostero","captainjostero","Captain Jostero","kihraxzfighter","scumandvillainy","PilotBaseToken","True","clear","1","AST-9D674A7A0BA6756B","generated","105","high","assets/generated/PilotBaseToken/scumandvillainy/kihraxzfighter/captainjostero__pilot-2bf2dae8f20e.png","pilot identity 'captainjostero' in path; ship identity matched; token and base context"
"PILOT-80A485DC5242","captainkagi","captainkagi","Captain Kagi","lambdaclassshuttle","galacticempire","PilotCard","True","clear","1","AST-91046FE6CF199DDB","xwing-data","278","high","assets/source/xwing-data/images/pilots/Galactic Empire/Lambda-class Shuttle/captain-kagi.png","pilot identity 'captainkagi' in path; ship identity matched; faction identity matched; pilot context; individual xwing-data First Edition pilot card; structured xwing-data record matched skill 8, points 27, image 'pilots/Galactic Empire/Lambda-class Shuttle/captain-kagi.png'"
"PILOT-80A485DC5242","captainkagi","captainkagi","Captain Kagi","lambdaclassshuttle","galacticempire","PilotBaseTokenSheet","False","clear","1","AST-1D9A0AD4BD84DC2A","legacy1e","112","high","assets/source/legacy1e/steamusercontent-a.akamaihd.net/images/asset__f47d513e7c69022d.jpg","pilot identity 'captainkagi' in legacy context; ship identity matched; shared legacy image reference; legacy First Edition source"
"PILOT-80A485DC5242","captainkagi","captainkagi","Captain Kagi","lambdaclassshuttle","galacticempire","PilotBaseToken","True","clear","1","AST-52EEAC38438115B7","generated","105","high","assets/generated/PilotBaseToken/galacticempire/lambdaclassshuttle/captainkagi__pilot-80a485dc5242.png","pilot identity 'captainkagi' in path; ship identity matched; token and base context"
"PILOT-40A82A73B01F","captainnym","captainnym","Captain Nym","scurrgh6bomber","scumandvillainy","PilotCard","True","clear","1","AST-F04D1865D150E0BB","xwing-data","278","high","assets/source/xwing-data/images/pilots/Scum and Villainy/Scurrg H-6 Bomber/captain-nym.png","pilot identity 'captainnym' in path; ship identity matched; faction identity matched; pilot context; individual xwing-data First Edition pilot card; structured xwing-data record matched skill 8, points 30, image 'pilots/Scum and Villainy/Scurrg H-6 Bomber/captain-nym.png'"
"PILOT-40A82A73B01F","captainnym","captainnym","Captain Nym","scurrgh6bomber","scumandvillainy","PilotCard","True","clear","2","AST-4A724A2F1A549C80","xwing-data","108","high","assets/source/xwing-data/images/pilots/Rebel Alliance/Scurrg H-6 Bomber/captain-nym.png","pilot identity 'captainnym' in path; ship identity matched; different faction path; pilot context; individual xwing-data First Edition pilot card"
"PILOT-40A82A73B01F","captainnym","captainnym","Captain Nym","scurrgh6bomber","scumandvillainy","PilotBaseTokenSheet","False","clear","1","AST-D26C943F88D57CBF","legacy1e","1000","manual","assets/source/legacy1e/steamusercontent-a.akamaihd.net/other/asset__270c2482690a5731.png","manually approved pilot token sheet"
"PILOT-40A82A73B01F","captainnym","captainnym","Captain Nym","scurrgh6bomber","scumandvillainy","PilotBaseToken","True","review","1","AST-0D8B75CB192EE51A","generated","105","high","assets/generated/PilotBaseToken/rebelalliance/scurrgh6bomber/captainnym__pilot-443467780783.png","pilot identity 'captainnym' in path; ship identity matched; token and base context"
"PILOT-40A82A73B01F","captainnym","captainnym","Captain Nym","scurrgh6bomber","scumandvillainy","PilotBaseToken","True","review","2","AST-313F01EFD370DB26","generated","105","high","assets/generated/PilotBaseToken/scumandvillainy/scurrgh6bomber/captainnym__pilot-40a82a73b01f.png","pilot identity 'captainnym' in path; ship identity matched; token and base context"
"PILOT-20D8BF313D24","captainoicunn","captainoicunn","Captain Oicunn","vt49decimator","galacticempire","PilotCard","True","clear","1","AST-25DEB8EF6531BC88","xwing-data","278","high","assets/source/xwing-data/images/pilots/Galactic Empire/VT-49 Decimator/captain-oicunn.png","pilot identity 'captainoicunn' in path; ship identity matched; faction identity matched; pilot context; individual xwing-data First Edition pilot card; structured xwing-data record matched skill 4, points 42, image 'pilots/Galactic Empire/VT-49 Decimator/captain-oicunn.png'"
"PILOT-20D8BF313D24","captainoicunn","captainoicunn","Captain Oicunn","vt49decimator","galacticempire","PilotBaseTokenSheet","False","clear","1","AST-B63B867934D64F00","legacy1e","112","high","assets/source/legacy1e/steamusercontent-a.akamaihd.net/images/asset__a722e3b695f20f08.jpg","pilot identity 'captainoicunn' in legacy context; ship identity matched; shared legacy image reference; legacy First Edition source"
"PILOT-20D8BF313D24","captainoicunn","captainoicunn","Captain Oicunn","vt49decimator","galacticempire","PilotBaseToken","True","clear","1","AST-B23BE3D0F4B06FA9","generated","105","high","assets/generated/PilotBaseToken/galacticempire/vt49decimator/captainoicunn__pilot-20d8bf313d24.png","pilot identity 'captainoicunn' in path; ship identity matched; token and base context"
"PILOT-C280AC2074B3","captainrex","captainrex","Captain Rex","tiefighter","rebelalliance","PilotCard","True","clear","1","AST-AA7CF6DA46962C74","xwing-data","278","high","assets/source/xwing-data/images/pilots/Rebel Alliance/TIE Fighter/captain-rex.png","pilot identity 'captainrex' in path; ship identity matched; faction identity matched; pilot context; individual xwing-data First Edition pilot card; structured xwing-data record matched skill 4, points 14, image 'pilots/Rebel Alliance/TIE Fighter/captain-rex.png'"
"PILOT-C280AC2074B3","captainrex","captainrex","Captain Rex","tiefighter","rebelalliance","PilotBaseTokenSheet","False","clear","1","AST-5DA22F1CFBC354E3","legacy1e","1000","manual","assets/source/legacy1e/steamusercontent-a.akamaihd.net/other/asset__1248f3c878f1f0a5.png","manually approved pilot token sheet"
"PILOT-C280AC2074B3","captainrex","captainrex","Captain Rex","tiefighter","rebelalliance","PilotBaseToken","True","clear","1","AST-25305DE05CB21D05","generated","105","high","assets/generated/PilotBaseToken/rebelalliance/tiefighter/captainrex__pilot-c280ac2074b3.png","pilot identity 'captainrex' in path; ship identity matched; token and base context"
"PILOT-4E5B3C6C644F","cartelexecutioner","cartelexecutioner","Cartel Executioner","m12lkimogilafighter","scumandvillainy","PilotCard","True","clear","1","AST-B8EE7EE9ECCC4A41","xwing-data","278","high","assets/source/xwing-data/images/pilots/Scum and Villainy/M12-L Kimogila Fighter/cartel-executioner.png","pilot identity 'cartelexecutioner' in path; ship identity matched; faction identity matched; pilot context; individual xwing-data First Edition pilot card; structured xwing-data record matched skill 5, points 24, image 'pilots/Scum and Villainy/M12-L Kimogila Fighter/cartel-executioner.png'"
"PILOT-4E5B3C6C644F","cartelexecutioner","cartelexecutioner","Cartel Executioner","m12lkimogilafighter","scumandvillainy","PilotBaseTokenSheet","False","clear","1","AST-1D6E641138B056B5","legacy1e","1000","manual","assets/source/legacy1e/steamusercontent-a.akamaihd.net/images/asset__283b62cba7623fcb.png","manually approved pilot token sheet"
"PILOT-4E5B3C6C644F","cartelexecutioner","cartelexecutioner","Cartel Executioner","m12lkimogilafighter","scumandvillainy","PilotBaseToken","True","clear","1","AST-861F64E4F28B94A8","generated","105","high","assets/generated/PilotBaseToken/scumandvillainy/m12lkimogilafighter/cartelexecutioner__pilot-4e5b3c6c644f.png","pilot identity 'cartelexecutioner' in path; ship identity matched; token and base context"
"PILOT-18166CD2AACD","cartelmarauder","cartelmarauder","Cartel Marauder","kihraxzfighter","scumandvillainy","PilotCard","True","clear","1","AST-B349CEBEA6D75FC5","xwing-data","278","high","assets/source/xwing-data/images/pilots/Scum and Villainy/Kihraxz Fighter/cartel-marauder.png","pilot identity 'cartelmarauder' in path; ship identity matched; faction identity matched; pilot context; individual xwing-data First Edition pilot card; structured xwing-data record matched skill 2, points 20, image 'pilots/Scum and Villainy/Kihraxz Fighter/cartel-marauder.png'"
"PILOT-18166CD2AACD","cartelmarauder","cartelmarauder","Cartel Marauder","kihraxzfighter","scumandvillainy","PilotBaseTokenSheet","False","clear","1","AST-A259921069112946","legacy1e","1000","manual","assets/source/legacy1e/steamusercontent-a.akamaihd.net/images/asset__c8c2ec297394f8f6.png","manually approved pilot token sheet"
"PILOT-18166CD2AACD","cartelmarauder","cartelmarauder","Cartel Marauder","kihraxzfighter","scumandvillainy","PilotBaseToken","True","clear","1","AST-F72A25BE41C61609","generated","105","high","assets/generated/PilotBaseToken/scumandvillainy/kihraxzfighter/cartelmarauder__pilot-18166cd2aacd.png","pilot identity 'cartelmarauder' in path; ship identity matched; token and base context"
"PILOT-9FF20AE8C7AB","cartelspacer","cartelspacer","Cartel Spacer","m3ainterceptor","scumandvillainy","PilotCard","True","clear","1","AST-C9F69EE5D30C302A","xwing-data","278","high","assets/source/xwing-data/images/pilots/Scum and Villainy/M3-A Interceptor/cartel-spacer.png","pilot identity 'cartelspacer' in path; ship identity matched; faction identity matched; pilot context; individual xwing-data First Edition pilot card; structured xwing-data record matched skill 2, points 14, image 'pilots/Scum and Villainy/M3-A Interceptor/cartel-spacer.png'"
"PILOT-9FF20AE8C7AB","cartelspacer","cartelspacer","Cartel Spacer","m3ainterceptor","scumandvillainy","PilotBaseTokenSheet","False","clear","1","AST-A7D9A0056A3B749F","legacy1e","112","high","assets/source/legacy1e/steamusercontent-a.akamaihd.net/images/asset__f070c97abcf335e3.jpg","pilot identity 'cartelspacer' in legacy context; ship identity matched; shared legacy image reference; legacy First Edition source"
"PILOT-9FF20AE8C7AB","cartelspacer","cartelspacer","Cartel Spacer","m3ainterceptor","scumandvillainy","PilotBaseToken","True","clear","1","AST-F9991D450D1FA27D","generated","105","high","assets/generated/PilotBaseToken/scumandvillainy/m3ainterceptor/cartelspacer__pilot-9ff20ae8c7ab.png","pilot identity 'cartelspacer' in path; ship identity matched; token and base context"
"PILOT-54C91594FE87","cassianandor","cassianandor","Cassian Andor","uwing","rebelalliance","PilotCard","True","clear","1","AST-2AC86AB74992F853","xwing-data","278","high","assets/source/xwing-data/images/pilots/Rebel Alliance/U-wing/cassian-andor.png","pilot identity 'cassianandor' in path; ship identity matched; faction identity matched; pilot context; individual xwing-data First Edition pilot card; structured xwing-data record matched skill 6, points 27, image 'pilots/Rebel Alliance/U-wing/cassian-andor.png'"
"PILOT-54C91594FE87","cassianandor","cassianandor","Cassian Andor","uwing","rebelalliance","PilotBaseTokenSheet","False","clear","1","AST-199FCC7D850DED8C","legacy1e","112","high","assets/source/legacy1e/steamusercontent-a.akamaihd.net/images/asset__cbe3d2c0a7e07b45.png","pilot identity 'cassianandor' in legacy context; ship identity matched; shared legacy image reference; legacy First Edition source"
"PILOT-54C91594FE87","cassianandor","cassianandor","Cassian Andor","uwing","rebelalliance","PilotBaseToken","True","clear","1","AST-1E116AB0850A46C1","generated","105","high","assets/generated/PilotBaseToken/rebelalliance/uwing/cassianandor__pilot-54c91594fe87.png","pilot identity 'cassianandor' in path; ship identity matched; token and base context"
"PILOT-A15B41525FF5","cavernangelszealot","cavernangelszealot","Cavern Angels Zealot","xwing","rebelalliance","PilotCard","True","clear","1","AST-A0E3E3D93A999EB8","xwing-data","278","high","assets/source/xwing-data/images/pilots/Rebel Alliance/X-wing/cavern-angels-zealot.png","pilot identity 'cavernangelszealot' in path; ship identity matched; faction identity matched; pilot context; individual xwing-data First Edition pilot card; structured xwing-data record matched skill 1, points 22, image 'pilots/Rebel Alliance/X-wing/cavern-angels-zealot.png'"
"PILOT-A15B41525FF5","cavernangelszealot","cavernangelszealot","Cavern Angels Zealot","xwing","rebelalliance","PilotBaseTokenSheet","False","clear","1","AST-F58C3AFB4DA62217","legacy1e","100","high","assets/source/legacy1e/steamusercontent-a.akamaihd.net/images/asset__9bffdd5d64d90455.png","pilot identity 'cavernangelszealot' in legacy context; shared legacy image reference; legacy First Edition source"
"PILOT-A15B41525FF5","cavernangelszealot","cavernangelszealot","Cavern Angels Zealot","xwing","rebelalliance","PilotBaseToken","True","clear","1","AST-525820B4CBC3E557","generated","105","high","assets/generated/PilotBaseToken/rebelalliance/xwing/cavernangelszealot__pilot-a15b41525ff5.png","pilot identity 'cavernangelszealot' in path; ship identity matched; token and base context"
"PILOT-265EEE6A9410","chewbacca","chewbacca","Chewbacca","yt1300","rebelalliance","PilotCard","True","clear","1","AST-CBCF21D85F32366F","xwing-data","278","high","assets/source/xwing-data/images/pilots/Rebel Alliance/YT-1300/chewbacca.png","pilot identity 'chewbacca' in path; ship identity matched; faction identity matched; pilot context; individual xwing-data First Edition pilot card; structured xwing-data record matched skill 5, points 42, image 'pilots/Rebel Alliance/YT-1300/chewbacca.png'"
"PILOT-265EEE6A9410","chewbacca","chewbacca","Chewbacca","yt1300","rebelalliance","PilotCard","True","clear","2","AST-AFE0DC1821063179","xwing-data","108","high","assets/source/xwing-data/images/pilots/Resistance/YT-1300/chewbacca.png","pilot identity 'chewbacca' in path; ship identity matched; different faction path; pilot context; individual xwing-data First Edition pilot card"
"PILOT-265EEE6A9410","chewbacca","chewbacca","Chewbacca","yt1300","rebelalliance","PilotBaseTokenSheet","False","clear","1","AST-BC132E290CC3067B","legacy1e","112","high","assets/source/legacy1e/steamusercontent-a.akamaihd.net/images/asset__83a1eb5a43caf6e4.jpg","pilot identity 'chewbacca' in legacy context; ship identity matched; shared legacy image reference; legacy First Edition source"
"PILOT-265EEE6A9410","chewbacca","chewbacca","Chewbacca","yt1300","rebelalliance","PilotBaseToken","True","review","1","AST-EA6FF4F3B74DCB99","generated","105","high","assets/generated/PilotBaseToken/rebelalliance/yt1300/chewbacca__pilot-265eee6a9410.png","pilot identity 'chewbacca' in path; ship identity matched; token and base context"
"PILOT-265EEE6A9410","chewbacca","chewbacca","Chewbacca","yt1300","rebelalliance","PilotBaseToken","True","review","2","AST-7FA890E84EEFECDC","generated","105","high","assets/generated/PilotBaseToken/resistance/yt1300/chewbacca__pilot-2fc18406059d.png","pilot identity 'chewbacca' in path; ship identity matched; token and base context"
"PILOT-A4DF0B594BE3","coloneljendon","coloneljendon","Colonel Jendon","lambdaclassshuttle","galacticempire","PilotCard","True","clear","1","AST-1FE2D19DD16E3AB4","xwing-data","278","high","assets/source/xwing-data/images/pilots/Galactic Empire/Lambda-class Shuttle/colonel-jendon.png","pilot identity 'coloneljendon' in path; ship identity matched; faction identity matched; pilot context; individual xwing-data First Edition pilot card; structured xwing-data record matched skill 6, points 26, image 'pilots/Galactic Empire/Lambda-class Shuttle/colonel-jendon.png'"
"PILOT-A4DF0B594BE3","coloneljendon","coloneljendon","Colonel Jendon","lambdaclassshuttle","galacticempire","PilotBaseTokenSheet","False","clear","1","AST-C627DB6596AAC7C6","legacy1e","112","high","assets/source/legacy1e/steamusercontent-a.akamaihd.net/images/asset__b5d5d5cf72e82648.jpg","pilot identity 'coloneljendon' in legacy context; ship identity matched; shared legacy image reference; legacy First Edition source"
"PILOT-A4DF0B594BE3","coloneljendon","coloneljendon","Colonel Jendon","lambdaclassshuttle","galacticempire","PilotBaseToken","True","clear","1","AST-F7CB98E5EBC27DA4","generated","105","high","assets/generated/PilotBaseToken/galacticempire/lambdaclassshuttle/coloneljendon__pilot-a4df0b594be3.png","pilot identity 'coloneljendon' in path; ship identity matched; token and base context"
"PILOT-67211D993AB3","colonelvessery","colonelvessery","Colonel Vessery","tiedefender","galacticempire","PilotCard","True","clear","1","AST-3C20231EFD002DDA","xwing-data","278","high","assets/source/xwing-data/images/pilots/Galactic Empire/TIE Defender/colonel-vessery.png","pilot identity 'colonelvessery' in path; ship identity matched; faction identity matched; pilot context; individual xwing-data First Edition pilot card; structured xwing-data record matched skill 6, points 35, image 'pilots/Galactic Empire/TIE Defender/colonel-vessery.png'"
"PILOT-67211D993AB3","colonelvessery","colonelvessery","Colonel Vessery","tiedefender","galacticempire","PilotBaseTokenSheet","False","clear","1","AST-782747239F7975A5","legacy1e","112","high","assets/source/legacy1e/steamusercontent-a.akamaihd.net/images/asset__6225167008bb5fce.jpg","pilot identity 'colonelvessery' in legacy context; ship identity matched; shared legacy image reference; legacy First Edition source"
"PILOT-67211D993AB3","colonelvessery","colonelvessery","Colonel Vessery","tiedefender","galacticempire","PilotBaseToken","True","clear","1","AST-AF31D1B62ADC8B73","generated","105","high","assets/generated/PilotBaseToken/galacticempire/tiedefender/colonelvessery__pilot-67211d993ab3.png","pilot identity 'colonelvessery' in path; ship identity matched; token and base context"
"PILOT-5C3E62A09DB1","constablezuvio","constablezuvio","Constable Zuvio","quadjumper","scumandvillainy","PilotCard","True","clear","1","AST-42BD5E67F37A1815","xwing-data","278","high","assets/source/xwing-data/images/pilots/Scum and Villainy/Quadjumper/constable-zuvio.png","pilot identity 'constablezuvio' in path; ship identity matched; faction identity matched; pilot context; individual xwing-data First Edition pilot card; structured xwing-data record matched skill 7, points 19, image 'pilots/Scum and Villainy/Quadjumper/constable-zuvio.png'"
"PILOT-5C3E62A09DB1","constablezuvio","constablezuvio","Constable Zuvio","quadjumper","scumandvillainy","PilotBaseTokenSheet","False","clear","1","AST-F1FDBD46153749EA","legacy1e","112","high","assets/source/legacy1e/steamusercontent-a.akamaihd.net/other/asset__7397588122ee10dc.png","pilot identity 'constablezuvio' in legacy context; ship identity matched; shared legacy image reference; legacy First Edition source"
"PILOT-5C3E62A09DB1","constablezuvio","constablezuvio","Constable Zuvio","quadjumper","scumandvillainy","PilotBaseToken","True","clear","1","AST-AC042E8F24DCDD7D","generated","105","high","assets/generated/PilotBaseToken/scumandvillainy/quadjumper/constablezuvio__pilot-5c3e62a09db1.png","pilot identity 'constablezuvio' in path; ship identity matched; token and base context"
"PILOT-D7E3AF0C1A39","contractedscout","contractedscout","Contracted Scout","jumpmaster5000","scumandvillainy","PilotCard","True","clear","1","AST-898A72F8940DF87C","xwing-data","278","high","assets/source/xwing-data/images/pilots/Scum and Villainy/JumpMaster 5000/contracted-scout.png","pilot identity 'contractedscout' in path; ship identity matched; faction identity matched; pilot context; individual xwing-data First Edition pilot card; structured xwing-data record matched skill 3, points 25, image 'pilots/Scum and Villainy/JumpMaster 5000/contracted-scout.png'"
"PILOT-D7E3AF0C1A39","contractedscout","contractedscout","Contracted Scout","jumpmaster5000","scumandvillainy","PilotBaseTokenSheet","False","clear","1","AST-76ABC6CBC8117343","legacy1e","112","high","assets/source/legacy1e/steamusercontent-a.akamaihd.net/images/asset__313bf3911892eafb.jpg","pilot identity 'contractedscout' in legacy context; ship identity matched; shared legacy image reference; legacy First Edition source"
"PILOT-D7E3AF0C1A39","contractedscout","contractedscout","Contracted Scout","jumpmaster5000","scumandvillainy","PilotBaseToken","True","clear","1","AST-C772A2B282C45E0B","generated","105","high","assets/generated/PilotBaseToken/scumandvillainy/jumpmaster5000/contractedscout__pilot-d7e3af0c1a39.png","pilot identity 'contractedscout' in path; ship identity matched; token and base context"
"PILOT-E5B046CE0938","corranhorn","corranhorn","Corran Horn","ewing","rebelalliance","PilotCard","True","clear","1","AST-0E0D4B0E8C1E5336","xwing-data","278","high","assets/source/xwing-data/images/pilots/Rebel Alliance/E-wing/corran-horn.png","pilot identity 'corranhorn' in path; ship identity matched; faction identity matched; pilot context; individual xwing-data First Edition pilot card; structured xwing-data record matched skill 8, points 35, image 'pilots/Rebel Alliance/E-wing/corran-horn.png'"
"PILOT-E5B046CE0938","corranhorn","corranhorn","Corran Horn","ewing","rebelalliance","PilotBaseTokenSheet","False","clear","1","AST-A1CC4AB479770BFA","legacy1e","112","high","assets/source/legacy1e/steamusercontent-a.akamaihd.net/images/asset__bbd4152ba4e36d5d.jpg","pilot identity 'corranhorn' in legacy context; ship identity matched; shared legacy image reference; legacy First Edition source"
"PILOT-E5B046CE0938","corranhorn","corranhorn","Corran Horn","ewing","rebelalliance","PilotBaseToken","True","clear","1","AST-EFFBE990493C0689","generated","105","high","assets/generated/PilotBaseToken/rebelalliance/ewing/corranhorn__pilot-e5b046ce0938.png","pilot identity 'corranhorn' in path; ship identity matched; token and base context"
"PILOT-0EEE1974B721","countessryad","countessryad","Countess Ryad","tiedefender","galacticempire","PilotCard","True","clear","1","AST-49A10E690B2151FA","xwing-data","278","high","assets/source/xwing-data/images/pilots/Galactic Empire/TIE Defender/countess-ryad.png","pilot identity 'countessryad' in path; ship identity matched; faction identity matched; pilot context; individual xwing-data First Edition pilot card; structured xwing-data record matched skill 5, points 34, image 'pilots/Galactic Empire/TIE Defender/countess-ryad.png'"
"PILOT-0EEE1974B721","countessryad","countessryad","Countess Ryad","tiedefender","galacticempire","PilotBaseTokenSheet","False","clear","1","AST-8F6A8AB06BCE8A3C","legacy1e","112","high","assets/source/legacy1e/steamusercontent-a.akamaihd.net/images/asset__ea547c1dff2119e2.png","pilot identity 'countessryad' in legacy context; ship identity matched; shared legacy image reference; legacy First Edition source"
"PILOT-0EEE1974B721","countessryad","countessryad","Countess Ryad","tiedefender","galacticempire","PilotBaseToken","True","clear","1","AST-6A86E5CD77A59AF7","generated","105","high","assets/generated/PilotBaseToken/galacticempire/tiedefender/countessryad__pilot-0eee1974b721.png","pilot identity 'countessryad' in path; ship identity matched; token and base context"
"PILOT-A99A18CAC712","","crimsonsquadronpilot","Crimson Squadron Pilot","bsf17bomber","resistance","PilotCard","True","clear","1","AST-C76D27E4F3B0668F","xwing-data","278","high","assets/source/xwing-data/images/pilots/Resistance/B-SF-17 Bomber/crimson-squadron-pilot.png","pilot identity 'crimsonsquadronpilot' in path; ship identity matched; faction identity matched; pilot context; individual xwing-data First Edition pilot card; structured xwing-data record matched skill 1, points 25, image 'pilots/Resistance/B-SF-17 Bomber/crimson-squadron-pilot.png'"
"PILOT-A99A18CAC712","","crimsonsquadronpilot","Crimson Squadron Pilot","bsf17bomber","resistance","PilotBaseTokenSheet","False","review","1","AST-183B135437DF1831","legacy1e","90","high","assets/source/legacy1e/steamusercontent-a.akamaihd.net/images/asset__522d74291f3e2e14.png","pilot identity 'crimsonsquadronpilot' in legacy context; legacy First Edition source"
"PILOT-A99A18CAC712","","crimsonsquadronpilot","Crimson Squadron Pilot","bsf17bomber","resistance","PilotBaseToken","True","clear","1","AST-7088E0A9FDDBC6C4","generated","105","high","assets/generated/PilotBaseToken/resistance/bsf17bomber/crimsonsquadronpilot__pilot-4c96b892b2d4.png","pilot identity 'crimsonsquadronpilot' in path; ship identity matched; token and base context"
"PILOT-D1DA1E944AA9","cutlasssquadronpilot","cutlasssquadronpilot","Cutlass Squadron Pilot","tiepunisher","galacticempire","PilotCard","True","clear","1","AST-2DE810380BABB149","xwing-data","278","high","assets/source/xwing-data/images/pilots/Galactic Empire/TIE Punisher/cutlass-squadron-pilot.png","pilot identity 'cutlasssquadronpilot' in path; ship identity matched; faction identity matched; pilot context; individual xwing-data First Edition pilot card; structured xwing-data record matched skill 2, points 21, image 'pilots/Galactic Empire/TIE Punisher/cutlass-squadron-pilot.png'"
"PILOT-D1DA1E944AA9","cutlasssquadronpilot","cutlasssquadronpilot","Cutlass Squadron Pilot","tiepunisher","galacticempire","PilotBaseTokenSheet","False","clear","1","AST-3CF16EA7BAE17E65","legacy1e","112","high","assets/source/legacy1e/steamusercontent-a.akamaihd.net/images/asset__2a09386f0ae85856.jpg","pilot identity 'cutlasssquadronpilot' in legacy context; ship identity matched; shared legacy image reference; legacy First Edition source"
"PILOT-D1DA1E944AA9","cutlasssquadronpilot","cutlasssquadronpilot","Cutlass Squadron Pilot","tiepunisher","galacticempire","PilotBaseToken","True","clear","1","AST-08CA815F7A5A36D1","generated","105","high","assets/generated/PilotBaseToken/galacticempire/tiepunisher/cutlasssquadronpilot__pilot-d1da1e944aa9.png","pilot identity 'cutlasssquadronpilot' in path; ship identity matched; token and base context"
"PILOT-5E5A8B3D8F0A","dacebonearm","dacebonearm","Dace Bonearm","hwk290","scumandvillainy","PilotCard","True","clear","1","AST-15D2B4AA23E3ABE9","xwing-data","278","high","assets/source/xwing-data/images/pilots/Scum and Villainy/HWK-290/dace-bonearm.png","pilot identity 'dacebonearm' in path; ship identity matched; faction identity matched; pilot context; individual xwing-data First Edition pilot card; structured xwing-data record matched skill 7, points 23, image 'pilots/Scum and Villainy/HWK-290/dace-bonearm.png'"
"PILOT-5E5A8B3D8F0A","dacebonearm","dacebonearm","Dace Bonearm","hwk290","scumandvillainy","PilotBaseTokenSheet","False","clear","1","AST-1AF03E545EA7EAFA","legacy1e","112","high","assets/source/legacy1e/steamusercontent-a.akamaihd.net/images/asset__e06ad4dfec665dde.jpg","pilot identity 'dacebonearm' in legacy context; ship identity matched; shared legacy image reference; legacy First Edition source"
"PILOT-5E5A8B3D8F0A","dacebonearm","dacebonearm","Dace Bonearm","hwk290","scumandvillainy","PilotBaseToken","True","clear","1","AST-FF1AC8B9384CF808","generated","105","high","assets/generated/PilotBaseToken/scumandvillainy/hwk290/dacebonearm__pilot-5e5a8b3d8f0a.png","pilot identity 'dacebonearm' in path; ship identity matched; token and base context"
"PILOT-54CD395BE440","dalanoberos","dalanoberos","Dalan Oberos","m12lkimogilafighter","scumandvillainy","PilotCard","True","clear","1","AST-0FC724E1C1784417","xwing-data","278","high","assets/source/xwing-data/images/pilots/Scum and Villainy/M12-L Kimogila Fighter/dalan-oberos.png","pilot identity 'dalanoberos' in path; ship identity matched; faction identity matched; pilot context; individual xwing-data First Edition pilot card; structured xwing-data record matched skill 7, points 25, image 'pilots/Scum and Villainy/M12-L Kimogila Fighter/dalan-oberos.png'"
"PILOT-54CD395BE440","dalanoberos","dalanoberos","Dalan Oberos","m12lkimogilafighter","scumandvillainy","PilotCard","True","clear","2","AST-5DEC530203E8F36E","xwing-data","146","high","assets/source/xwing-data/images/pilots/Scum and Villainy/StarViper/dalan-oberos.png","pilot identity 'dalanoberos' in path; faction identity matched; pilot context; individual xwing-data First Edition pilot card"
"PILOT-54CD395BE440","dalanoberos","dalanoberos","Dalan Oberos","m12lkimogilafighter","scumandvillainy","PilotBaseTokenSheet","False","clear","1","AST-B91FA6B5D58FA2E9","legacy1e","1000","manual","assets/source/legacy1e/steamusercontent-a.akamaihd.net/images/asset__b9cca8a13d1b9614.png","manually approved pilot token sheet"
"PILOT-54CD395BE440","dalanoberos","dalanoberos","Dalan Oberos","m12lkimogilafighter","scumandvillainy","PilotBaseToken","True","review","1","AST-BA353BA3B62CAD46","generated","105","high","assets/generated/PilotBaseToken/scumandvillainy/m12lkimogilafighter/dalanoberos__pilot-54cd395be440.png","pilot identity 'dalanoberos' in path; ship identity matched; token and base context"
"PILOT-54CD395BE440","dalanoberos","dalanoberos","Dalan Oberos","m12lkimogilafighter","scumandvillainy","PilotBaseToken","True","review","2","AST-7B88A12F16038BBF","generated","93","high","assets/generated/PilotBaseToken/scumandvillainy/starviper/dalanoberos__pilot-4324fb797b41.png","pilot identity 'dalanoberos' in path; token and base context"
"PILOT-4324FB797B41","dalanoberos-starviperclassattackplatform","dalanoberos","Dalan Oberos","starviper","scumandvillainy","PilotCard","True","clear","1","AST-5DEC530203E8F36E","xwing-data","278","high","assets/source/xwing-data/images/pilots/Scum and Villainy/StarViper/dalan-oberos.png","pilot identity 'dalanoberos' in path; ship identity matched; faction identity matched; pilot context; individual xwing-data First Edition pilot card; structured xwing-data record matched skill 6, points 30, image 'pilots/Scum and Villainy/StarViper/dalan-oberos.png'"
"PILOT-4324FB797B41","dalanoberos-starviperclassattackplatform","dalanoberos","Dalan Oberos","starviper","scumandvillainy","PilotCard","True","clear","2","AST-0FC724E1C1784417","xwing-data","146","high","assets/source/xwing-data/images/pilots/Scum and Villainy/M12-L Kimogila Fighter/dalan-oberos.png","pilot identity 'dalanoberos' in path; faction identity matched; pilot context; individual xwing-data First Edition pilot card"
"PILOT-4324FB797B41","dalanoberos-starviperclassattackplatform","dalanoberos","Dalan Oberos","starviper","scumandvillainy","PilotBaseTokenSheet","False","clear","1","AST-CB7B4374BAD1A503","legacy1e","1000","manual","assets/source/legacy1e/steamusercontent-a.akamaihd.net/images/asset__c9d335848f3ae246.png","manually approved pilot token sheet"
"PILOT-4324FB797B41","dalanoberos-starviperclassattackplatform","dalanoberos","Dalan Oberos","starviper","scumandvillainy","PilotBaseToken","True","review","1","AST-7B88A12F16038BBF","generated","105","high","assets/generated/PilotBaseToken/scumandvillainy/starviper/dalanoberos__pilot-4324fb797b41.png","pilot identity 'dalanoberos' in path; ship identity matched; token and base context"
"PILOT-4324FB797B41","dalanoberos-starviperclassattackplatform","dalanoberos","Dalan Oberos","starviper","scumandvillainy","PilotBaseToken","True","review","2","AST-BA353BA3B62CAD46","generated","93","high","assets/generated/PilotBaseToken/scumandvillainy/m12lkimogilafighter/dalanoberos__pilot-54cd395be440.png","pilot identity 'dalanoberos' in path; token and base context"
"PILOT-31738DF69B79","darthvader","darthvader","Darth Vader","tieadvanced","galacticempire","PilotCard","True","clear","1","AST-A29AA2422A27D578","xwing-data","278","high","assets/source/xwing-data/images/pilots/Galactic Empire/TIE Advanced/darth-vader.png","pilot identity 'darthvader' in path; ship identity matched; faction identity matched; pilot context; individual xwing-data First Edition pilot card; structured xwing-data record matched skill 9, points 29, image 'pilots/Galactic Empire/TIE Advanced/darth-vader.png'"
"PILOT-31738DF69B79","darthvader","darthvader","Darth Vader","tieadvanced","galacticempire","PilotBaseTokenSheet","False","clear","1","AST-6C966C811CEB6A25","legacy1e","112","high","assets/source/legacy1e/steamusercontent-a.akamaihd.net/images/asset__4fa26aa87794e2f9.jpg","pilot identity 'darthvader' in legacy context; ship identity matched; shared legacy image reference; legacy First Edition source"
"PILOT-31738DF69B79","darthvader","darthvader","Darth Vader","tieadvanced","galacticempire","PilotBaseToken","True","clear","1","AST-7D724641D1D13A7A","generated","105","high","assets/generated/PilotBaseToken/galacticempire/tieadvanced/darthvader__pilot-31738df69b79.png","pilot identity 'darthvader' in path; ship identity matched; token and base context"
"PILOT-EB50363AACFE","dashrendar","dashrendar","Dash Rendar","yt2400","rebelalliance","PilotCard","True","clear","1","AST-BBC29CCC5F049DCF","xwing-data","278","high","assets/source/xwing-data/images/pilots/Rebel Alliance/YT-2400/dash-rendar.png","pilot identity 'dashrendar' in path; ship identity matched; faction identity matched; pilot context; individual xwing-data First Edition pilot card; structured xwing-data record matched skill 7, points 36, image 'pilots/Rebel Alliance/YT-2400/dash-rendar.png'"
"PILOT-EB50363AACFE","dashrendar","dashrendar","Dash Rendar","yt2400","rebelalliance","PilotBaseTokenSheet","False","clear","1","AST-C26BB7D4E034776E","legacy1e","112","high","assets/source/legacy1e/steamusercontent-a.akamaihd.net/images/asset__07b611202808b32f.jpg","pilot identity 'dashrendar' in legacy context; ship identity matched; shared legacy image reference; legacy First Edition source"
"PILOT-EB50363AACFE","dashrendar","dashrendar","Dash Rendar","yt2400","rebelalliance","PilotBaseToken","True","clear","1","AST-3CB3122FF92B23C8","generated","105","high","assets/generated/PilotBaseToken/rebelalliance/yt2400/dashrendar__pilot-eb50363aacfe.png","pilot identity 'dashrendar' in path; ship identity matched; token and base context"
"PILOT-697F037E14A6","deltasquadronpilot","deltasquadronpilot","Delta Squadron Pilot","tiedefender","galacticempire","PilotCard","True","clear","1","AST-B3CFC9297F8B92BF","xwing-data","278","high","assets/source/xwing-data/images/pilots/Galactic Empire/TIE Defender/delta-squadron-pilot.png","pilot identity 'deltasquadronpilot' in path; ship identity matched; faction identity matched; pilot context; individual xwing-data First Edition pilot card; structured xwing-data record matched skill 1, points 30, image 'pilots/Galactic Empire/TIE Defender/delta-squadron-pilot.png'"
"PILOT-697F037E14A6","deltasquadronpilot","deltasquadronpilot","Delta Squadron Pilot","tiedefender","galacticempire","PilotBaseTokenSheet","False","clear","1","AST-DD60314FA67F5EEB","legacy1e","112","high","assets/source/legacy1e/steamusercontent-a.akamaihd.net/images/asset__48e6bba4f70cfabc.jpg","pilot identity 'deltasquadronpilot' in legacy context; ship identity matched; shared legacy image reference; legacy First Edition source"
"PILOT-697F037E14A6","deltasquadronpilot","deltasquadronpilot","Delta Squadron Pilot","tiedefender","galacticempire","PilotBaseToken","True","clear","1","AST-588DED3A92DA32E9","generated","105","high","assets/generated/PilotBaseToken/galacticempire/tiedefender/deltasquadronpilot__pilot-697f037e14a6.png","pilot identity 'deltasquadronpilot' in path; ship identity matched; token and base context"
"PILOT-E19EAEE63E13","dengar","dengar","Dengar","jumpmaster5000","scumandvillainy","PilotCard","True","clear","1","AST-D544DDDD2400CEE7","xwing-data","278","high","assets/source/xwing-data/images/pilots/Scum and Villainy/JumpMaster 5000/dengar.png","pilot identity 'dengar' in path; ship identity matched; faction identity matched; pilot context; individual xwing-data First Edition pilot card; structured xwing-data record matched skill 9, points 33, image 'pilots/Scum and Villainy/JumpMaster 5000/dengar.png'"
"PILOT-E19EAEE63E13","dengar","dengar","Dengar","jumpmaster5000","scumandvillainy","PilotBaseTokenSheet","False","clear","1","AST-676D1FFAEE23C379","legacy1e","112","high","assets/source/legacy1e/steamusercontent-a.akamaihd.net/images/asset__9beb1f88fe4cb44e.jpg","pilot identity 'dengar' in legacy context; ship identity matched; shared legacy image reference; legacy First Edition source"
"PILOT-E19EAEE63E13","dengar","dengar","Dengar","jumpmaster5000","scumandvillainy","PilotBaseToken","True","clear","1","AST-6E32883C3BFB878B","generated","105","high","assets/generated/PilotBaseToken/scumandvillainy/jumpmaster5000/dengar__pilot-e19eaee63e13.png","pilot identity 'dengar' in path; ship identity matched; token and base context"
"PILOT-34B839E60AB6","drearenthal","drearenthal","Drea Renthal","ywing","scumandvillainy","PilotCard","True","clear","1","AST-E6345F369137F409","xwing-data","278","high","assets/source/xwing-data/images/pilots/Scum and Villainy/Y-wing/drea-renthal.png","pilot identity 'drearenthal' in path; ship identity matched; faction identity matched; pilot context; individual xwing-data First Edition pilot card; structured xwing-data record matched skill 5, points 22, image 'pilots/Scum and Villainy/Y-wing/drea-renthal.png'"
"PILOT-34B839E60AB6","drearenthal","drearenthal","Drea Renthal","ywing","scumandvillainy","PilotBaseTokenSheet","False","clear","1","AST-ED5C42E1246D3BDA","legacy1e","112","high","assets/source/legacy1e/steamusercontent-a.akamaihd.net/images/asset__997851fbd402a21b.jpg","pilot identity 'drearenthal' in legacy context; ship identity matched; shared legacy image reference; legacy First Edition source"
"PILOT-34B839E60AB6","drearenthal","drearenthal","Drea Renthal","ywing","scumandvillainy","PilotBaseToken","True","clear","1","AST-C2810AAC0F4074EF","generated","105","high","assets/generated/PilotBaseToken/scumandvillainy/ywing/drearenthal__pilot-34b839e60ab6.png","pilot identity 'drearenthal' in path; ship identity matched; token and base context"
"PILOT-B59DE7402044","edriotwotubes","edriotwotubes","Edrio Two Tubes","xwing","rebelalliance","PilotCard","True","clear","1","AST-5C174EFDD7026A13","xwing-data","278","high","assets/source/xwing-data/images/pilots/Rebel Alliance/X-wing/edrio-two-tubes.png","pilot identity 'edriotwotubes' in path; ship identity matched; faction identity matched; pilot context; individual xwing-data First Edition pilot card; structured xwing-data record matched skill 4, points 24, image 'pilots/Rebel Alliance/X-wing/edrio-two-tubes.png'"
"PILOT-B59DE7402044","edriotwotubes","edriotwotubes","Edrio Two Tubes","xwing","rebelalliance","PilotBaseTokenSheet","False","clear","1","AST-F58C3AFB4DA62217","legacy1e","100","high","assets/source/legacy1e/steamusercontent-a.akamaihd.net/images/asset__9bffdd5d64d90455.png","pilot identity 'edriotwotubes' in legacy context; shared legacy image reference; legacy First Edition source"
"PILOT-B59DE7402044","edriotwotubes","edriotwotubes","Edrio Two Tubes","xwing","rebelalliance","PilotBaseToken","True","clear","1","AST-7D0E7EE82D8F4459","generated","105","high","assets/generated/PilotBaseToken/rebelalliance/xwing/edriotwotubes__pilot-b59de7402044.png","pilot identity 'edriotwotubes' in path; ship identity matched; token and base context"
"PILOT-037C78BAF9E1","elloasty","elloasty","Ello Asty","t70xwing","resistance","PilotCard","True","clear","1","AST-1A3D06CE2474E8AA","xwing-data","278","high","assets/source/xwing-data/images/pilots/Resistance/T-70 X-wing/ello-asty.png","pilot identity 'elloasty' in path; ship identity matched; faction identity matched; pilot context; individual xwing-data First Edition pilot card; structured xwing-data record matched skill 7, points 30, image 'pilots/Resistance/T-70 X-wing/ello-asty.png'"
"PILOT-037C78BAF9E1","elloasty","elloasty","Ello Asty","t70xwing","resistance","PilotBaseTokenSheet","False","clear","1","AST-4F5A68FCA5F817C6","legacy1e","112","high","assets/source/legacy1e/steamusercontent-a.akamaihd.net/images/asset__9832f52a2ba74315.png","pilot identity 'elloasty' in legacy context; ship identity matched; shared legacy image reference; legacy First Edition source"
"PILOT-037C78BAF9E1","elloasty","elloasty","Ello Asty","t70xwing","resistance","PilotBaseToken","True","clear","1","AST-1740813F45372FC7","generated","105","high","assets/generated/PilotBaseToken/resistance/t70xwing/elloasty__pilot-037c78baf9e1.png","pilot identity 'elloasty' in path; ship identity matched; token and base context"
"PILOT-33E821BC8D93","emonazzameen","emonazzameen","Emon Azzameen","firespray31","scumandvillainy","PilotCard","True","clear","1","AST-E59F35132B5B37B0","xwing-data","278","high","assets/source/xwing-data/images/pilots/Scum and Villainy/Firespray-31/emon-azzameen.png","pilot identity 'emonazzameen' in path; ship identity matched; faction identity matched; pilot context; individual xwing-data First Edition pilot card; structured xwing-data record matched skill 6, points 36, image 'pilots/Scum and Villainy/Firespray-31/emon-azzameen.png'"
"PILOT-33E821BC8D93","emonazzameen","emonazzameen","Emon Azzameen","firespray31","scumandvillainy","PilotBaseTokenSheet","False","clear","1","AST-D1192FD684977D62","legacy1e","112","high","assets/source/legacy1e/steamusercontent-a.akamaihd.net/images/asset__3b663ec0ec08d3c1.jpg","pilot identity 'emonazzameen' in legacy context; ship identity matched; shared legacy image reference; legacy First Edition source"
"PILOT-33E821BC8D93","emonazzameen","emonazzameen","Emon Azzameen","firespray31","scumandvillainy","PilotBaseToken","True","clear","1","AST-FD84284CDA8E3839","generated","105","high","assets/generated/PilotBaseToken/scumandvillainy/firespray31/emonazzameen__pilot-33e821bc8d93.png","pilot identity 'emonazzameen' in path; ship identity matched; token and base context"
"PILOT-A2E41CCFAB5F","esegetuketu","esegetuketu","Esege Tuketu","kwing","rebelalliance","PilotCard","True","clear","1","AST-E9BD3C06B2D61856","xwing-data","278","high","assets/source/xwing-data/images/pilots/Rebel Alliance/K-wing/esege-tuketu.png","pilot identity 'esegetuketu' in path; ship identity matched; faction identity matched; pilot context; individual xwing-data First Edition pilot card; structured xwing-data record matched skill 6, points 28, image 'pilots/Rebel Alliance/K-wing/esege-tuketu.png'"
"PILOT-A2E41CCFAB5F","esegetuketu","esegetuketu","Esege Tuketu","kwing","rebelalliance","PilotBaseTokenSheet","False","clear","1","AST-C47C0FD6863D4935","legacy1e","112","high","assets/source/legacy1e/steamusercontent-a.akamaihd.net/images/asset__397623d826256999.jpg","pilot identity 'esegetuketu' in legacy context; ship identity matched; shared legacy image reference; legacy First Edition source"
"PILOT-A2E41CCFAB5F","esegetuketu","esegetuketu","Esege Tuketu","kwing","rebelalliance","PilotBaseToken","True","clear","1","AST-0C37CC7C8D78076C","generated","105","high","assets/generated/PilotBaseToken/rebelalliance/kwing/esegetuketu__pilot-a2e41ccfab5f.png","pilot identity 'esegetuketu' in path; ship identity matched; token and base context"
"PILOT-8027C5B39295","ezrabridger","ezrabridger","Ezra Bridger","attackshuttle","rebelalliance","PilotCard","True","clear","1","AST-28505A674DBADC45","xwing-data","278","high","assets/source/xwing-data/images/pilots/Rebel Alliance/Attack Shuttle/ezra-bridger.png","pilot identity 'ezrabridger' in path; ship identity matched; faction identity matched; pilot context; individual xwing-data First Edition pilot card; structured xwing-data record matched skill 4, points 20, image 'pilots/Rebel Alliance/Attack Shuttle/ezra-bridger.png'"
"PILOT-8027C5B39295","ezrabridger","ezrabridger","Ezra Bridger","attackshuttle","rebelalliance","PilotCard","True","clear","2","AST-6874BD9F431B4AB7","xwing-data","146","high","assets/source/xwing-data/images/pilots/Rebel Alliance/Sheathipede-class Shuttle/ezra-bridger.png","pilot identity 'ezrabridger' in path; faction identity matched; pilot context; individual xwing-data First Edition pilot card"
"PILOT-8027C5B39295","ezrabridger","ezrabridger","Ezra Bridger","attackshuttle","rebelalliance","PilotBaseTokenSheet","False","clear","1","AST-7971DF3D327F8B2F","legacy1e","112","high","assets/source/legacy1e/steamusercontent-a.akamaihd.net/images/asset__cbf384b34d6aa8f8.jpg","pilot identity 'ezrabridger' in legacy context; ship identity matched; shared legacy image reference; legacy First Edition source"
"PILOT-8027C5B39295","ezrabridger","ezrabridger","Ezra Bridger","attackshuttle","rebelalliance","PilotBaseTokenSheet","False","clear","2","AST-D7A7DDE679A90B2C","legacy1e","90","high","assets/source/legacy1e/steamusercontent-a.akamaihd.net/images/asset__b50b1b6db57105a6.jpg","pilot identity 'ezrabridger' in legacy context; legacy First Edition source"
"PILOT-8027C5B39295","ezrabridger","ezrabridger","Ezra Bridger","attackshuttle","rebelalliance","PilotBaseToken","True","review","1","AST-947B58E894D2EE45","generated","105","high","assets/generated/PilotBaseToken/rebelalliance/attackshuttle/ezrabridger__pilot-8027c5b39295.png","pilot identity 'ezrabridger' in path; ship identity matched; token and base context"
"PILOT-8027C5B39295","ezrabridger","ezrabridger","Ezra Bridger","attackshuttle","rebelalliance","PilotBaseToken","True","review","2","AST-1E89A5988C947E9C","generated","93","high","assets/generated/PilotBaseToken/rebelalliance/sheathipedeclassshuttle/ezrabridger__pilot-a1fb4cd13d43.png","pilot identity 'ezrabridger' in path; token and base context"
"PILOT-A1FB4CD13D43","ezrabridger-sheathipedeclassshuttle","ezrabridger","Ezra Bridger","sheathipedeclassshuttle","rebelalliance","PilotCard","True","clear","1","AST-6874BD9F431B4AB7","xwing-data","278","high","assets/source/xwing-data/images/pilots/Rebel Alliance/Sheathipede-class Shuttle/ezra-bridger.png","pilot identity 'ezrabridger' in path; ship identity matched; faction identity matched; pilot context; individual xwing-data First Edition pilot card; structured xwing-data record matched skill 5, points 17, image 'pilots/Rebel Alliance/Sheathipede-class Shuttle/ezra-bridger.png'"
"PILOT-A1FB4CD13D43","ezrabridger-sheathipedeclassshuttle","ezrabridger","Ezra Bridger","sheathipedeclassshuttle","rebelalliance","PilotCard","True","clear","2","AST-28505A674DBADC45","xwing-data","146","high","assets/source/xwing-data/images/pilots/Rebel Alliance/Attack Shuttle/ezra-bridger.png","pilot identity 'ezrabridger' in path; faction identity matched; pilot context; individual xwing-data First Edition pilot card"
"PILOT-A1FB4CD13D43","ezrabridger-sheathipedeclassshuttle","ezrabridger","Ezra Bridger","sheathipedeclassshuttle","rebelalliance","PilotBaseTokenSheet","False","clear","1","AST-D7A7DDE679A90B2C","legacy1e","1000","manual","assets/source/legacy1e/steamusercontent-a.akamaihd.net/images/asset__b50b1b6db57105a6.jpg","manually approved pilot token sheet"
"PILOT-A1FB4CD13D43","ezrabridger-sheathipedeclassshuttle","ezrabridger","Ezra Bridger","sheathipedeclassshuttle","rebelalliance","PilotBaseToken","True","review","1","AST-1E89A5988C947E9C","generated","105","high","assets/generated/PilotBaseToken/rebelalliance/sheathipedeclassshuttle/ezrabridger__pilot-a1fb4cd13d43.png","pilot identity 'ezrabridger' in path; ship identity matched; token and base context"
"PILOT-A1FB4CD13D43","ezrabridger-sheathipedeclassshuttle","ezrabridger","Ezra Bridger","sheathipedeclassshuttle","rebelalliance","PilotBaseToken","True","review","2","AST-947B58E894D2EE45","generated","93","high","assets/generated/PilotBaseToken/rebelalliance/attackshuttle/ezrabridger__pilot-8027c5b39295.png","pilot identity 'ezrabridger' in path; token and base context"
"PILOT-23C52D18FCC8","fennrau","fennrau","Fenn Rau","protectoratestarfighter","scumandvillainy","PilotCard","True","clear","1","AST-69AB00A5D024AEB3","xwing-data","278","high","assets/source/xwing-data/images/pilots/Scum and Villainy/Protectorate Starfighter/fenn-rau.png","pilot identity 'fennrau' in path; ship identity matched; faction identity matched; pilot context; individual xwing-data First Edition pilot card; structured xwing-data record matched skill 9, points 28, image 'pilots/Scum and Villainy/Protectorate Starfighter/fenn-rau.png'"
"PILOT-23C52D18FCC8","fennrau","fennrau","Fenn Rau","protectoratestarfighter","scumandvillainy","PilotCard","True","clear","2","AST-67826AA953D5F1C8","xwing-data","96","high","assets/source/xwing-data/images/pilots/Rebel Alliance/Sheathipede-class Shuttle/fenn-rau.png","pilot identity 'fennrau' in path; different faction path; pilot context; individual xwing-data First Edition pilot card"
"PILOT-23C52D18FCC8","fennrau","fennrau","Fenn Rau","protectoratestarfighter","scumandvillainy","PilotBaseTokenSheet","False","clear","1","AST-DFF1BEEE2B8AD31A","legacy1e","112","high","assets/source/legacy1e/steamusercontent-a.akamaihd.net/other/asset__11a4cb00a7691e6a.png","pilot identity 'fennrau' in legacy context; ship identity matched; shared legacy image reference; legacy First Edition source"
"PILOT-23C52D18FCC8","fennrau","fennrau","Fenn Rau","protectoratestarfighter","scumandvillainy","PilotBaseTokenSheet","False","clear","2","AST-C837BBD433F583B9","legacy1e","90","high","assets/source/legacy1e/steamusercontent-a.akamaihd.net/images/asset__a6af41a30fdc15ee.jpg","pilot identity 'fennrau' in legacy context; legacy First Edition source"
"PILOT-23C52D18FCC8","fennrau","fennrau","Fenn Rau","protectoratestarfighter","scumandvillainy","PilotBaseToken","True","review","1","AST-6610A146A99123A9","generated","105","high","assets/generated/PilotBaseToken/scumandvillainy/protectoratestarfighter/fennrau__pilot-23c52d18fcc8.png","pilot identity 'fennrau' in path; ship identity matched; token and base context"
"PILOT-23C52D18FCC8","fennrau","fennrau","Fenn Rau","protectoratestarfighter","scumandvillainy","PilotBaseToken","True","review","2","AST-2F3684BFDC718BA5","generated","93","high","assets/generated/PilotBaseToken/rebelalliance/sheathipedeclassshuttle/fennrau__pilot-6736e13c64b7.png","pilot identity 'fennrau' in path; token and base context"
"PILOT-6736E13C64B7","fennrau-sheathipedeclassshuttle","fennrau","Fenn Rau","sheathipedeclassshuttle","rebelalliance","PilotCard","True","clear","1","AST-67826AA953D5F1C8","xwing-data","278","high","assets/source/xwing-data/images/pilots/Rebel Alliance/Sheathipede-class Shuttle/fenn-rau.png","pilot identity 'fennrau' in path; ship identity matched; faction identity matched; pilot context; individual xwing-data First Edition pilot card; structured xwing-data record matched skill 9, points 20, image 'pilots/Rebel Alliance/Sheathipede-class Shuttle/fenn-rau.png'"
"PILOT-6736E13C64B7","fennrau-sheathipedeclassshuttle","fennrau","Fenn Rau","sheathipedeclassshuttle","rebelalliance","PilotCard","True","clear","2","AST-69AB00A5D024AEB3","xwing-data","96","high","assets/source/xwing-data/images/pilots/Scum and Villainy/Protectorate Starfighter/fenn-rau.png","pilot identity 'fennrau' in path; different faction path; pilot context; individual xwing-data First Edition pilot card"
"PILOT-6736E13C64B7","fennrau-sheathipedeclassshuttle","fennrau","Fenn Rau","sheathipedeclassshuttle","rebelalliance","PilotBaseTokenSheet","False","clear","1","AST-C837BBD433F583B9","legacy1e","1000","manual","assets/source/legacy1e/steamusercontent-a.akamaihd.net/images/asset__a6af41a30fdc15ee.jpg","manually approved pilot token sheet"
"PILOT-6736E13C64B7","fennrau-sheathipedeclassshuttle","fennrau","Fenn Rau","sheathipedeclassshuttle","rebelalliance","PilotBaseToken","True","review","1","AST-2F3684BFDC718BA5","generated","105","high","assets/generated/PilotBaseToken/rebelalliance/sheathipedeclassshuttle/fennrau__pilot-6736e13c64b7.png","pilot identity 'fennrau' in path; ship identity matched; token and base context"
"PILOT-6736E13C64B7","fennrau-sheathipedeclassshuttle","fennrau","Fenn Rau","sheathipedeclassshuttle","rebelalliance","PilotBaseToken","True","review","2","AST-6610A146A99123A9","generated","93","high","assets/generated/PilotBaseToken/scumandvillainy/protectoratestarfighter/fennrau__pilot-23c52d18fcc8.png","pilot identity 'fennrau' in path; token and base context"
"PILOT-13EC6BA835CC","firstordertestpilot","firstordertestpilot","First Order Test Pilot","tiesilencer","firstorder","PilotCard","True","clear","1","AST-2814AAF1A73953CE","xwing-data","278","high","assets/source/xwing-data/images/pilots/First Order/TIE Silencer/first-order-test-pilot.png","pilot identity 'firstordertestpilot' in path; ship identity matched; faction identity matched; pilot context; individual xwing-data First Edition pilot card; structured xwing-data record matched skill 6, points 29, image 'pilots/First Order/TIE Silencer/first-order-test-pilot.png'"
"PILOT-13EC6BA835CC","firstordertestpilot","firstordertestpilot","First Order Test Pilot","tiesilencer","firstorder","PilotBaseTokenSheet","False","clear","1","AST-748E59F350CFCB40","legacy1e","1000","manual","assets/source/legacy1e/steamusercontent-a.akamaihd.net/images/asset__9d1653feddb3d6be.png","manually approved pilot token sheet"
"PILOT-13EC6BA835CC","firstordertestpilot","firstordertestpilot","First Order Test Pilot","tiesilencer","firstorder","PilotBaseToken","True","clear","1","AST-C2EF614EBF13B03C","generated","105","high","assets/generated/PilotBaseToken/firstorder/tiesilencer/firstordertestpilot__pilot-13ec6ba835cc.png","pilot identity 'firstordertestpilot' in path; ship identity matched; token and base context"
"PILOT-FE672ED5EA46","gandfindsman","gandfindsman","Gand Findsman","g1astarfighter","scumandvillainy","PilotCard","True","clear","1","AST-5AF2EE845D2FBF7D","xwing-data","278","high","assets/source/xwing-data/images/pilots/Scum and Villainy/G-1A Starfighter/gand-findsman.png","pilot identity 'gandfindsman' in path; ship identity matched; faction identity matched; pilot context; individual xwing-data First Edition pilot card; structured xwing-data record matched skill 5, points 25, image 'pilots/Scum and Villainy/G-1A Starfighter/gand-findsman.png'"
"PILOT-FE672ED5EA46","gandfindsman","gandfindsman","Gand Findsman","g1astarfighter","scumandvillainy","PilotBaseTokenSheet","False","clear","1","AST-62E1B5BA52A85DDA","legacy1e","112","high","assets/source/legacy1e/steamusercontent-a.akamaihd.net/images/asset__cfac7c679683abfc.jpg","pilot identity 'gandfindsman' in legacy context; ship identity matched; shared legacy image reference; legacy First Edition source"
"PILOT-FE672ED5EA46","gandfindsman","gandfindsman","Gand Findsman","g1astarfighter","scumandvillainy","PilotBaseToken","True","clear","1","AST-821D2372E3E42131","generated","105","high","assets/generated/PilotBaseToken/scumandvillainy/g1astarfighter/gandfindsman__pilot-fe672ed5ea46.png","pilot identity 'gandfindsman' in path; ship identity matched; token and base context"
"PILOT-13315D365D27","garvendreis-t65xwing","garvendreis","Garven Dreis","xwing","rebelalliance","PilotCard","True","clear","1","AST-25CFFDEE4B8A4B63","xwing-data","278","high","assets/source/xwing-data/images/pilots/Rebel Alliance/X-wing/garven-dreis.png","pilot identity 'garvendreis' in path; ship identity matched; faction identity matched; pilot context; individual xwing-data First Edition pilot card; structured xwing-data record matched skill 6, points 26, image 'pilots/Rebel Alliance/X-wing/garven-dreis.png'"
"PILOT-13315D365D27","garvendreis-t65xwing","garvendreis","Garven Dreis","xwing","rebelalliance","PilotBaseTokenSheet","False","clear","1","AST-DDF0DBD70CB28186","legacy1e","112","high","assets/source/legacy1e/steamusercontent-a.akamaihd.net/images/asset__de7f7833467986a1.jpg","pilot identity 'garvendreis' in legacy context; ship identity matched; shared legacy image reference; legacy First Edition source"
"PILOT-13315D365D27","garvendreis-t65xwing","garvendreis","Garven Dreis","xwing","rebelalliance","PilotBaseToken","True","clear","1","AST-98F7B570728902F7","generated","105","high","assets/generated/PilotBaseToken/rebelalliance/xwing/garvendreis__pilot-13315d365d27.png","pilot identity 'garvendreis' in path; ship identity matched; token and base context"
"PILOT-19D285178AC9","gemmersojan-battleoverendor","gemmersojan","Gemmer Sojan","awing","rebelalliance","PilotCard","True","clear","1","AST-E170ABEC84C691A5","xwing-data","278","high","assets/source/xwing-data/images/pilots/Rebel Alliance/A-wing/gemmer-sojan.png","pilot identity 'gemmersojan' in path; ship identity matched; faction identity matched; pilot context; individual xwing-data First Edition pilot card; structured xwing-data record matched skill 5, points 22, image 'pilots/Rebel Alliance/A-wing/gemmer-sojan.png'"
"PILOT-19D285178AC9","gemmersojan-battleoverendor","gemmersojan","Gemmer Sojan","awing","rebelalliance","PilotBaseTokenSheet","False","clear","1","AST-A8EEE115A55E8EFE","legacy1e","112","high","assets/source/legacy1e/steamusercontent-a.akamaihd.net/images/asset__bf9278b4260ea961.jpg","pilot identity 'gemmersojan' in legacy context; ship identity matched; shared legacy image reference; legacy First Edition source"
"PILOT-19D285178AC9","gemmersojan-battleoverendor","gemmersojan","Gemmer Sojan","awing","rebelalliance","PilotBaseToken","True","clear","1","AST-5F1408494F6A563F","generated","105","high","assets/generated/PilotBaseToken/rebelalliance/awing/gemmersojan__pilot-19d285178ac9.png","pilot identity 'gemmersojan' in path; ship identity matched; token and base context"
"PILOT-4D5D323202E6","genesisred","genesisred","Genesis Red","m3ainterceptor","scumandvillainy","PilotCard","True","clear","1","AST-44667C7A22A0C196","xwing-data","278","high","assets/source/xwing-data/images/pilots/Scum and Villainy/M3-A Interceptor/genesis-red.png","pilot identity 'genesisred' in path; ship identity matched; faction identity matched; pilot context; individual xwing-data First Edition pilot card; structured xwing-data record matched skill 7, points 19, image 'pilots/Scum and Villainy/M3-A Interceptor/genesis-red.png'"
"PILOT-4D5D323202E6","genesisred","genesisred","Genesis Red","m3ainterceptor","scumandvillainy","PilotBaseTokenSheet","False","missing","0","","","0","","",""
"PILOT-4D5D323202E6","genesisred","genesisred","Genesis Red","m3ainterceptor","scumandvillainy","PilotBaseToken","True","clear","1","AST-DEAFA7A033B67991","generated","105","high","assets/generated/PilotBaseToken/scumandvillainy/m3ainterceptor/genesisred__pilot-8f220cd95a8f.png","pilot identity 'genesisred' in path; ship identity matched; token and base context"
"PILOT-82934A2FA2F1","greensquadronpilot","greensquadronpilot","Green Squadron Pilot","awing","rebelalliance","PilotCard","True","clear","1","AST-512D67CCB49F6154","xwing-data","278","high","assets/source/xwing-data/images/pilots/Rebel Alliance/A-wing/green-squadron-pilot.png","pilot identity 'greensquadronpilot' in path; ship identity matched; faction identity matched; pilot context; individual xwing-data First Edition pilot card; structured xwing-data record matched skill 3, points 19, image 'pilots/Rebel Alliance/A-wing/green-squadron-pilot.png'"
"PILOT-82934A2FA2F1","greensquadronpilot","greensquadronpilot","Green Squadron Pilot","awing","rebelalliance","PilotBaseTokenSheet","False","clear","1","AST-A8EEE115A55E8EFE","legacy1e","112","high","assets/source/legacy1e/steamusercontent-a.akamaihd.net/images/asset__bf9278b4260ea961.jpg","pilot identity 'greensquadronpilot' in legacy context; ship identity matched; shared legacy image reference; legacy First Edition source"
"PILOT-82934A2FA2F1","greensquadronpilot","greensquadronpilot","Green Squadron Pilot","awing","rebelalliance","PilotBaseToken","True","clear","1","AST-48DF083276B0E432","generated","105","high","assets/generated/PilotBaseToken/rebelalliance/awing/greensquadronpilot__pilot-82934a2fa2f1.png","pilot identity 'greensquadronpilot' in path; ship identity matched; token and base context"
"PILOT-0175B6FFF67D","guri","guri","Guri","starviper","scumandvillainy","PilotCard","True","clear","1","AST-19F490B5AAEEB353","xwing-data","278","high","assets/source/xwing-data/images/pilots/Scum and Villainy/StarViper/guri.png","pilot identity 'guri' in path; ship identity matched; faction identity matched; pilot context; individual xwing-data First Edition pilot card; structured xwing-data record matched skill 5, points 30, image 'pilots/Scum and Villainy/StarViper/guri.png'"
"PILOT-0175B6FFF67D","guri","guri","Guri","starviper","scumandvillainy","PilotBaseTokenSheet","False","clear","1","AST-43741159EEBDA3AA","legacy1e","112","high","assets/source/legacy1e/steamusercontent-a.akamaihd.net/images/asset__43e91ad6b8c25e5a.jpg","pilot identity 'guri' in legacy context; ship identity matched; shared legacy image reference; legacy First Edition source"
"PILOT-0175B6FFF67D","guri","guri","Guri","starviper","scumandvillainy","PilotBaseToken","True","clear","1","AST-42331185821C15F7","generated","105","high","assets/generated/PilotBaseToken/scumandvillainy/starviper/guri__pilot-0175b6fff67d.png","pilot identity 'guri' in path; ship identity matched; token and base context"
"PILOT-93894EBA60F9","hansolo-battleofyavin","hansolo","Han Solo","yt1300","rebelalliance","PilotCard","True","clear","1","AST-AABC4A72F337056E","xwing-data","278","high","assets/source/xwing-data/images/pilots/Rebel Alliance/YT-1300/han-solo.png","pilot identity 'hansolo' in path; ship identity matched; faction identity matched; pilot context; individual xwing-data First Edition pilot card; structured xwing-data record matched skill 9, points 46, image 'pilots/Rebel Alliance/YT-1300/han-solo.png'"
"PILOT-93894EBA60F9","hansolo-battleofyavin","hansolo","Han Solo","yt1300","rebelalliance","PilotCard","True","clear","2","AST-EA2E0DAEE37948B4","xwing-data","108","high","assets/source/xwing-data/images/pilots/Resistance/YT-1300/han-solo.png","pilot identity 'hansolo' in path; ship identity matched; different faction path; pilot context; individual xwing-data First Edition pilot card"
"PILOT-93894EBA60F9","hansolo-battleofyavin","hansolo","Han Solo","yt1300","rebelalliance","PilotBaseTokenSheet","False","clear","1","AST-B839B5F952C8BB4B","legacy1e","112","high","assets/source/legacy1e/steamusercontent-a.akamaihd.net/images/asset__ccb0d2e08e9cd6cc.jpg","pilot identity 'hansolo' in legacy context; ship identity matched; shared legacy image reference; legacy First Edition source"
"PILOT-93894EBA60F9","hansolo-battleofyavin","hansolo","Han Solo","yt1300","rebelalliance","PilotBaseToken","True","review","1","AST-B3229B17729026DD","generated","105","high","assets/generated/PilotBaseToken/rebelalliance/yt1300/hansolo__pilot-93894eba60f9.png","pilot identity 'hansolo' in path; ship identity matched; token and base context"
"PILOT-93894EBA60F9","hansolo-battleofyavin","hansolo","Han Solo","yt1300","rebelalliance","PilotBaseToken","True","review","2","AST-E5D22375E828E057","generated","105","high","assets/generated/PilotBaseToken/resistance/yt1300/hansolo__pilot-48c5fbe53f48.png","pilot identity 'hansolo' in path; ship identity matched; token and base context"
"PILOT-FC4E49F9AF99","hefftobber","hefftobber","Heff Tobber","uwing","rebelalliance","PilotCard","True","clear","1","AST-A273E72C1F9CB890","xwing-data","278","high","assets/source/xwing-data/images/pilots/Rebel Alliance/U-wing/heff-tobber.png","pilot identity 'hefftobber' in path; ship identity matched; faction identity matched; pilot context; individual xwing-data First Edition pilot card; structured xwing-data record matched skill 3, points 24, image 'pilots/Rebel Alliance/U-wing/heff-tobber.png'"
"PILOT-FC4E49F9AF99","hefftobber","hefftobber","Heff Tobber","uwing","rebelalliance","PilotBaseTokenSheet","False","clear","1","AST-EF9E3EDF519F2750","legacy1e","112","high","assets/source/legacy1e/steamusercontent-a.akamaihd.net/other/asset__00212d35a60a2976.png","pilot identity 'hefftobber' in legacy context; ship identity matched; shared legacy image reference; legacy First Edition source"
"PILOT-FC4E49F9AF99","hefftobber","hefftobber","Heff Tobber","uwing","rebelalliance","PilotBaseToken","True","clear","1","AST-F9703DD81E72EEB5","generated","105","high","assets/generated/PilotBaseToken/rebelalliance/uwing/hefftobber__pilot-fc4e49f9af99.png","pilot identity 'hefftobber' in path; ship identity matched; token and base context"
"PILOT-3A312B3BC35F","herasyndulla","herasyndulla","Hera Syndulla","attackshuttle","rebelalliance","PilotCard","True","clear","1","AST-F06B57D3741BF949","xwing-data","278","high","assets/source/xwing-data/images/pilots/Rebel Alliance/Attack Shuttle/hera-syndulla.png","pilot identity 'herasyndulla' in path; ship identity matched; faction identity matched; pilot context; individual xwing-data First Edition pilot card; structured xwing-data record matched skill 7, points 22, image 'pilots/Rebel Alliance/Attack Shuttle/hera-syndulla.png'"
"PILOT-3A312B3BC35F","herasyndulla","herasyndulla","Hera Syndulla","attackshuttle","rebelalliance","PilotCard","True","clear","2","AST-54965E4EFE2B9149","xwing-data","146","high","assets/source/xwing-data/images/pilots/Rebel Alliance/VCX-100/hera-syndulla.png","pilot identity 'herasyndulla' in path; faction identity matched; pilot context; individual xwing-data First Edition pilot card"
"PILOT-3A312B3BC35F","herasyndulla","herasyndulla","Hera Syndulla","attackshuttle","rebelalliance","PilotBaseTokenSheet","False","clear","1","AST-6614CFBB4A233005","legacy1e","112","high","assets/source/legacy1e/steamusercontent-a.akamaihd.net/images/asset__ca35a99351fca329.jpg","pilot identity 'herasyndulla' in legacy context; ship identity matched; shared legacy image reference; legacy First Edition source"
"PILOT-3A312B3BC35F","herasyndulla","herasyndulla","Hera Syndulla","attackshuttle","rebelalliance","PilotBaseToken","True","review","1","AST-6C1C9E4E17370F51","generated","105","high","assets/generated/PilotBaseToken/rebelalliance/attackshuttle/herasyndulla__pilot-3a312b3bc35f.png","pilot identity 'herasyndulla' in path; ship identity matched; token and base context"
"PILOT-3A312B3BC35F","herasyndulla","herasyndulla","Hera Syndulla","attackshuttle","rebelalliance","PilotBaseToken","True","review","2","AST-4A086EE1EAE7614E","generated","93","high","assets/generated/PilotBaseToken/rebelalliance/vcx100/herasyndulla__pilot-4b3605e8aae6.png","pilot identity 'herasyndulla' in path; token and base context"
"PILOT-4B3605E8AAE6","herasyndulla-vcx100lightfreighter","herasyndulla","Hera Syndulla","vcx100","rebelalliance","PilotCard","True","clear","1","AST-54965E4EFE2B9149","xwing-data","278","high","assets/source/xwing-data/images/pilots/Rebel Alliance/VCX-100/hera-syndulla.png","pilot identity 'herasyndulla' in path; ship identity matched; faction identity matched; pilot context; individual xwing-data First Edition pilot card; structured xwing-data record matched skill 7, points 40, image 'pilots/Rebel Alliance/VCX-100/hera-syndulla.png'"
"PILOT-4B3605E8AAE6","herasyndulla-vcx100lightfreighter","herasyndulla","Hera Syndulla","vcx100","rebelalliance","PilotCard","True","clear","2","AST-F06B57D3741BF949","xwing-data","146","high","assets/source/xwing-data/images/pilots/Rebel Alliance/Attack Shuttle/hera-syndulla.png","pilot identity 'herasyndulla' in path; faction identity matched; pilot context; individual xwing-data First Edition pilot card"
"PILOT-4B3605E8AAE6","herasyndulla-vcx100lightfreighter","herasyndulla","Hera Syndulla","vcx100","rebelalliance","PilotBaseTokenSheet","False","clear","1","AST-6614CFBB4A233005","legacy1e","112","high","assets/source/legacy1e/steamusercontent-a.akamaihd.net/images/asset__ca35a99351fca329.jpg","pilot identity 'herasyndulla' in legacy context; ship identity matched; shared legacy image reference; legacy First Edition source"
"PILOT-4B3605E8AAE6","herasyndulla-vcx100lightfreighter","herasyndulla","Hera Syndulla","vcx100","rebelalliance","PilotBaseToken","True","review","1","AST-4A086EE1EAE7614E","generated","105","high","assets/generated/PilotBaseToken/rebelalliance/vcx100/herasyndulla__pilot-4b3605e8aae6.png","pilot identity 'herasyndulla' in path; ship identity matched; token and base context"
"PILOT-4B3605E8AAE6","herasyndulla-vcx100lightfreighter","herasyndulla","Hera Syndulla","vcx100","rebelalliance","PilotBaseToken","True","review","2","AST-6C1C9E4E17370F51","generated","93","high","assets/generated/PilotBaseToken/rebelalliance/attackshuttle/herasyndulla__pilot-3a312b3bc35f.png","pilot identity 'herasyndulla' in path; token and base context"
"PILOT-41C7BEBD81D9","hiredgun","hiredgun","Hired Gun","ywing","scumandvillainy","PilotCard","True","clear","1","AST-272CC943110C654D","xwing-data","278","high","assets/source/xwing-data/images/pilots/Scum and Villainy/Y-wing/hired-gun.png","pilot identity 'hiredgun' in path; ship identity matched; faction identity matched; pilot context; individual xwing-data First Edition pilot card; structured xwing-data record matched skill 4, points 20, image 'pilots/Scum and Villainy/Y-wing/hired-gun.png'"
"PILOT-41C7BEBD81D9","hiredgun","hiredgun","Hired Gun","ywing","scumandvillainy","PilotBaseTokenSheet","False","clear","1","AST-900D04F897CCA41F","legacy1e","112","high","assets/source/legacy1e/steamusercontent-a.akamaihd.net/images/asset__c11f0b0c5569b188.jpg","pilot identity 'hiredgun' in legacy context; ship identity matched; shared legacy image reference; legacy First Edition source"
"PILOT-41C7BEBD81D9","hiredgun","hiredgun","Hired Gun","ywing","scumandvillainy","PilotBaseToken","True","clear","1","AST-A6B6C8F4E09483DC","generated","105","high","assets/generated/PilotBaseToken/scumandvillainy/ywing/hiredgun__pilot-41c7bebd81d9.png","pilot identity 'hiredgun' in path; ship identity matched; token and base context"
"PILOT-11EA529AE573","hortonsalm","hortonsalm","Horton Salm","ywing","rebelalliance","PilotCard","True","clear","1","AST-0971D79614B097C9","xwing-data","278","high","assets/source/xwing-data/images/pilots/Rebel Alliance/Y-wing/horton-salm.png","pilot identity 'hortonsalm' in path; ship identity matched; faction identity matched; pilot context; individual xwing-data First Edition pilot card; structured xwing-data record matched skill 8, points 25, image 'pilots/Rebel Alliance/Y-wing/horton-salm.png'"
"PILOT-11EA529AE573","hortonsalm","hortonsalm","Horton Salm","ywing","rebelalliance","PilotBaseTokenSheet","False","clear","1","AST-F23CD7146F105620","legacy1e","112","high","assets/source/legacy1e/steamusercontent-a.akamaihd.net/images/asset__1fc394576a49cbf6.jpg","pilot identity 'hortonsalm' in legacy context; ship identity matched; shared legacy image reference; legacy First Edition source"
"PILOT-11EA529AE573","hortonsalm","hortonsalm","Horton Salm","ywing","rebelalliance","PilotBaseToken","True","clear","1","AST-F0AD0C3A03412C69","generated","105","high","assets/generated/PilotBaseToken/rebelalliance/ywing/hortonsalm__pilot-11ea529ae573.png","pilot identity 'hortonsalm' in path; ship identity matched; token and base context"
"PILOT-386EE2761A70","ig88a","ig88a","IG-88A","aggressor","scumandvillainy","PilotCard","True","clear","1","AST-6A2ABE8C92D6C70F","xwing-data","278","high","assets/source/xwing-data/images/pilots/Scum and Villainy/Aggressor/ig-88a.png","pilot identity 'ig88a' in path; ship identity matched; faction identity matched; pilot context; individual xwing-data First Edition pilot card; structured xwing-data record matched skill 6, points 36, image 'pilots/Scum and Villainy/Aggressor/ig-88a.png'"
"PILOT-386EE2761A70","ig88a","ig88a","IG-88A","aggressor","scumandvillainy","PilotBaseTokenSheet","False","clear","1","AST-FA1B86882D08B2F2","legacy1e","112","high","assets/source/legacy1e/steamusercontent-a.akamaihd.net/images/asset__02e20fbebf2cc778.jpg","pilot identity 'ig88a' in legacy context; ship identity matched; shared legacy image reference; legacy First Edition source"
"PILOT-386EE2761A70","ig88a","ig88a","IG-88A","aggressor","scumandvillainy","PilotBaseToken","True","clear","1","AST-25AD73F5B8B622E2","generated","105","high","assets/generated/PilotBaseToken/scumandvillainy/aggressor/ig88a__pilot-386ee2761a70.png","pilot identity 'ig88a' in path; ship identity matched; token and base context"
"PILOT-22931F77E0C5","ig88b","ig88b","IG-88B","aggressor","scumandvillainy","PilotCard","True","clear","1","AST-059F59D4617995D5","xwing-data","278","high","assets/source/xwing-data/images/pilots/Scum and Villainy/Aggressor/ig-88b.png","pilot identity 'ig88b' in path; ship identity matched; faction identity matched; pilot context; individual xwing-data First Edition pilot card; structured xwing-data record matched skill 6, points 36, image 'pilots/Scum and Villainy/Aggressor/ig-88b.png'"
"PILOT-22931F77E0C5","ig88b","ig88b","IG-88B","aggressor","scumandvillainy","PilotBaseTokenSheet","False","clear","1","AST-2E852055CCCF281B","legacy1e","112","high","assets/source/legacy1e/steamusercontent-a.akamaihd.net/images/asset__0e078b693215dcd2.jpg","pilot identity 'ig88b' in legacy context; ship identity matched; shared legacy image reference; legacy First Edition source"
"PILOT-22931F77E0C5","ig88b","ig88b","IG-88B","aggressor","scumandvillainy","PilotBaseToken","True","clear","1","AST-67BB613C73B6F09F","generated","105","high","assets/generated/PilotBaseToken/scumandvillainy/aggressor/ig88b__pilot-22931f77e0c5.png","pilot identity 'ig88b' in path; ship identity matched; token and base context"
"PILOT-F3936AB17701","ig88c","ig88c","IG-88C","aggressor","scumandvillainy","PilotCard","True","clear","1","AST-94487D442F77D73F","xwing-data","278","high","assets/source/xwing-data/images/pilots/Scum and Villainy/Aggressor/ig-88c.png","pilot identity 'ig88c' in path; ship identity matched; faction identity matched; pilot context; individual xwing-data First Edition pilot card; structured xwing-data record matched skill 6, points 36, image 'pilots/Scum and Villainy/Aggressor/ig-88c.png'"
"PILOT-F3936AB17701","ig88c","ig88c","IG-88C","aggressor","scumandvillainy","PilotBaseTokenSheet","False","clear","1","AST-025826A0244BC9E5","legacy1e","112","high","assets/source/legacy1e/steamusercontent-a.akamaihd.net/images/asset__b52c3d72d013ceaf.jpg","pilot identity 'ig88c' in legacy context; ship identity matched; shared legacy image reference; legacy First Edition source"
"PILOT-F3936AB17701","ig88c","ig88c","IG-88C","aggressor","scumandvillainy","PilotBaseToken","True","clear","1","AST-A1BFAB2D7FDAF3DF","generated","105","high","assets/generated/PilotBaseToken/scumandvillainy/aggressor/ig88c__pilot-f3936ab17701.png","pilot identity 'ig88c' in path; ship identity matched; token and base context"
"PILOT-2E5D2CAD25B4","ig88d","ig88d","IG-88D","aggressor","scumandvillainy","PilotCard","True","clear","1","AST-36C8BFABEC14E158","xwing-data","278","high","assets/source/xwing-data/images/pilots/Scum and Villainy/Aggressor/ig-88d.png","pilot identity 'ig88d' in path; ship identity matched; faction identity matched; pilot context; individual xwing-data First Edition pilot card; structured xwing-data record matched skill 6, points 36, image 'pilots/Scum and Villainy/Aggressor/ig-88d.png'"
"PILOT-2E5D2CAD25B4","ig88d","ig88d","IG-88D","aggressor","scumandvillainy","PilotBaseTokenSheet","False","clear","1","AST-4D7DD00B8F3E9704","legacy1e","112","high","assets/source/legacy1e/steamusercontent-a.akamaihd.net/images/asset__44cc2e9f77a0f54f.jpg","pilot identity 'ig88d' in legacy context; ship identity matched; shared legacy image reference; legacy First Edition source"
"PILOT-2E5D2CAD25B4","ig88d","ig88d","IG-88D","aggressor","scumandvillainy","PilotBaseToken","True","clear","1","AST-6F6385A3025D5343","generated","105","high","assets/generated/PilotBaseToken/scumandvillainy/aggressor/ig88d__pilot-2e5d2cad25b4.png","pilot identity 'ig88d' in path; ship identity matched; token and base context"
"PILOT-D23BF9016C0D","inaldra","inaldra","Inaldra","m3ainterceptor","scumandvillainy","PilotCard","True","clear","1","AST-7104E83401F88CFC","xwing-data","278","high","assets/source/xwing-data/images/pilots/Scum and Villainy/M3-A Interceptor/inaldra.png","pilot identity 'inaldra' in path; ship identity matched; faction identity matched; pilot context; individual xwing-data First Edition pilot card; structured xwing-data record matched skill 3, points 15, image 'pilots/Scum and Villainy/M3-A Interceptor/inaldra.png'"
"PILOT-D23BF9016C0D","inaldra","inaldra","Inaldra","m3ainterceptor","scumandvillainy","PilotBaseTokenSheet","False","clear","1","AST-2D4D4569F0858EE8","legacy1e","100","high","assets/source/legacy1e/steamusercontent-a.akamaihd.net/images/asset__cd0d22c8f4347996.png","pilot identity 'inaldra' in legacy context; shared legacy image reference; legacy First Edition source"
"PILOT-D23BF9016C0D","inaldra","inaldra","Inaldra","m3ainterceptor","scumandvillainy","PilotBaseToken","True","clear","1","AST-D7A7208E17B2C0F9","generated","105","high","assets/generated/PilotBaseToken/scumandvillainy/m3ainterceptor/inaldra__pilot-d23bf9016c0d.png","pilot identity 'inaldra' in path; ship identity matched; token and base context"
"PILOT-A0AE862C1758","jakefarrell","jakefarrell","Jake Farrell","awing","rebelalliance","PilotCard","True","clear","1","AST-CE3A58BFA6D71FAB","xwing-data","278","high","assets/source/xwing-data/images/pilots/Rebel Alliance/A-wing/jake-farrell.png","pilot identity 'jakefarrell' in path; ship identity matched; faction identity matched; pilot context; individual xwing-data First Edition pilot card; structured xwing-data record matched skill 7, points 24, image 'pilots/Rebel Alliance/A-wing/jake-farrell.png'"
"PILOT-A0AE862C1758","jakefarrell","jakefarrell","Jake Farrell","awing","rebelalliance","PilotBaseTokenSheet","False","clear","1","AST-3E5E615DEF3FF4A9","legacy1e","112","high","assets/source/legacy1e/steamusercontent-a.akamaihd.net/images/asset__e2f5bbe9505b7e7b.jpg","pilot identity 'jakefarrell' in legacy context; ship identity matched; shared legacy image reference; legacy First Edition source"
"PILOT-A0AE862C1758","jakefarrell","jakefarrell","Jake Farrell","awing","rebelalliance","PilotBaseToken","True","clear","1","AST-29C814CF06A529B5","generated","105","high","assets/generated/PilotBaseToken/rebelalliance/awing/jakefarrell__pilot-a0ae862c1758.png","pilot identity 'jakefarrell' in path; ship identity matched; token and base context"
"PILOT-A3C94DEA1FDD","jakkugunrunner","jakkugunrunner","Jakku Gunrunner","quadjumper","scumandvillainy","PilotCard","True","clear","1","AST-C009C940899B7150","xwing-data","278","high","assets/source/xwing-data/images/pilots/Scum and Villainy/Quadjumper/jakku-gunrunner.png","pilot identity 'jakkugunrunner' in path; ship identity matched; faction identity matched; pilot context; individual xwing-data First Edition pilot card; structured xwing-data record matched skill 1, points 15, image 'pilots/Scum and Villainy/Quadjumper/jakku-gunrunner.png'"
"PILOT-A3C94DEA1FDD","jakkugunrunner","jakkugunrunner","Jakku Gunrunner","quadjumper","scumandvillainy","PilotBaseTokenSheet","False","clear","1","AST-32F59747F99D7F5A","legacy1e","112","high","assets/source/legacy1e/steamusercontent-a.akamaihd.net/other/asset__99ca394b4a5a3ac4.png","pilot identity 'jakkugunrunner' in legacy context; ship identity matched; shared legacy image reference; legacy First Edition source"
"PILOT-A3C94DEA1FDD","jakkugunrunner","jakkugunrunner","Jakku Gunrunner","quadjumper","scumandvillainy","PilotBaseToken","True","clear","1","AST-434088C9421ACF1D","generated","105","high","assets/generated/PilotBaseToken/scumandvillainy/quadjumper/jakkugunrunner__pilot-a3c94dea1fdd.png","pilot identity 'jakkugunrunner' in path; ship identity matched; token and base context"
"PILOT-F4184700D1DA","janors","janors","Jan Ors","hwk290","rebelalliance","PilotCard","True","clear","1","AST-D372E78B55214A43","xwing-data","278","high","assets/source/xwing-data/images/pilots/Rebel Alliance/HWK-290/jan-ors.png","pilot identity 'janors' in path; ship identity matched; faction identity matched; pilot context; individual xwing-data First Edition pilot card; structured xwing-data record matched skill 8, points 25, image 'pilots/Rebel Alliance/HWK-290/jan-ors.png'"
"PILOT-F4184700D1DA","janors","janors","Jan Ors","hwk290","rebelalliance","PilotBaseTokenSheet","False","clear","1","AST-E94DAE7F31A974E1","legacy1e","112","high","assets/source/legacy1e/steamusercontent-a.akamaihd.net/images/asset__fe2a679015d845c5.jpg","pilot identity 'janors' in legacy context; ship identity matched; shared legacy image reference; legacy First Edition source"
"PILOT-F4184700D1DA","janors","janors","Jan Ors","hwk290","rebelalliance","PilotBaseToken","True","clear","1","AST-1A4152584FED7D4A","generated","105","high","assets/generated/PilotBaseToken/rebelalliance/hwk290/janors__pilot-f4184700d1da.png","pilot identity 'janors' in path; ship identity matched; token and base context"
"PILOT-EAFFA73EDEAA","jekporkins","jekporkins","Jek Porkins","xwing","rebelalliance","PilotCard","True","clear","1","AST-E162E155DA8915C1","xwing-data","278","high","assets/source/xwing-data/images/pilots/Rebel Alliance/X-wing/jek-porkins.png","pilot identity 'jekporkins' in path; ship identity matched; faction identity matched; pilot context; individual xwing-data First Edition pilot card; structured xwing-data record matched skill 7, points 26, image 'pilots/Rebel Alliance/X-wing/jek-porkins.png'"
"PILOT-EAFFA73EDEAA","jekporkins","jekporkins","Jek Porkins","xwing","rebelalliance","PilotBaseTokenSheet","False","clear","1","AST-5E701DA557AA7F88","legacy1e","112","high","assets/source/legacy1e/steamusercontent-a.akamaihd.net/images/asset__479ac4c40d60d726.png","pilot identity 'jekporkins' in legacy context; ship identity matched; shared legacy image reference; legacy First Edition source"
"PILOT-EAFFA73EDEAA","jekporkins","jekporkins","Jek Porkins","xwing","rebelalliance","PilotBaseToken","True","clear","1","AST-F3C6640BE1D97833","generated","105","high","assets/generated/PilotBaseToken/rebelalliance/xwing/jekporkins__pilot-eaffa73edeaa.png","pilot identity 'jekporkins' in path; ship identity matched; token and base context"
"PILOT-3C24070F17DF","junoeclipse","junoeclipse","Juno Eclipse","tieadvanced","galacticempire","PilotCard","True","clear","1","AST-96E1DA4867A60512","xwing-data","278","high","assets/source/xwing-data/images/pilots/Galactic Empire/TIE Advanced/juno-eclipse.png","pilot identity 'junoeclipse' in path; ship identity matched; faction identity matched; pilot context; individual xwing-data First Edition pilot card; structured xwing-data record matched skill 8, points 28, image 'pilots/Galactic Empire/TIE Advanced/juno-eclipse.png'"
"PILOT-3C24070F17DF","junoeclipse","junoeclipse","Juno Eclipse","tieadvanced","galacticempire","PilotBaseTokenSheet","False","clear","1","AST-4DA6D3FF681F510A","legacy1e","112","high","assets/source/legacy1e/steamusercontent-a.akamaihd.net/images/asset__56b3528f863cf077.jpg","pilot identity 'junoeclipse' in legacy context; ship identity matched; shared legacy image reference; legacy First Edition source"
"PILOT-3C24070F17DF","junoeclipse","junoeclipse","Juno Eclipse","tieadvanced","galacticempire","PilotBaseToken","True","clear","1","AST-80404CD4653104C0","generated","105","high","assets/generated/PilotBaseToken/galacticempire/tieadvanced/junoeclipse__pilot-3c24070f17df.png","pilot identity 'junoeclipse' in path; ship identity matched; token and base context"
"PILOT-7C8D83A06980","kaatoleeachos","kaatoleeachos","Kaa'to Leeachos","z95headhunter","scumandvillainy","PilotCard","True","clear","1","AST-E764AC51CAE96F6B","xwing-data","278","high","assets/source/xwing-data/images/pilots/Scum and Villainy/Z-95 Headhunter/kaa-to-leeachos.png","pilot identity 'kaatoleeachos' in path; ship identity matched; faction identity matched; pilot context; individual xwing-data First Edition pilot card; structured xwing-data record matched skill 5, points 15, image 'pilots/Scum and Villainy/Z-95 Headhunter/kaa-to-leeachos.png'"
"PILOT-7C8D83A06980","kaatoleeachos","kaatoleeachos","Kaa'to Leeachos","z95headhunter","scumandvillainy","PilotBaseTokenSheet","False","clear","1","AST-2A364C6D8EC72B29","legacy1e","112","high","assets/source/legacy1e/steamusercontent-a.akamaihd.net/images/asset__3bf6a0f4e42179fc.jpg","pilot identity 'kaatoleeachos' in legacy context; ship identity matched; shared legacy image reference; legacy First Edition source"
"PILOT-7C8D83A06980","kaatoleeachos","kaatoleeachos","Kaa'to Leeachos","z95headhunter","scumandvillainy","PilotBaseToken","True","clear","1","AST-F9F58F57537CBE20","generated","105","high","assets/generated/PilotBaseToken/scumandvillainy/z95headhunter/kaatoleeachos__pilot-7c8d83a06980.png","pilot identity 'kaatoleeachos' in path; ship identity matched; token and base context"
"PILOT-6BE5FCD8CD1A","kadsolus","kadsolus","Kad Solus","protectoratestarfighter","scumandvillainy","PilotCard","True","clear","1","AST-D464E0FA2FF4C438","xwing-data","278","high","assets/source/xwing-data/images/pilots/Scum and Villainy/Protectorate Starfighter/kad-solus.png","pilot identity 'kadsolus' in path; ship identity matched; faction identity matched; pilot context; individual xwing-data First Edition pilot card; structured xwing-data record matched skill 6, points 25, image 'pilots/Scum and Villainy/Protectorate Starfighter/kad-solus.png'"
"PILOT-6BE5FCD8CD1A","kadsolus","kadsolus","Kad Solus","protectoratestarfighter","scumandvillainy","PilotBaseTokenSheet","False","clear","1","AST-E74F43336ECD54E2","legacy1e","112","high","assets/source/legacy1e/steamusercontent-a.akamaihd.net/images/asset__eecd9a22a38e56f2.png","pilot identity 'kadsolus' in legacy context; ship identity matched; shared legacy image reference; legacy First Edition source"
"PILOT-6BE5FCD8CD1A","kadsolus","kadsolus","Kad Solus","protectoratestarfighter","scumandvillainy","PilotBaseToken","True","clear","1","AST-4B37FDD608BA493C","generated","105","high","assets/generated/PilotBaseToken/scumandvillainy/protectoratestarfighter/kadsolus__pilot-6be5fcd8cd1a.png","pilot identity 'kadsolus' in path; ship identity matched; token and base context"
"PILOT-3E85BCEF81A8","kananjarrus","kananjarrus","Kanan Jarrus","vcx100","rebelalliance","PilotCard","True","clear","1","AST-BF9E5B4A66133AA2","xwing-data","278","high","assets/source/xwing-data/images/pilots/Rebel Alliance/VCX-100/kanan-jarrus.png","pilot identity 'kananjarrus' in path; ship identity matched; faction identity matched; pilot context; individual xwing-data First Edition pilot card; structured xwing-data record matched skill 5, points 38, image 'pilots/Rebel Alliance/VCX-100/kanan-jarrus.png'"
"PILOT-3E85BCEF81A8","kananjarrus","kananjarrus","Kanan Jarrus","vcx100","rebelalliance","PilotBaseTokenSheet","False","clear","1","AST-7971DF3D327F8B2F","legacy1e","112","high","assets/source/legacy1e/steamusercontent-a.akamaihd.net/images/asset__cbf384b34d6aa8f8.jpg","pilot identity 'kananjarrus' in legacy context; ship identity matched; shared legacy image reference; legacy First Edition source"
"PILOT-3E85BCEF81A8","kananjarrus","kananjarrus","Kanan Jarrus","vcx100","rebelalliance","PilotBaseToken","True","clear","1","AST-4E7D1A18C59B83FF","generated","105","high","assets/generated/PilotBaseToken/rebelalliance/vcx100/kananjarrus__pilot-3e85bcef81a8.png","pilot identity 'kananjarrus' in path; ship identity matched; token and base context"
"PILOT-7E5AEEBC41D6","kashyyykdefender","kashyyykdefender","Kashyyyk Defender","auzituckgunship","rebelalliance","PilotCard","True","clear","1","AST-80F5F2FEBA7E07C0","xwing-data","278","high","assets/source/xwing-data/images/pilots/Rebel Alliance/Auzituck Gunship/kashyyyk-defender.png","pilot identity 'kashyyykdefender' in path; ship identity matched; faction identity matched; pilot context; individual xwing-data First Edition pilot card; structured xwing-data record matched skill 1, points 24, image 'pilots/Rebel Alliance/Auzituck Gunship/kashyyyk-defender.png'"
"PILOT-7E5AEEBC41D6","kashyyykdefender","kashyyykdefender","Kashyyyk Defender","auzituckgunship","rebelalliance","PilotBaseTokenSheet","False","clear","1","AST-B35601D8F91DF4AD","legacy1e","100","high","assets/source/legacy1e/steamusercontent-a.akamaihd.net/images/asset__3d0e951020b2d514.png","pilot identity 'kashyyykdefender' in legacy context; shared legacy image reference; legacy First Edition source"
"PILOT-7E5AEEBC41D6","kashyyykdefender","kashyyykdefender","Kashyyyk Defender","auzituckgunship","rebelalliance","PilotBaseToken","True","clear","1","AST-F2EFDCB9C3D21FCD","generated","105","high","assets/generated/PilotBaseToken/rebelalliance/auzituckgunship/kashyyykdefender__pilot-7e5aeebc41d6.png","pilot identity 'kashyyykdefender' in path; ship identity matched; token and base context"
"PILOT-020CE92F238A","kathscarlet","kathscarlet","Kath Scarlet","firespray31","scumandvillainy","PilotCard","True","clear","1","AST-4FA1D514A2907326","xwing-data","278","high","assets/source/xwing-data/images/pilots/Scum and Villainy/Firespray-31/kath-scarlet.png","pilot identity 'kathscarlet' in path; ship identity matched; faction identity matched; pilot context; individual xwing-data First Edition pilot card; structured xwing-data record matched skill 7, points 38, image 'pilots/Scum and Villainy/Firespray-31/kath-scarlet.png'"
"PILOT-020CE92F238A","kathscarlet","kathscarlet","Kath Scarlet","firespray31","scumandvillainy","PilotCard","True","clear","2","AST-6E59D535E0E79C93","xwing-data","108","high","assets/source/xwing-data/images/pilots/Galactic Empire/Firespray-31/kath-scarlet.png","pilot identity 'kathscarlet' in path; ship identity matched; different faction path; pilot context; individual xwing-data First Edition pilot card"
"PILOT-020CE92F238A","kathscarlet","kathscarlet","Kath Scarlet","firespray31","scumandvillainy","PilotBaseTokenSheet","False","clear","1","AST-65E80DE1F1AFA074","legacy1e","1000","manual","assets/source/legacy1e/steamusercontent-a.akamaihd.net/images/asset__82ba063d7c019215.jpg","manually approved pilot token sheet"
"PILOT-020CE92F238A","kathscarlet","kathscarlet","Kath Scarlet","firespray31","scumandvillainy","PilotBaseToken","True","review","1","AST-1F7DFFF8171FD7E6","generated","105","high","assets/generated/PilotBaseToken/galacticempire/firespray31/kathscarlet__pilot-00da478ba942.png","pilot identity 'kathscarlet' in path; ship identity matched; token and base context"
"PILOT-020CE92F238A","kathscarlet","kathscarlet","Kath Scarlet","firespray31","scumandvillainy","PilotBaseToken","True","review","2","AST-2A3E078CDD8958F3","generated","105","high","assets/generated/PilotBaseToken/scumandvillainy/firespray31/kathscarlet__pilot-020ce92f238a.png","pilot identity 'kathscarlet' in path; ship identity matched; token and base context"
"PILOT-3D59B61C04C1","kavil","kavil","Kavil","ywing","scumandvillainy","PilotCard","True","clear","1","AST-2E5CB9380E1FCAEB","xwing-data","278","high","assets/source/xwing-data/images/pilots/Scum and Villainy/Y-wing/kavil.png","pilot identity 'kavil' in path; ship identity matched; faction identity matched; pilot context; individual xwing-data First Edition pilot card; structured xwing-data record matched skill 7, points 24, image 'pilots/Scum and Villainy/Y-wing/kavil.png'"
"PILOT-3D59B61C04C1","kavil","kavil","Kavil","ywing","scumandvillainy","PilotBaseTokenSheet","False","clear","1","AST-31F04F99DABD3094","legacy1e","112","high","assets/source/legacy1e/steamusercontent-a.akamaihd.net/images/asset__91075d77874a97f5.jpg","pilot identity 'kavil' in legacy context; ship identity matched; shared legacy image reference; legacy First Edition source"
"PILOT-3D59B61C04C1","kavil","kavil","Kavil","ywing","scumandvillainy","PilotBaseToken","True","clear","1","AST-BE20985D34BEB46A","generated","105","high","assets/generated/PilotBaseToken/scumandvillainy/ywing/kavil__pilot-3d59b61c04c1.png","pilot identity 'kavil' in path; ship identity matched; token and base context"
"PILOT-9F00C0DDB4E8","ketsuonyo","ketsuonyo","Ketsu Onyo","lancerclasspursuitcraft","scumandvillainy","PilotCard","True","clear","1","AST-6C3DAF91BDF0F8C1","xwing-data","278","high","assets/source/xwing-data/images/pilots/Scum and Villainy/Lancer-class Pursuit Craft/ketsu-onyo.png","pilot identity 'ketsuonyo' in path; ship identity matched; faction identity matched; pilot context; individual xwing-data First Edition pilot card; structured xwing-data record matched skill 7, points 38, image 'pilots/Scum and Villainy/Lancer-class Pursuit Craft/ketsu-onyo.png'"
"PILOT-9F00C0DDB4E8","ketsuonyo","ketsuonyo","Ketsu Onyo","lancerclasspursuitcraft","scumandvillainy","PilotBaseTokenSheet","False","clear","1","AST-27D71F0E98F57CF2","legacy1e","112","high","assets/source/legacy1e/steamusercontent-a.akamaihd.net/images/asset__ae80120d522a404a.png","pilot identity 'ketsuonyo' in legacy context; ship identity matched; shared legacy image reference; legacy First Edition source"
"PILOT-9F00C0DDB4E8","ketsuonyo","ketsuonyo","Ketsu Onyo","lancerclasspursuitcraft","scumandvillainy","PilotBaseToken","True","clear","1","AST-1A688A45DD7A38E7","generated","105","high","assets/generated/PilotBaseToken/scumandvillainy/lancerclasspursuitcraft/ketsuonyo__pilot-9f00c0ddb4e8.png","pilot identity 'ketsuonyo' in path; ship identity matched; token and base context"
"PILOT-75FAB3AFE0AF","krassistrelix","krassistrelix","Krassis Trelix","firespray31","galacticempire","PilotCard","True","clear","1","AST-4BACDACB46AC6F05","xwing-data","278","high","assets/source/xwing-data/images/pilots/Galactic Empire/Firespray-31/krassis-trelix.png","pilot identity 'krassistrelix' in path; ship identity matched; faction identity matched; pilot context; individual xwing-data First Edition pilot card; structured xwing-data record matched skill 5, points 36, image 'pilots/Galactic Empire/Firespray-31/krassis-trelix.png'"
"PILOT-75FAB3AFE0AF","krassistrelix","krassistrelix","Krassis Trelix","firespray31","galacticempire","PilotBaseTokenSheet","False","clear","1","AST-DA60D3BFA3891D8C","legacy1e","112","high","assets/source/legacy1e/steamusercontent-a.akamaihd.net/images/asset__284cf739230c5520.jpg","pilot identity 'krassistrelix' in legacy context; ship identity matched; shared legacy image reference; legacy First Edition source"
"PILOT-75FAB3AFE0AF","krassistrelix","krassistrelix","Krassis Trelix","firespray31","galacticempire","PilotBaseToken","True","clear","1","AST-6487537A9864AB4C","generated","105","high","assets/generated/PilotBaseToken/galacticempire/firespray31/krassistrelix__pilot-75fab3afe0af.png","pilot identity 'krassistrelix' in path; ship identity matched; token and base context"
"PILOT-5F40E4920B73","kullbeesperado","kullbeesperado","Kullbee Sperado","xwing","rebelalliance","PilotCard","True","clear","1","AST-584430F653E8B7E2","xwing-data","278","high","assets/source/xwing-data/images/pilots/Rebel Alliance/X-wing/kullbee-sperado.png","pilot identity 'kullbeesperado' in path; ship identity matched; faction identity matched; pilot context; individual xwing-data First Edition pilot card; structured xwing-data record matched skill 7, points 26, image 'pilots/Rebel Alliance/X-wing/kullbee-sperado.png'"
"PILOT-5F40E4920B73","kullbeesperado","kullbeesperado","Kullbee Sperado","xwing","rebelalliance","PilotBaseTokenSheet","False","clear","1","AST-F58C3AFB4DA62217","legacy1e","100","high","assets/source/legacy1e/steamusercontent-a.akamaihd.net/images/asset__9bffdd5d64d90455.png","pilot identity 'kullbeesperado' in legacy context; shared legacy image reference; legacy First Edition source"
"PILOT-5F40E4920B73","kullbeesperado","kullbeesperado","Kullbee Sperado","xwing","rebelalliance","PilotBaseToken","True","clear","1","AST-004CE809A91B6529","generated","105","high","assets/generated/PilotBaseToken/rebelalliance/xwing/kullbeesperado__pilot-5f40e4920b73.png","pilot identity 'kullbeesperado' in path; ship identity matched; token and base context"
"PILOT-FEEF6D0DA6D8","kylekatarn","kylekatarn","Kyle Katarn","hwk290","rebelalliance","PilotCard","True","clear","1","AST-122DC8D5A7556C76","xwing-data","278","high","assets/source/xwing-data/images/pilots/Rebel Alliance/HWK-290/kyle-katarn.png","pilot identity 'kylekatarn' in path; ship identity matched; faction identity matched; pilot context; individual xwing-data First Edition pilot card; structured xwing-data record matched skill 6, points 21, image 'pilots/Rebel Alliance/HWK-290/kyle-katarn.png'"
"PILOT-FEEF6D0DA6D8","kylekatarn","kylekatarn","Kyle Katarn","hwk290","rebelalliance","PilotBaseTokenSheet","False","clear","1","AST-44319E5317ED3C79","legacy1e","112","high","assets/source/legacy1e/steamusercontent-a.akamaihd.net/images/asset__eced59873189ee96.jpg","pilot identity 'kylekatarn' in legacy context; ship identity matched; shared legacy image reference; legacy First Edition source"
"PILOT-FEEF6D0DA6D8","kylekatarn","kylekatarn","Kyle Katarn","hwk290","rebelalliance","PilotBaseToken","True","clear","1","AST-A9F840CE74143E7D","generated","105","high","assets/generated/PilotBaseToken/rebelalliance/hwk290/kylekatarn__pilot-feef6d0da6d8.png","pilot identity 'kylekatarn' in path; ship identity matched; token and base context"
"PILOT-9AF4734CA538","kyloren","kyloren","Kylo Ren","tiesilencer","firstorder","PilotCard","True","clear","1","AST-199C6E27B13AAE27","xwing-data","278","high","assets/source/xwing-data/images/pilots/First Order/TIE Silencer/kylo-ren.png","pilot identity 'kyloren' in path; ship identity matched; faction identity matched; pilot context; individual xwing-data First Edition pilot card; structured xwing-data record matched skill 9, points 35, image 'pilots/First Order/TIE Silencer/kylo-ren.png'"
"PILOT-9AF4734CA538","kyloren","kyloren","Kylo Ren","tiesilencer","firstorder","PilotCard","True","clear","2","AST-C50C5D60775E6356","xwing-data","146","high","assets/source/xwing-data/images/pilots/First Order/Upsilon-class Shuttle/kylo-ren.png","pilot identity 'kyloren' in path; faction identity matched; pilot context; individual xwing-data First Edition pilot card"
"PILOT-9AF4734CA538","kyloren","kyloren","Kylo Ren","tiesilencer","firstorder","PilotBaseTokenSheet","False","clear","1","AST-F7615091702AC01E","legacy1e","1000","manual","assets/source/legacy1e/steamusercontent-a.akamaihd.net/images/asset__5da59378b7d9f2a3.png","manually approved pilot token sheet"
"PILOT-9AF4734CA538","kyloren","kyloren","Kylo Ren","tiesilencer","firstorder","PilotBaseToken","True","review","1","AST-57CD6A92ED0F4EEF","generated","105","high","assets/generated/PilotBaseToken/firstorder/tiesilencer/kyloren__pilot-9af4734ca538.png","pilot identity 'kyloren' in path; ship identity matched; token and base context"
"PILOT-9AF4734CA538","kyloren","kyloren","Kylo Ren","tiesilencer","firstorder","PilotBaseToken","True","review","2","AST-E56255881A7082F1","generated","93","high","assets/generated/PilotBaseToken/firstorder/upsilonclassshuttle/kyloren__pilot-d10c643b9d5f.png","pilot identity 'kyloren' in path; token and base context"
"PILOT-6842AEDDCC32","laetinashera","laetinashera","Laetin A'shera","m3ainterceptor","scumandvillainy","PilotCard","True","clear","1","AST-5ED90328901C79EF","xwing-data","278","high","assets/source/xwing-data/images/pilots/Scum and Villainy/M3-A Interceptor/laetin-a-shera.png","pilot identity 'laetinashera' in path; ship identity matched; faction identity matched; pilot context; individual xwing-data First Edition pilot card; structured xwing-data record matched skill 6, points 18, image 'pilots/Scum and Villainy/M3-A Interceptor/laetin-a-shera.png'"
"PILOT-6842AEDDCC32","laetinashera","laetinashera","Laetin A'shera","m3ainterceptor","scumandvillainy","PilotBaseTokenSheet","False","clear","1","AST-9306C1286D082CE2","legacy1e","112","high","assets/source/legacy1e/steamusercontent-a.akamaihd.net/images/asset__2b628d8e1453f008.jpg","pilot identity 'laetinashera' in legacy context; ship identity matched; shared legacy image reference; legacy First Edition source"
"PILOT-6842AEDDCC32","laetinashera","laetinashera","Laetin A'shera","m3ainterceptor","scumandvillainy","PilotBaseToken","True","clear","1","AST-284350B184D891B5","generated","105","high","assets/generated/PilotBaseToken/scumandvillainy/m3ainterceptor/laetinashera__pilot-6842aeddcc32.png","pilot identity 'laetinashera' in path; ship identity matched; token and base context"
"PILOT-59737EAA2DAB","landocalrissian-battleoverendor","landocalrissian","Lando Calrissian","yt1300","rebelalliance","PilotCard","True","clear","1","AST-5790CF85796F36D7","xwing-data","278","high","assets/source/xwing-data/images/pilots/Rebel Alliance/YT-1300/lando-calrissian.png","pilot identity 'landocalrissian' in path; ship identity matched; faction identity matched; pilot context; individual xwing-data First Edition pilot card; structured xwing-data record matched skill 7, points 44, image 'pilots/Rebel Alliance/YT-1300/lando-calrissian.png'"
"PILOT-59737EAA2DAB","landocalrissian-battleoverendor","landocalrissian","Lando Calrissian","yt1300","rebelalliance","PilotBaseTokenSheet","False","clear","1","AST-4F7D0A8C532A7B65","legacy1e","112","high","assets/source/legacy1e/steamusercontent-a.akamaihd.net/images/asset__8552ac06500a17cf.jpg","pilot identity 'landocalrissian' in legacy context; ship identity matched; shared legacy image reference; legacy First Edition source"
"PILOT-59737EAA2DAB","landocalrissian-battleoverendor","landocalrissian","Lando Calrissian","yt1300","rebelalliance","PilotBaseToken","True","clear","1","AST-8C95639A97477D7B","generated","105","high","assets/generated/PilotBaseToken/rebelalliance/yt1300/landocalrissian__pilot-59737eaa2dab.png","pilot identity 'landocalrissian' in path; ship identity matched; token and base context"
"PILOT-D128BD38A4EB","lattsrazzi","lattsrazzi","Latts Razzi","yv666","scumandvillainy","PilotCard","True","clear","1","AST-40AAA04602B2369F","xwing-data","278","high","assets/source/xwing-data/images/pilots/Scum and Villainy/YV-666/latts-razzi.png","pilot identity 'lattsrazzi' in path; ship identity matched; faction identity matched; pilot context; individual xwing-data First Edition pilot card; structured xwing-data record matched skill 5, points 33, image 'pilots/Scum and Villainy/YV-666/latts-razzi.png'"
"PILOT-D128BD38A4EB","lattsrazzi","lattsrazzi","Latts Razzi","yv666","scumandvillainy","PilotBaseTokenSheet","False","clear","1","AST-96453D46BFD0EA27","legacy1e","112","high","assets/source/legacy1e/steamusercontent-a.akamaihd.net/images/asset__c9bee59c36adbb41.jpg","pilot identity 'lattsrazzi' in legacy context; ship identity matched; shared legacy image reference; legacy First Edition source"
"PILOT-D128BD38A4EB","lattsrazzi","lattsrazzi","Latts Razzi","yv666","scumandvillainy","PilotBaseToken","True","clear","1","AST-E94ED3B785638350","generated","105","high","assets/generated/PilotBaseToken/scumandvillainy/yv666/lattsrazzi__pilot-d128bd38a4eb.png","pilot identity 'lattsrazzi' in path; ship identity matched; token and base context"
"PILOT-63D29F362B3C","leevantenza","leevantenza","Leevan Tenza","xwing","rebelalliance","PilotCard","True","clear","1","AST-4752929C88A3EF99","xwing-data","278","high","assets/source/xwing-data/images/pilots/Rebel Alliance/X-wing/leevan-tenza.png","pilot identity 'leevantenza' in path; ship identity matched; faction identity matched; pilot context; individual xwing-data First Edition pilot card; structured xwing-data record matched skill 5, points 25, image 'pilots/Rebel Alliance/X-wing/leevan-tenza.png'"
"PILOT-63D29F362B3C","leevantenza","leevantenza","Leevan Tenza","xwing","rebelalliance","PilotBaseTokenSheet","False","clear","1","AST-F58C3AFB4DA62217","legacy1e","100","high","assets/source/legacy1e/steamusercontent-a.akamaihd.net/images/asset__9bffdd5d64d90455.png","pilot identity 'leevantenza' in legacy context; shared legacy image reference; legacy First Edition source"
"PILOT-63D29F362B3C","leevantenza","leevantenza","Leevan Tenza","xwing","rebelalliance","PilotBaseToken","True","clear","1","AST-6F78548B5EB2C3D6","generated","105","high","assets/generated/PilotBaseToken/rebelalliance/xwing/leevantenza__pilot-63d29f362b3c.png","pilot identity 'leevantenza' in path; ship identity matched; token and base context"
"PILOT-94A1E988D420","lieutenantblount","lieutenantblount","Lieutenant Blount","z95headhunter","rebelalliance","PilotCard","True","clear","1","AST-2B2B0C0DA98D31F8","xwing-data","278","high","assets/source/xwing-data/images/pilots/Rebel Alliance/Z-95 Headhunter/lieutenant-blount.png","pilot identity 'lieutenantblount' in path; ship identity matched; faction identity matched; pilot context; individual xwing-data First Edition pilot card; structured xwing-data record matched skill 6, points 17, image 'pilots/Rebel Alliance/Z-95 Headhunter/lieutenant-blount.png'"
"PILOT-94A1E988D420","lieutenantblount","lieutenantblount","Lieutenant Blount","z95headhunter","rebelalliance","PilotBaseTokenSheet","False","clear","1","AST-5C70BF298C200257","legacy1e","112","high","assets/source/legacy1e/steamusercontent-a.akamaihd.net/images/asset__e9974f4b5c04ff70.jpg","pilot identity 'lieutenantblount' in legacy context; ship identity matched; shared legacy image reference; legacy First Edition source"
"PILOT-94A1E988D420","lieutenantblount","lieutenantblount","Lieutenant Blount","z95headhunter","rebelalliance","PilotBaseToken","True","clear","1","AST-2F88CACC9205E018","generated","105","high","assets/generated/PilotBaseToken/rebelalliance/z95headhunter/lieutenantblount__pilot-94a1e988d420.png","pilot identity 'lieutenantblount' in path; ship identity matched; token and base context"
"PILOT-CE8814AF4A55","lieutenantdormitz","lieutenantdormitz","Lieutenant Dormitz","upsilonclassshuttle","firstorder","PilotCard","True","clear","1","AST-D010785CEF9DAE18","xwing-data","278","high","assets/source/xwing-data/images/pilots/First Order/Upsilon-class Shuttle/lieutenant-dormitz.png","pilot identity 'lieutenantdormitz' in path; ship identity matched; faction identity matched; pilot context; individual xwing-data First Edition pilot card; structured xwing-data record matched skill 3, points 31, image 'pilots/First Order/Upsilon-class Shuttle/lieutenant-dormitz.png'"
"PILOT-CE8814AF4A55","lieutenantdormitz","lieutenantdormitz","Lieutenant Dormitz","upsilonclassshuttle","firstorder","PilotBaseTokenSheet","False","clear","1","AST-3FCBA881EC05F279","legacy1e","112","high","assets/source/legacy1e/steamusercontent-a.akamaihd.net/other/asset__44c6141bf7b66f45.png","pilot identity 'lieutenantdormitz' in legacy context; ship identity matched; shared legacy image reference; legacy First Edition source"
"PILOT-CE8814AF4A55","lieutenantdormitz","lieutenantdormitz","Lieutenant Dormitz","upsilonclassshuttle","firstorder","PilotBaseToken","True","clear","1","AST-1D42DE676CAB3B07","generated","105","high","assets/generated/PilotBaseToken/firstorder/upsilonclassshuttle/lieutenantdormitz__pilot-ce8814af4a55.png","pilot identity 'lieutenantdormitz' in path; ship identity matched; token and base context"
"PILOT-A0F3DB878B53","lieutenantkarsabi","lieutenantkarsabi","Lieutenant Karsabi","alphaclassstarwing","galacticempire","PilotCard","True","clear","1","AST-0E4A689DBEBDFF31","xwing-data","278","high","assets/source/xwing-data/images/pilots/Galactic Empire/Alpha-class Star Wing/lieutenant-karsabi.png","pilot identity 'lieutenantkarsabi' in path; ship identity matched; faction identity matched; pilot context; individual xwing-data First Edition pilot card; structured xwing-data record matched skill 5, points 24, image 'pilots/Galactic Empire/Alpha-class Star Wing/lieutenant-karsabi.png'"
"PILOT-A0F3DB878B53","lieutenantkarsabi","lieutenantkarsabi","Lieutenant Karsabi","alphaclassstarwing","galacticempire","PilotBaseTokenSheet","False","clear","1","AST-1526AB5322C2D6C2","legacy1e","1000","manual","assets/source/legacy1e/steamusercontent-a.akamaihd.net/images/asset__a2255d00c6c09113.jpg","manually approved pilot token sheet"
"PILOT-A0F3DB878B53","lieutenantkarsabi","lieutenantkarsabi","Lieutenant Karsabi","alphaclassstarwing","galacticempire","PilotBaseToken","True","clear","1","AST-F634F169E504E246","generated","105","high","assets/generated/PilotBaseToken/galacticempire/alphaclassstarwing/lieutenantkarsabi__pilot-a0f3db878b53.png","pilot identity 'lieutenantkarsabi' in path; ship identity matched; token and base context"
"PILOT-0CCB6DEA3E06","lieutenantkestal","lieutenantkestal","Lieutenant Kestal","tieaggressor","galacticempire","PilotCard","True","clear","1","AST-29B7A4DD43370444","xwing-data","278","high","assets/source/xwing-data/images/pilots/Galactic Empire/TIE Aggressor/lieutenant-kestal.png","pilot identity 'lieutenantkestal' in path; ship identity matched; faction identity matched; pilot context; individual xwing-data First Edition pilot card; structured xwing-data record matched skill 7, points 22, image 'pilots/Galactic Empire/TIE Aggressor/lieutenant-kestal.png'"
"PILOT-0CCB6DEA3E06","lieutenantkestal","lieutenantkestal","Lieutenant Kestal","tieaggressor","galacticempire","PilotBaseTokenSheet","False","clear","1","AST-50FB0F5A0EF4D300","legacy1e","100","high","assets/source/legacy1e/steamusercontent-a.akamaihd.net/other/asset__b31888e41b3fa302.png","pilot identity 'lieutenantkestal' in legacy context; shared legacy image reference; legacy First Edition source"
"PILOT-0CCB6DEA3E06","lieutenantkestal","lieutenantkestal","Lieutenant Kestal","tieaggressor","galacticempire","PilotBaseToken","True","clear","1","AST-A5F155CD0D1655DE","generated","105","high","assets/generated/PilotBaseToken/galacticempire/tieaggressor/lieutenantkestal__pilot-0ccb6dea3e06.png","pilot identity 'lieutenantkestal' in path; ship identity matched; token and base context"
"PILOT-F6ADBD0D6A79","lieutenantlorrir","lieutenantlorrir","Lieutenant Lorrir","tieinterceptor","galacticempire","PilotCard","True","clear","1","AST-25CE92426A010D8F","xwing-data","278","high","assets/source/xwing-data/images/pilots/Galactic Empire/TIE Interceptor/lieutenant-lorrir.png","pilot identity 'lieutenantlorrir' in path; ship identity matched; faction identity matched; pilot context; individual xwing-data First Edition pilot card; structured xwing-data record matched skill 5, points 23, image 'pilots/Galactic Empire/TIE Interceptor/lieutenant-lorrir.png'"
"PILOT-F6ADBD0D6A79","lieutenantlorrir","lieutenantlorrir","Lieutenant Lorrir","tieinterceptor","galacticempire","PilotBaseTokenSheet","False","clear","1","AST-AECCF7C1D3414560","legacy1e","112","high","assets/source/legacy1e/steamusercontent-a.akamaihd.net/images/asset__8edcd63544e01278.jpg","pilot identity 'lieutenantlorrir' in legacy context; ship identity matched; shared legacy image reference; legacy First Edition source"
"PILOT-F6ADBD0D6A79","lieutenantlorrir","lieutenantlorrir","Lieutenant Lorrir","tieinterceptor","galacticempire","PilotBaseToken","True","clear","1","AST-8D5FE868DEAF6D64","generated","105","high","assets/generated/PilotBaseToken/galacticempire/tieinterceptor/lieutenantlorrir__pilot-f6adbd0d6a79.png","pilot identity 'lieutenantlorrir' in path; ship identity matched; token and base context"
"PILOT-43214C180796","lokrevenant","lokrevenant","Lok Revenant","scurrgh6bomber","scumandvillainy","PilotCard","True","clear","1","AST-2024A252263334C6","xwing-data","278","high","assets/source/xwing-data/images/pilots/Scum and Villainy/Scurrg H-6 Bomber/lok-revenant.png","pilot identity 'lokrevenant' in path; ship identity matched; faction identity matched; pilot context; individual xwing-data First Edition pilot card; structured xwing-data record matched skill 3, points 26, image 'pilots/Scum and Villainy/Scurrg H-6 Bomber/lok-revenant.png'"
"PILOT-43214C180796","lokrevenant","lokrevenant","Lok Revenant","scurrgh6bomber","scumandvillainy","PilotBaseTokenSheet","False","clear","1","AST-49ED4F9EB783ED6B","legacy1e","100","high","assets/source/legacy1e/steamusercontent-a.akamaihd.net/images/asset__bdc4f60f73995490.png","pilot identity 'lokrevenant' in legacy context; shared legacy image reference; legacy First Edition source"
"PILOT-43214C180796","lokrevenant","lokrevenant","Lok Revenant","scurrgh6bomber","scumandvillainy","PilotBaseToken","True","clear","1","AST-457344B5DD62AC1F","generated","105","high","assets/generated/PilotBaseToken/scumandvillainy/scurrgh6bomber/lokrevenant__pilot-43214c180796.png","pilot identity 'lokrevenant' in path; ship identity matched; token and base context"
"PILOT-BA7FB595439C","lothalrebel","lothalrebel","Lothal Rebel","vcx100","rebelalliance","PilotCard","True","clear","1","AST-6E3EC79ED2BEDF98","xwing-data","278","high","assets/source/xwing-data/images/pilots/Rebel Alliance/VCX-100/lothal-rebel.png","pilot identity 'lothalrebel' in path; ship identity matched; faction identity matched; pilot context; individual xwing-data First Edition pilot card; structured xwing-data record matched skill 3, points 35, image 'pilots/Rebel Alliance/VCX-100/lothal-rebel.png'"
"PILOT-BA7FB595439C","lothalrebel","lothalrebel","Lothal Rebel","vcx100","rebelalliance","PilotBaseTokenSheet","False","clear","1","AST-3A9560411E177477","legacy1e","112","high","assets/source/legacy1e/steamusercontent-a.akamaihd.net/images/asset__a28587a196c79e16.jpg","pilot identity 'lothalrebel' in legacy context; ship identity matched; shared legacy image reference; legacy First Edition source"
"PILOT-BA7FB595439C","lothalrebel","lothalrebel","Lothal Rebel","vcx100","rebelalliance","PilotBaseToken","True","clear","1","AST-121212B4DCDF8E50","generated","105","high","assets/generated/PilotBaseToken/rebelalliance/vcx100/lothalrebel__pilot-ba7fb595439c.png","pilot identity 'lothalrebel' in path; ship identity matched; token and base context"
"PILOT-4F7FCC996CCB","lowhhrick","lowhhrick","Lowhhrick","auzituckgunship","rebelalliance","PilotCard","True","clear","1","AST-F3765277BD9A5AFD","xwing-data","278","high","assets/source/xwing-data/images/pilots/Rebel Alliance/Auzituck Gunship/lowhhrick.png","pilot identity 'lowhhrick' in path; ship identity matched; faction identity matched; pilot context; individual xwing-data First Edition pilot card; structured xwing-data record matched skill 5, points 28, image 'pilots/Rebel Alliance/Auzituck Gunship/lowhhrick.png'"
"PILOT-4F7FCC996CCB","lowhhrick","lowhhrick","Lowhhrick","auzituckgunship","rebelalliance","PilotBaseTokenSheet","False","missing","0","","","0","","",""
"PILOT-4F7FCC996CCB","lowhhrick","lowhhrick","Lowhhrick","auzituckgunship","rebelalliance","PilotBaseToken","True","clear","1","AST-EF641B83A2863A62","generated","105","high","assets/generated/PilotBaseToken/rebelalliance/auzituckgunship/lowhhrick__pilot-d9a047e8159f.png","pilot identity 'lowhhrick' in path; ship identity matched; token and base context"
"PILOT-AA47833EE888","lukeskywalker","lukeskywalker","Luke Skywalker","xwing","rebelalliance","PilotCard","True","clear","1","AST-6C4D96E20DBFE8D0","xwing-data","278","high","assets/source/xwing-data/images/pilots/Rebel Alliance/X-wing/luke-skywalker.png","pilot identity 'lukeskywalker' in path; ship identity matched; faction identity matched; pilot context; individual xwing-data First Edition pilot card; structured xwing-data record matched skill 8, points 28, image 'pilots/Rebel Alliance/X-wing/luke-skywalker.png'"
"PILOT-AA47833EE888","lukeskywalker","lukeskywalker","Luke Skywalker","xwing","rebelalliance","PilotBaseTokenSheet","False","clear","1","AST-5E701DA557AA7F88","legacy1e","112","high","assets/source/legacy1e/steamusercontent-a.akamaihd.net/images/asset__479ac4c40d60d726.png","pilot identity 'lukeskywalker' in legacy context; ship identity matched; shared legacy image reference; legacy First Edition source"
"PILOT-AA47833EE888","lukeskywalker","lukeskywalker","Luke Skywalker","xwing","rebelalliance","PilotBaseToken","True","clear","1","AST-3357B022CFFC7D8C","generated","105","high","assets/generated/PilotBaseToken/rebelalliance/xwing/lukeskywalker__pilot-aa47833ee888.png","pilot identity 'lukeskywalker' in path; ship identity matched; token and base context"
"PILOT-D3947C6F77DF","maarekstele","maarekstele","Maarek Stele","tieadvanced","galacticempire","PilotCard","True","clear","1","AST-1B4564DF6B7420E3","xwing-data","278","high","assets/source/xwing-data/images/pilots/Galactic Empire/TIE Advanced/maarek-stele.png","pilot identity 'maarekstele' in path; ship identity matched; faction identity matched; pilot context; individual xwing-data First Edition pilot card; structured xwing-data record matched skill 7, points 27, image 'pilots/Galactic Empire/TIE Advanced/maarek-stele.png'"
"PILOT-D3947C6F77DF","maarekstele","maarekstele","Maarek Stele","tieadvanced","galacticempire","PilotCard","True","clear","2","AST-4CBA2DEAE4ECDC1A","xwing-data","146","high","assets/source/xwing-data/images/pilots/Galactic Empire/TIE Defender/maarek-stele.png","pilot identity 'maarekstele' in path; faction identity matched; pilot context; individual xwing-data First Edition pilot card"
"PILOT-D3947C6F77DF","maarekstele","maarekstele","Maarek Stele","tieadvanced","galacticempire","PilotBaseTokenSheet","False","clear","1","AST-725809CC38366F0F","legacy1e","1000","manual","assets/source/legacy1e/steamusercontent-a.akamaihd.net/images/asset__6e97d1e9c3fe2186.jpg","manually approved pilot token sheet"
"PILOT-D3947C6F77DF","maarekstele","maarekstele","Maarek Stele","tieadvanced","galacticempire","PilotBaseToken","True","review","1","AST-71C79FEC4BEC62E2","generated","105","high","assets/generated/PilotBaseToken/galacticempire/tieadvanced/maarekstele__pilot-d3947c6f77df.png","pilot identity 'maarekstele' in path; ship identity matched; token and base context"
"PILOT-D3947C6F77DF","maarekstele","maarekstele","Maarek Stele","tieadvanced","galacticempire","PilotBaseToken","True","review","2","AST-B4798977345FB6C7","generated","93","high","assets/generated/PilotBaseToken/galacticempire/tiedefender/maarekstele__pilot-bf753aa35aef.png","pilot identity 'maarekstele' in path; token and base context"
"PILOT-C1CD7D44A8EF","magvayarro","magvayarro","Magva Yarro","uwing","rebelalliance","PilotCard","True","clear","1","AST-793A68B6189CB2C7","xwing-data","278","high","assets/source/xwing-data/images/pilots/Rebel Alliance/U-wing/magva-yarro.png","pilot identity 'magvayarro' in path; ship identity matched; faction identity matched; pilot context; individual xwing-data First Edition pilot card; structured xwing-data record matched skill 5, points 25, image 'pilots/Rebel Alliance/U-wing/magva-yarro.png'"
"PILOT-C1CD7D44A8EF","magvayarro","magvayarro","Magva Yarro","uwing","rebelalliance","PilotBaseTokenSheet","False","clear","1","AST-3734612C0A380CC7","legacy1e","1000","manual","assets/source/legacy1e/steamusercontent-a.akamaihd.net/images/asset__9206d67cb1951531.png","manually approved pilot token sheet"
"PILOT-C1CD7D44A8EF","magvayarro","magvayarro","Magva Yarro","uwing","rebelalliance","PilotBaseToken","True","clear","1","AST-99CCA9FF47A0BDCD","generated","105","high","assets/generated/PilotBaseToken/rebelalliance/uwing/magvayarro__pilot-c1cd7d44a8ef.png","pilot identity 'magvayarro' in path; ship identity matched; token and base context"
"PILOT-2699BB62E4DA","majorrhymer","majorrhymer","Major Rhymer","tiebomber","galacticempire","PilotCard","True","clear","1","AST-2B46330D94070B9C","xwing-data","278","high","assets/source/xwing-data/images/pilots/Galactic Empire/TIE Bomber/major-rhymer.png","pilot identity 'majorrhymer' in path; ship identity matched; faction identity matched; pilot context; individual xwing-data First Edition pilot card; structured xwing-data record matched skill 7, points 26, image 'pilots/Galactic Empire/TIE Bomber/major-rhymer.png'"
"PILOT-2699BB62E4DA","majorrhymer","majorrhymer","Major Rhymer","tiebomber","galacticempire","PilotBaseTokenSheet","False","clear","1","AST-0868093752192D67","legacy1e","112","high","assets/source/legacy1e/steamusercontent-a.akamaihd.net/images/asset__e59c4a387e1a8612.jpg","pilot identity 'majorrhymer' in legacy context; ship identity matched; shared legacy image reference; legacy First Edition source"
"PILOT-2699BB62E4DA","majorrhymer","majorrhymer","Major Rhymer","tiebomber","galacticempire","PilotBaseToken","True","clear","1","AST-DFB22E30F77DE508","generated","105","high","assets/generated/PilotBaseToken/galacticempire/tiebomber/majorrhymer__pilot-2699bb62e4da.png","pilot identity 'majorrhymer' in path; ship identity matched; token and base context"
"PILOT-9F19E7E69203","majorstridan","majorstridan","Major Stridan","upsilonclassshuttle","firstorder","PilotCard","True","clear","1","AST-D11170895D6711DA","xwing-data","278","high","assets/source/xwing-data/images/pilots/First Order/Upsilon-class Shuttle/major-stridan.png","pilot identity 'majorstridan' in path; ship identity matched; faction identity matched; pilot context; individual xwing-data First Edition pilot card; structured xwing-data record matched skill 4, points 32, image 'pilots/First Order/Upsilon-class Shuttle/major-stridan.png'"
"PILOT-9F19E7E69203","majorstridan","majorstridan","Major Stridan","upsilonclassshuttle","firstorder","PilotBaseTokenSheet","False","missing","0","","","0","","",""
"PILOT-9F19E7E69203","majorstridan","majorstridan","Major Stridan","upsilonclassshuttle","firstorder","PilotBaseToken","True","clear","1","AST-1DC72C16899532DD","generated","105","high","assets/generated/PilotBaseToken/firstorder/upsilonclassshuttle/majorstridan__pilot-ad985a4e2ce1.png","pilot identity 'majorstridan' in path; ship identity matched; token and base context"
"PILOT-7BAC41A2F381","majorvermeil","majorvermeil","Major Vermeil","tiereaper","galacticempire","PilotCard","True","clear","1","AST-59E092777FCE5F83","xwing-data","278","high","assets/source/xwing-data/images/pilots/Galactic Empire/TIE Reaper/major-vermeil.png","pilot identity 'majorvermeil' in path; ship identity matched; faction identity matched; pilot context; individual xwing-data First Edition pilot card; structured xwing-data record matched skill 6, points 26, image 'pilots/Galactic Empire/TIE Reaper/major-vermeil.png'"
"PILOT-7BAC41A2F381","majorvermeil","majorvermeil","Major Vermeil","tiereaper","galacticempire","PilotBaseTokenSheet","False","clear","1","AST-A413F44E6EA130E1","legacy1e","112","high","assets/source/legacy1e/steamusercontent-a.akamaihd.net/images/asset__3b3dce8b8374d7fa.png","pilot identity 'majorvermeil' in legacy context; ship identity matched; shared legacy image reference; legacy First Edition source"
"PILOT-7BAC41A2F381","majorvermeil","majorvermeil","Major Vermeil","tiereaper","galacticempire","PilotBaseToken","True","clear","1","AST-6658064D6363B8C3","generated","105","high","assets/generated/PilotBaseToken/galacticempire/tiereaper/majorvermeil__pilot-e7c1ecfe70bc.png","pilot identity 'majorvermeil' in path; ship identity matched; token and base context"
"PILOT-E36B6ADA5CD4","majorvynder","majorvynder","Major Vynder","alphaclassstarwing","galacticempire","PilotCard","True","clear","1","AST-7C72733C6E341A6A","xwing-data","278","high","assets/source/xwing-data/images/pilots/Galactic Empire/Alpha-class Star Wing/major-vynder.png","pilot identity 'majorvynder' in path; ship identity matched; faction identity matched; pilot context; individual xwing-data First Edition pilot card; structured xwing-data record matched skill 7, points 26, image 'pilots/Galactic Empire/Alpha-class Star Wing/major-vynder.png'"
"PILOT-E36B6ADA5CD4","majorvynder","majorvynder","Major Vynder","alphaclassstarwing","galacticempire","PilotBaseTokenSheet","False","clear","1","AST-3C219D1E02E42F0E","legacy1e","1000","manual","assets/source/legacy1e/steamusercontent-a.akamaihd.net/images/asset__f60079774097c6e1.jpg","manually approved pilot token sheet"
"PILOT-E36B6ADA5CD4","majorvynder","majorvynder","Major Vynder","alphaclassstarwing","galacticempire","PilotBaseToken","True","clear","1","AST-291FF5833FC5BD4E","generated","105","high","assets/generated/PilotBaseToken/galacticempire/alphaclassstarwing/majorvynder__pilot-e36b6ada5cd4.png","pilot identity 'majorvynder' in path; ship identity matched; token and base context"
"PILOT-2FF8E40F2FB9","manaroo","manaroo","Manaroo","jumpmaster5000","scumandvillainy","PilotCard","True","clear","1","AST-9C29E2F7DE0CF9C2","xwing-data","278","high","assets/source/xwing-data/images/pilots/Scum and Villainy/JumpMaster 5000/manaroo.png","pilot identity 'manaroo' in path; ship identity matched; faction identity matched; pilot context; individual xwing-data First Edition pilot card; structured xwing-data record matched skill 4, points 27, image 'pilots/Scum and Villainy/JumpMaster 5000/manaroo.png'"
"PILOT-2FF8E40F2FB9","manaroo","manaroo","Manaroo","jumpmaster5000","scumandvillainy","PilotBaseTokenSheet","False","clear","1","AST-9301963E43016631","legacy1e","112","high","assets/source/legacy1e/steamusercontent-a.akamaihd.net/images/asset__61e603ba4eae6169.jpg","pilot identity 'manaroo' in legacy context; ship identity matched; shared legacy image reference; legacy First Edition source"
"PILOT-2FF8E40F2FB9","manaroo","manaroo","Manaroo","jumpmaster5000","scumandvillainy","PilotBaseToken","True","clear","1","AST-5A8D29FDFD4D300B","generated","105","high","assets/generated/PilotBaseToken/scumandvillainy/jumpmaster5000/manaroo__pilot-2ff8e40f2fb9.png","pilot identity 'manaroo' in path; ship identity matched; token and base context"
"PILOT-0E181989C08C","mirandadoni","mirandadoni","Miranda Doni","kwing","rebelalliance","PilotCard","True","clear","1","AST-4897FABDD075CC73","xwing-data","278","high","assets/source/xwing-data/images/pilots/Rebel Alliance/K-wing/miranda-doni.png","pilot identity 'mirandadoni' in path; ship identity matched; faction identity matched; pilot context; individual xwing-data First Edition pilot card; structured xwing-data record matched skill 8, points 29, image 'pilots/Rebel Alliance/K-wing/miranda-doni.png'"
"PILOT-0E181989C08C","mirandadoni","mirandadoni","Miranda Doni","kwing","rebelalliance","PilotBaseTokenSheet","False","clear","1","AST-151CCF8058620D0E","legacy1e","112","high","assets/source/legacy1e/steamusercontent-a.akamaihd.net/images/asset__4af57bb26524ed0b.jpg","pilot identity 'mirandadoni' in legacy context; ship identity matched; shared legacy image reference; legacy First Edition source"
"PILOT-0E181989C08C","mirandadoni","mirandadoni","Miranda Doni","kwing","rebelalliance","PilotBaseToken","True","clear","1","AST-DC7025F96CCE65E7","generated","105","high","assets/generated/PilotBaseToken/rebelalliance/kwing/mirandadoni__pilot-0e181989c08c.png","pilot identity 'mirandadoni' in path; ship identity matched; token and base context"
"PILOT-04881CC2D835","moraloeval","moraloeval","Moralo Eval","yv666","scumandvillainy","PilotCard","True","clear","1","AST-D1EEB38622D78B22","xwing-data","278","high","assets/source/xwing-data/images/pilots/Scum and Villainy/YV-666/moralo-eval.png","pilot identity 'moraloeval' in path; ship identity matched; faction identity matched; pilot context; individual xwing-data First Edition pilot card; structured xwing-data record matched skill 6, points 34, image 'pilots/Scum and Villainy/YV-666/moralo-eval.png'"
"PILOT-04881CC2D835","moraloeval","moraloeval","Moralo Eval","yv666","scumandvillainy","PilotBaseTokenSheet","False","clear","1","AST-60EF69CD53EB0D92","legacy1e","112","high","assets/source/legacy1e/steamusercontent-a.akamaihd.net/images/asset__b5702c22e1f3090a.jpg","pilot identity 'moraloeval' in legacy context; ship identity matched; shared legacy image reference; legacy First Edition source"
"PILOT-04881CC2D835","moraloeval","moraloeval","Moralo Eval","yv666","scumandvillainy","PilotBaseToken","True","clear","1","AST-6CE31B70DFCEBB6E","generated","105","high","assets/generated/PilotBaseToken/scumandvillainy/yv666/moraloeval__pilot-04881cc2d835.png","pilot identity 'moraloeval' in path; ship identity matched; token and base context"
"PILOT-3CF4B6B87B64","ndrusuhlak","ndrusuhlak","N'dru Suhlak","z95headhunter","scumandvillainy","PilotCard","True","clear","1","AST-F4B8581D8D0EB11E","xwing-data","278","high","assets/source/xwing-data/images/pilots/Scum and Villainy/Z-95 Headhunter/n-dru-suhlak.png","pilot identity 'ndrusuhlak' in path; ship identity matched; faction identity matched; pilot context; individual xwing-data First Edition pilot card; structured xwing-data record matched skill 7, points 17, image 'pilots/Scum and Villainy/Z-95 Headhunter/n-dru-suhlak.png'"
"PILOT-3CF4B6B87B64","ndrusuhlak","ndrusuhlak","N'dru Suhlak","z95headhunter","scumandvillainy","PilotBaseTokenSheet","False","clear","1","AST-166B984CF51D515B","legacy1e","112","high","assets/source/legacy1e/steamusercontent-a.akamaihd.net/images/asset__979839eadedbe9b0.png","pilot identity 'ndrusuhlak' in legacy context; ship identity matched; shared legacy image reference; legacy First Edition source"
"PILOT-3CF4B6B87B64","ndrusuhlak","ndrusuhlak","N'dru Suhlak","z95headhunter","scumandvillainy","PilotBaseToken","True","clear","1","AST-E05FBA4AE2552AE8","generated","105","high","assets/generated/PilotBaseToken/scumandvillainy/z95headhunter/ndrusuhlak__pilot-3cf4b6b87b64.png","pilot identity 'ndrusuhlak' in path; ship identity matched; token and base context"
"PILOT-64E329984278","niennunb","niennunb","Nien Nunb","t70xwing","resistance","PilotCard","True","clear","1","AST-75B694C4BFF9F6D8","xwing-data","278","high","assets/source/xwing-data/images/pilots/Resistance/T-70 X-wing/nien-nunb.png","pilot identity 'niennunb' in path; ship identity matched; faction identity matched; pilot context; individual xwing-data First Edition pilot card; structured xwing-data record matched skill 7, points 29, image 'pilots/Resistance/T-70 X-wing/nien-nunb.png'"
"PILOT-64E329984278","niennunb","niennunb","Nien Nunb","t70xwing","resistance","PilotBaseTokenSheet","False","clear","1","AST-4F5A68FCA5F817C6","legacy1e","112","high","assets/source/legacy1e/steamusercontent-a.akamaihd.net/images/asset__9832f52a2ba74315.png","pilot identity 'niennunb' in legacy context; ship identity matched; shared legacy image reference; legacy First Edition source"
"PILOT-64E329984278","niennunb","niennunb","Nien Nunb","t70xwing","resistance","PilotBaseTokenSheet","False","clear","2","AST-812ECA60333AA661","legacy1e","90","high","assets/source/legacy1e/steamusercontent-a.akamaihd.net/images/asset__16209805b76e1a18.png","pilot identity 'niennunb' in legacy context; legacy First Edition source"
"PILOT-64E329984278","niennunb","niennunb","Nien Nunb","t70xwing","resistance","PilotBaseToken","True","clear","1","AST-8C282BBD905E19D4","generated","105","high","assets/generated/PilotBaseToken/resistance/t70xwing/niennunb__pilot-dca9ee93e622.png","pilot identity 'niennunb' in path; ship identity matched; token and base context"
"PILOT-65F6F265F16D","norrawexley","norrawexley","Norra Wexley","arc170","rebelalliance","PilotCard","True","clear","1","AST-4E9E44870B058F70","xwing-data","278","high","assets/source/xwing-data/images/pilots/Rebel Alliance/ARC-170/norra-wexley.png","pilot identity 'norrawexley' in path; ship identity matched; faction identity matched; pilot context; individual xwing-data First Edition pilot card; structured xwing-data record matched skill 7, points 29, image 'pilots/Rebel Alliance/ARC-170/norra-wexley.png'"
"PILOT-65F6F265F16D","norrawexley","norrawexley","Norra Wexley","arc170","rebelalliance","PilotBaseTokenSheet","False","clear","1","AST-CB97F9BE120E8B1B","legacy1e","112","high","assets/source/legacy1e/steamusercontent-a.akamaihd.net/images/asset__116b5f5103b89cc7.jpg","pilot identity 'norrawexley' in legacy context; ship identity matched; shared legacy image reference; legacy First Edition source"
"PILOT-65F6F265F16D","norrawexley","norrawexley","Norra Wexley","arc170","rebelalliance","PilotBaseToken","True","clear","1","AST-9D7F8E6A7C0521FE","generated","105","high","assets/generated/PilotBaseToken/rebelalliance/arc170/norrawexley__pilot-65f6f265f16d.png","pilot identity 'norrawexley' in path; ship identity matched; token and base context"
"PILOT-3C9E6338EBC2","nusquadronpilot","nusquadronpilot","Nu Squadron Pilot","alphaclassstarwing","galacticempire","PilotCard","True","clear","1","AST-553E4AEDD00554FF","xwing-data","278","high","assets/source/xwing-data/images/pilots/Galactic Empire/Alpha-class Star Wing/nu-squadron-pilot.png","pilot identity 'nusquadronpilot' in path; ship identity matched; faction identity matched; pilot context; individual xwing-data First Edition pilot card; structured xwing-data record matched skill 2, points 18, image 'pilots/Galactic Empire/Alpha-class Star Wing/nu-squadron-pilot.png'"
"PILOT-3C9E6338EBC2","nusquadronpilot","nusquadronpilot","Nu Squadron Pilot","alphaclassstarwing","galacticempire","PilotBaseTokenSheet","False","clear","1","AST-AC767F2762A1CA26","legacy1e","1000","manual","assets/source/legacy1e/steamusercontent-a.akamaihd.net/images/asset__8865722a5fd3eea8.jpg","manually approved pilot token sheet"
"PILOT-3C9E6338EBC2","nusquadronpilot","nusquadronpilot","Nu Squadron Pilot","alphaclassstarwing","galacticempire","PilotBaseToken","True","clear","1","AST-5FC6A0A42232DA44","generated","105","high","assets/generated/PilotBaseToken/galacticempire/alphaclassstarwing/nusquadronpilot__pilot-3c9e6338ebc2.png","pilot identity 'nusquadronpilot' in path; ship identity matched; token and base context"
"PILOT-018CB30BE480","obsidiansquadronpilot","obsidiansquadronpilot","Obsidian Squadron Pilot","tiefighter","galacticempire","PilotCard","True","clear","1","AST-A9011B590244983B","xwing-data","278","high","assets/source/xwing-data/images/pilots/Galactic Empire/TIE Fighter/obsidian-squadron-pilot.png","pilot identity 'obsidiansquadronpilot' in path; ship identity matched; faction identity matched; pilot context; individual xwing-data First Edition pilot card; structured xwing-data record matched skill 3, points 13, image 'pilots/Galactic Empire/TIE Fighter/obsidian-squadron-pilot.png'"
"PILOT-018CB30BE480","obsidiansquadronpilot","obsidiansquadronpilot","Obsidian Squadron Pilot","tiefighter","galacticempire","PilotBaseTokenSheet","False","clear","1","AST-E7640FA3647D965A","legacy1e","112","high","assets/source/legacy1e/steamusercontent-a.akamaihd.net/images/asset__eb28ba3b0e2c290d.png","pilot identity 'obsidiansquadronpilot' in legacy context; ship identity matched; shared legacy image reference; legacy First Edition source"
"PILOT-018CB30BE480","obsidiansquadronpilot","obsidiansquadronpilot","Obsidian Squadron Pilot","tiefighter","galacticempire","PilotBaseToken","True","clear","1","AST-0F3BBB163ED475A7","generated","105","high","assets/generated/PilotBaseToken/galacticempire/tiefighter/obsidiansquadronpilot__pilot-018cb30be480.png","pilot identity 'obsidiansquadronpilot' in path; ship identity matched; token and base context"
"PILOT-68D5625BBE63","oldteroch","oldteroch","Old Teroch","protectoratestarfighter","scumandvillainy","PilotCard","True","clear","1","AST-8F20EFD44EDDF99E","xwing-data","278","high","assets/source/xwing-data/images/pilots/Scum and Villainy/Protectorate Starfighter/old-teroch.png","pilot identity 'oldteroch' in path; ship identity matched; faction identity matched; pilot context; individual xwing-data First Edition pilot card; structured xwing-data record matched skill 7, points 26, image 'pilots/Scum and Villainy/Protectorate Starfighter/old-teroch.png'"
"PILOT-68D5625BBE63","oldteroch","oldteroch","Old Teroch","protectoratestarfighter","scumandvillainy","PilotBaseTokenSheet","False","clear","1","AST-577E4D42EFD6BDBF","legacy1e","112","high","assets/source/legacy1e/steamusercontent-a.akamaihd.net/images/asset__41d30b92b50898f3.png","pilot identity 'oldteroch' in legacy context; ship identity matched; shared legacy image reference; legacy First Edition source"
"PILOT-68D5625BBE63","oldteroch","oldteroch","Old Teroch","protectoratestarfighter","scumandvillainy","PilotBaseToken","True","clear","1","AST-B98E8E89A4B07E93","generated","105","high","assets/generated/PilotBaseToken/scumandvillainy/protectoratestarfighter/oldteroch__pilot-68d5625bbe63.png","pilot identity 'oldteroch' in path; ship identity matched; token and base context"
"PILOT-4405E8F8586F","omicrongrouppilot","omicrongrouppilot","Omicron Group Pilot","lambdaclassshuttle","galacticempire","PilotCard","True","clear","1","AST-73531D4FA689ED62","xwing-data","278","high","assets/source/xwing-data/images/pilots/Galactic Empire/Lambda-class Shuttle/omicron-group-pilot.png","pilot identity 'omicrongrouppilot' in path; ship identity matched; faction identity matched; pilot context; individual xwing-data First Edition pilot card; structured xwing-data record matched skill 2, points 21, image 'pilots/Galactic Empire/Lambda-class Shuttle/omicron-group-pilot.png'"
"PILOT-4405E8F8586F","omicrongrouppilot","omicrongrouppilot","Omicron Group Pilot","lambdaclassshuttle","galacticempire","PilotBaseTokenSheet","False","clear","1","AST-8AB19AC62432A296","legacy1e","112","high","assets/source/legacy1e/steamusercontent-a.akamaihd.net/images/asset__bcec43fd2f22948f.jpg","pilot identity 'omicrongrouppilot' in legacy context; ship identity matched; shared legacy image reference; legacy First Edition source"
"PILOT-4405E8F8586F","omicrongrouppilot","omicrongrouppilot","Omicron Group Pilot","lambdaclassshuttle","galacticempire","PilotBaseToken","True","clear","1","AST-E3B7D1AD0DC11D4F","generated","105","high","assets/generated/PilotBaseToken/galacticempire/lambdaclassshuttle/omicrongrouppilot__pilot-4405e8f8586f.png","pilot identity 'omicrongrouppilot' in path; ship identity matched; token and base context"
"PILOT-B83A2C097842","outerrimsmuggler","outerrimsmuggler","Outer Rim Smuggler","yt1300","rebelalliance","PilotCard","True","clear","1","AST-A80C89D061C06A67","xwing-data","278","high","assets/source/xwing-data/images/pilots/Rebel Alliance/YT-1300/outer-rim-smuggler.png","pilot identity 'outerrimsmuggler' in path; ship identity matched; faction identity matched; pilot context; individual xwing-data First Edition pilot card; structured xwing-data record matched skill 1, points 27, image 'pilots/Rebel Alliance/YT-1300/outer-rim-smuggler.png'"
"PILOT-B83A2C097842","outerrimsmuggler","outerrimsmuggler","Outer Rim Smuggler","yt1300","rebelalliance","PilotBaseTokenSheet","False","clear","1","AST-0C839CB3E1E6C464","legacy1e","112","high","assets/source/legacy1e/steamusercontent-a.akamaihd.net/images/asset__986563eedafd2375.jpg","pilot identity 'outerrimsmuggler' in legacy context; ship identity matched; shared legacy image reference; legacy First Edition source"
"PILOT-B83A2C097842","outerrimsmuggler","outerrimsmuggler","Outer Rim Smuggler","yt1300","rebelalliance","PilotBaseToken","True","clear","1","AST-C9A5F10CA421F631","generated","105","high","assets/generated/PilotBaseToken/rebelalliance/yt1300/outerrimsmuggler__pilot-b83a2c097842.png","pilot identity 'outerrimsmuggler' in path; ship identity matched; token and base context"
"PILOT-39582D5DAD5C","palobgodalhi","palobgodalhi","Palob Godalhi","hwk290","scumandvillainy","PilotCard","True","clear","1","AST-4B25761C3DD0159F","xwing-data","278","high","assets/source/xwing-data/images/pilots/Scum and Villainy/HWK-290/palob-godalhi.png","pilot identity 'palobgodalhi' in path; ship identity matched; faction identity matched; pilot context; individual xwing-data First Edition pilot card; structured xwing-data record matched skill 5, points 20, image 'pilots/Scum and Villainy/HWK-290/palob-godalhi.png'"
"PILOT-39582D5DAD5C","palobgodalhi","palobgodalhi","Palob Godalhi","hwk290","scumandvillainy","PilotBaseTokenSheet","False","clear","1","AST-DEAE91AADB095245","legacy1e","112","high","assets/source/legacy1e/steamusercontent-a.akamaihd.net/images/asset__e9f1cb1cfdd09180.jpg","pilot identity 'palobgodalhi' in legacy context; ship identity matched; shared legacy image reference; legacy First Edition source"
"PILOT-39582D5DAD5C","palobgodalhi","palobgodalhi","Palob Godalhi","hwk290","scumandvillainy","PilotBaseToken","True","clear","1","AST-510788FEC877FC6F","generated","105","high","assets/generated/PilotBaseToken/scumandvillainy/hwk290/palobgodalhi__pilot-39582d5dad5c.png","pilot identity 'palobgodalhi' in path; ship identity matched; token and base context"
"PILOT-40E4C0339168","partisanrenegade","partisanrenegade","Partisan Renegade","uwing","rebelalliance","PilotCard","True","clear","1","AST-1221105D3EED517E","xwing-data","278","high","assets/source/xwing-data/images/pilots/Rebel Alliance/U-wing/partisan-renegade.png","pilot identity 'partisanrenegade' in path; ship identity matched; faction identity matched; pilot context; individual xwing-data First Edition pilot card; structured xwing-data record matched skill 1, points 22, image 'pilots/Rebel Alliance/U-wing/partisan-renegade.png'"
"PILOT-40E4C0339168","partisanrenegade","partisanrenegade","Partisan Renegade","uwing","rebelalliance","PilotBaseTokenSheet","False","clear","1","AST-9A00639504EE3435","legacy1e","100","high","assets/source/legacy1e/steamusercontent-a.akamaihd.net/images/asset__e78024cfec97ccf4.png","pilot identity 'partisanrenegade' in legacy context; shared legacy image reference; legacy First Edition source"
"PILOT-40E4C0339168","partisanrenegade","partisanrenegade","Partisan Renegade","uwing","rebelalliance","PilotBaseToken","True","clear","1","AST-D7E7C5F0D9FA1004","generated","105","high","assets/generated/PilotBaseToken/rebelalliance/uwing/partisanrenegade__pilot-40e4c0339168.png","pilot identity 'partisanrenegade' in path; ship identity matched; token and base context"
"PILOT-F288E7D5E0D6","patrolleader","patrolleader","Patrol Leader","vt49decimator","galacticempire","PilotCard","True","clear","1","AST-CD99210C3846D461","xwing-data","278","high","assets/source/xwing-data/images/pilots/Galactic Empire/VT-49 Decimator/patrol-leader.png","pilot identity 'patrolleader' in path; ship identity matched; faction identity matched; pilot context; individual xwing-data First Edition pilot card; structured xwing-data record matched skill 3, points 40, image 'pilots/Galactic Empire/VT-49 Decimator/patrol-leader.png'"
"PILOT-F288E7D5E0D6","patrolleader","patrolleader","Patrol Leader","vt49decimator","galacticempire","PilotBaseTokenSheet","False","clear","1","AST-BC1B8E2589C99C5D","legacy1e","112","high","assets/source/legacy1e/steamusercontent-a.akamaihd.net/images/asset__12292d3a084cbe3c.jpg","pilot identity 'patrolleader' in legacy context; ship identity matched; shared legacy image reference; legacy First Edition source"
"PILOT-F288E7D5E0D6","patrolleader","patrolleader","Patrol Leader","vt49decimator","galacticempire","PilotBaseToken","True","clear","1","AST-4EC5EA97BE62945A","generated","105","high","assets/generated/PilotBaseToken/galacticempire/vt49decimator/patrolleader__pilot-f288e7d5e0d6.png","pilot identity 'patrolleader' in path; ship identity matched; token and base context"
"PILOT-37807F1567D3","poedameron","poedameron","Poe Dameron","t70xwing","resistance","PilotCard","True","clear","1","AST-51223498F72B2A0C","xwing-data","278","high","assets/source/xwing-data/images/pilots/Resistance/T-70 X-wing/poe-dameron.png","pilot identity 'poedameron' in path; ship identity matched; faction identity matched; pilot context; individual xwing-data First Edition pilot card; structured xwing-data record matched skill 8, points 31, image 'pilots/Resistance/T-70 X-wing/poe-dameron.png'"
"PILOT-37807F1567D3","poedameron","poedameron","Poe Dameron","t70xwing","resistance","PilotCard","True","clear","2","AST-6640298F51F700E4","xwing-data","158","high","assets/source/xwing-data/images/pilots/Resistance/T-70 X-wing/poe-dameron-hotr.png","pilot identity 'poedameron' in path; ship identity matched; faction identity matched; pilot context; individual xwing-data First Edition pilot card"
"PILOT-37807F1567D3","poedameron","poedameron","Poe Dameron","t70xwing","resistance","PilotBaseTokenSheet","False","clear","1","AST-7BE44DA9143B525E","legacy1e","1000","manual","assets/source/legacy1e/steamusercontent-a.akamaihd.net/images/asset__8effc513fca46c17.png","manually approved pilot token sheet"
"PILOT-37807F1567D3","poedameron","poedameron","Poe Dameron","t70xwing","resistance","PilotBaseToken","True","review","1","AST-B7C5440B8FC3187B","generated","105","high","assets/generated/PilotBaseToken/resistance/t70xwing/poedameron-swx57__pilot-6f908e59d57f.png","pilot identity 'poedameron' in path; ship identity matched; token and base context"
"PILOT-37807F1567D3","poedameron","poedameron","Poe Dameron","t70xwing","resistance","PilotBaseToken","True","review","2","AST-0E2D194E85B34919","generated","105","high","assets/generated/PilotBaseToken/resistance/t70xwing/poedameron__pilot-37807f1567d3.png","pilot identity 'poedameron' in path; ship identity matched; token and base context"
"PILOT-6F908E59D57F","poedameron-swz68","poedameron-swx57","Poe Dameron","t70xwing","resistance","PilotCard","True","clear","1","AST-6640298F51F700E4","xwing-data","278","high","assets/source/xwing-data/images/pilots/Resistance/T-70 X-wing/poe-dameron-hotr.png","pilot identity 'poedameron' in path; ship identity matched; faction identity matched; pilot context; individual xwing-data First Edition pilot card; structured xwing-data record matched skill 9, points 33, image 'pilots/Resistance/T-70 X-wing/poe-dameron-hotr.png'"
"PILOT-6F908E59D57F","poedameron-swz68","poedameron-swx57","Poe Dameron","t70xwing","resistance","PilotCard","True","clear","2","AST-51223498F72B2A0C","xwing-data","158","high","assets/source/xwing-data/images/pilots/Resistance/T-70 X-wing/poe-dameron.png","pilot identity 'poedameron' in path; ship identity matched; faction identity matched; pilot context; individual xwing-data First Edition pilot card"
"PILOT-6F908E59D57F","poedameron-swz68","poedameron-swx57","Poe Dameron","t70xwing","resistance","PilotBaseTokenSheet","False","clear","1","AST-4B6201160A863C5A","legacy1e","1000","manual","assets/source/legacy1e/steamusercontent-a.akamaihd.net/images/asset__bf4b5787efe937b3.png","manually approved pilot token sheet"
"PILOT-6F908E59D57F","poedameron-swz68","poedameron-swx57","Poe Dameron","t70xwing","resistance","PilotBaseToken","True","review","1","AST-B7C5440B8FC3187B","generated","105","high","assets/generated/PilotBaseToken/resistance/t70xwing/poedameron-swx57__pilot-6f908e59d57f.png","pilot identity 'poedameronswx57' in path; ship identity matched; token and base context"
"PILOT-6F908E59D57F","poedameron-swz68","poedameron-swx57","Poe Dameron","t70xwing","resistance","PilotBaseToken","True","review","2","AST-0E2D194E85B34919","generated","105","high","assets/generated/PilotBaseToken/resistance/t70xwing/poedameron__pilot-37807f1567d3.png","pilot identity 'poedameron' in path; ship identity matched; token and base context"
"PILOT-37D736F37A40","princexizor","princexizor","Prince Xizor","starviper","scumandvillainy","PilotCard","True","clear","1","AST-6D2E87E06F6E6649","xwing-data","278","high","assets/source/xwing-data/images/pilots/Scum and Villainy/StarViper/prince-xizor.png","pilot identity 'princexizor' in path; ship identity matched; faction identity matched; pilot context; individual xwing-data First Edition pilot card; structured xwing-data record matched skill 7, points 31, image 'pilots/Scum and Villainy/StarViper/prince-xizor.png'"
"PILOT-37D736F37A40","princexizor","princexizor","Prince Xizor","starviper","scumandvillainy","PilotBaseTokenSheet","False","clear","1","AST-B9ED865CD4E3B31C","legacy1e","112","high","assets/source/legacy1e/steamusercontent-a.akamaihd.net/images/asset__87382251cddea164.jpg","pilot identity 'princexizor' in legacy context; ship identity matched; shared legacy image reference; legacy First Edition source"
"PILOT-37D736F37A40","princexizor","princexizor","Prince Xizor","starviper","scumandvillainy","PilotBaseToken","True","clear","1","AST-175B1FD28A13F6AF","generated","105","high","assets/generated/PilotBaseToken/scumandvillainy/starviper/princexizor__pilot-37d736f37a40.png","pilot identity 'princexizor' in path; ship identity matched; token and base context"
"PILOT-FEAD77745B91","quinnjast","quinnjast","Quinn Jast","m3ainterceptor","scumandvillainy","PilotCard","True","clear","1","AST-FB611DA52E19C4BC","xwing-data","278","high","assets/source/xwing-data/images/pilots/Scum and Villainy/M3-A Interceptor/quinn-jast.png","pilot identity 'quinnjast' in path; ship identity matched; faction identity matched; pilot context; individual xwing-data First Edition pilot card; structured xwing-data record matched skill 6, points 18, image 'pilots/Scum and Villainy/M3-A Interceptor/quinn-jast.png'"
"PILOT-FEAD77745B91","quinnjast","quinnjast","Quinn Jast","m3ainterceptor","scumandvillainy","PilotBaseTokenSheet","False","clear","1","AST-CCC00B2C563B2A35","legacy1e","100","high","assets/source/legacy1e/steamusercontent-a.akamaihd.net/images/asset__68ff2cc03d300acb.png","pilot identity 'quinnjast' in legacy context; shared legacy image reference; legacy First Edition source"
"PILOT-FEAD77745B91","quinnjast","quinnjast","Quinn Jast","m3ainterceptor","scumandvillainy","PilotBaseToken","True","clear","1","AST-54C99C3E69B2C66C","generated","105","high","assets/generated/PilotBaseToken/scumandvillainy/m3ainterceptor/quinnjast__pilot-fead77745b91.png","pilot identity 'quinnjast' in path; ship identity matched; token and base context"
"PILOT-333658D8223F","rearadmiralchiraneau","rearadmiralchiraneau","Rear Admiral Chiraneau","vt49decimator","galacticempire","PilotCard","True","clear","1","AST-187C743821E0C5AB","xwing-data","278","high","assets/source/xwing-data/images/pilots/Galactic Empire/VT-49 Decimator/rear-admiral-chiraneau.png","pilot identity 'rearadmiralchiraneau' in path; ship identity matched; faction identity matched; pilot context; individual xwing-data First Edition pilot card; structured xwing-data record matched skill 8, points 46, image 'pilots/Galactic Empire/VT-49 Decimator/rear-admiral-chiraneau.png'"
"PILOT-333658D8223F","rearadmiralchiraneau","rearadmiralchiraneau","Rear Admiral Chiraneau","vt49decimator","galacticempire","PilotBaseTokenSheet","False","clear","1","AST-13B0ADF0A1CF070D","legacy1e","112","high","assets/source/legacy1e/steamusercontent-a.akamaihd.net/images/asset__a1e17ff2f9beebdd.jpg","pilot identity 'rearadmiralchiraneau' in legacy context; ship identity matched; shared legacy image reference; legacy First Edition source"
"PILOT-333658D8223F","rearadmiralchiraneau","rearadmiralchiraneau","Rear Admiral Chiraneau","vt49decimator","galacticempire","PilotBaseToken","True","clear","1","AST-290553B8E86D3CED","generated","105","high","assets/generated/PilotBaseToken/galacticempire/vt49decimator/rearadmiralchiraneau__pilot-333658d8223f.png","pilot identity 'rearadmiralchiraneau' in path; ship identity matched; token and base context"
"PILOT-C43BAE681F2F","rexlerbrath","rexlerbrath","Rexler Brath","tiedefender","galacticempire","PilotCard","True","clear","1","AST-472258E138E09C76","xwing-data","278","high","assets/source/xwing-data/images/pilots/Galactic Empire/TIE Defender/rexler-brath.png","pilot identity 'rexlerbrath' in path; ship identity matched; faction identity matched; pilot context; individual xwing-data First Edition pilot card; structured xwing-data record matched skill 8, points 37, image 'pilots/Galactic Empire/TIE Defender/rexler-brath.png'"
"PILOT-C43BAE681F2F","rexlerbrath","rexlerbrath","Rexler Brath","tiedefender","galacticempire","PilotBaseTokenSheet","False","clear","1","AST-5EDD983CA411B8A0","legacy1e","112","high","assets/source/legacy1e/steamusercontent-a.akamaihd.net/images/asset__234090aa2d6c6f2f.jpg","pilot identity 'rexlerbrath' in legacy context; ship identity matched; shared legacy image reference; legacy First Edition source"
"PILOT-C43BAE681F2F","rexlerbrath","rexlerbrath","Rexler Brath","tiedefender","galacticempire","PilotBaseToken","True","clear","1","AST-048815D00D3EE713","generated","105","high","assets/generated/PilotBaseToken/galacticempire/tiedefender/rexlerbrath__pilot-c43bae681f2f.png","pilot identity 'rexlerbrath' in path; ship identity matched; token and base context"
"PILOT-D90034F6DCC7","roarkgarnet","roarkgarnet","Roark Garnet","hwk290","rebelalliance","PilotCard","True","clear","1","AST-190A32811FB2B1F3","xwing-data","278","high","assets/source/xwing-data/images/pilots/Rebel Alliance/HWK-290/roark-garnet.png","pilot identity 'roarkgarnet' in path; ship identity matched; faction identity matched; pilot context; individual xwing-data First Edition pilot card; structured xwing-data record matched skill 4, points 19, image 'pilots/Rebel Alliance/HWK-290/roark-garnet.png'"
"PILOT-D90034F6DCC7","roarkgarnet","roarkgarnet","Roark Garnet","hwk290","rebelalliance","PilotBaseTokenSheet","False","clear","1","AST-C6419F2313F74950","legacy1e","112","high","assets/source/legacy1e/steamusercontent-a.akamaihd.net/images/asset__055f87ae1f2bccdf.jpg","pilot identity 'roarkgarnet' in legacy context; ship identity matched; shared legacy image reference; legacy First Edition source"
"PILOT-D90034F6DCC7","roarkgarnet","roarkgarnet","Roark Garnet","hwk290","rebelalliance","PilotBaseToken","True","clear","1","AST-AAF18A38F94153DB","generated","105","high","assets/generated/PilotBaseToken/rebelalliance/hwk290/roarkgarnet__pilot-d90034f6dcc7.png","pilot identity 'roarkgarnet' in path; ship identity matched; token and base context"
"PILOT-5158A0D06CE9","sabinewren","sabinewren","Sabine Wren","attackshuttle","rebelalliance","PilotCard","True","clear","1","AST-FBB2E85257113E11","xwing-data","278","high","assets/source/xwing-data/images/pilots/Rebel Alliance/Attack Shuttle/sabine-wren.png","pilot identity 'sabinewren' in path; ship identity matched; faction identity matched; pilot context; individual xwing-data First Edition pilot card; structured xwing-data record matched skill 5, points 21, image 'pilots/Rebel Alliance/Attack Shuttle/sabine-wren.png'"
"PILOT-5158A0D06CE9","sabinewren","sabinewren","Sabine Wren","attackshuttle","rebelalliance","PilotCard","True","clear","2","AST-D1FF1097C61F569D","xwing-data","146","high","assets/source/xwing-data/images/pilots/Rebel Alliance/TIE Fighter/sabine-wren.png","pilot identity 'sabinewren' in path; faction identity matched; pilot context; individual xwing-data First Edition pilot card"
"PILOT-5158A0D06CE9","sabinewren","sabinewren","Sabine Wren","attackshuttle","rebelalliance","PilotCard","True","clear","3","AST-E9F40F84FF1026D5","xwing-data","96","high","assets/source/xwing-data/images/pilots/Scum and Villainy/Lancer-class Pursuit Craft/sabine-wren.png","pilot identity 'sabinewren' in path; different faction path; pilot context; individual xwing-data First Edition pilot card"
"PILOT-5158A0D06CE9","sabinewren","sabinewren","Sabine Wren","attackshuttle","rebelalliance","PilotBaseTokenSheet","False","clear","1","AST-1B67CA60C0F16693","legacy1e","1000","manual","assets/source/legacy1e/steamusercontent-a.akamaihd.net/images/asset__5ecaf2bd7f8d7b76.jpg","manually approved pilot token sheet"
"PILOT-5158A0D06CE9","sabinewren","sabinewren","Sabine Wren","attackshuttle","rebelalliance","PilotBaseToken","True","review","1","AST-CD9C2C3CE6343540","generated","105","high","assets/generated/PilotBaseToken/rebelalliance/attackshuttle/sabinewren__pilot-5158a0d06ce9.png","pilot identity 'sabinewren' in path; ship identity matched; token and base context"
"PILOT-5158A0D06CE9","sabinewren","sabinewren","Sabine Wren","attackshuttle","rebelalliance","PilotBaseToken","True","review","2","AST-4EB9AEDC3C044AFE","generated","93","high","assets/generated/PilotBaseToken/rebelalliance/tiefighter/sabinewren__pilot-fe8eb2dfd9a2.png","pilot identity 'sabinewren' in path; token and base context"
"PILOT-5158A0D06CE9","sabinewren","sabinewren","Sabine Wren","attackshuttle","rebelalliance","PilotBaseToken","True","review","3","AST-5A87BE1C04907A6A","generated","93","high","assets/generated/PilotBaseToken/scumandvillainy/lancerclasspursuitcraft/sabinewren__pilot-cd598bb7c3bd.png","pilot identity 'sabinewren' in path; token and base context"
"PILOT-CD598BB7C3BD","sabinewren-lancerclasspursuitcraft","sabinewren","Sabine Wren","lancerclasspursuitcraft","scumandvillainy","PilotCard","True","clear","1","AST-E9F40F84FF1026D5","xwing-data","278","high","assets/source/xwing-data/images/pilots/Scum and Villainy/Lancer-class Pursuit Craft/sabine-wren.png","pilot identity 'sabinewren' in path; ship identity matched; faction identity matched; pilot context; individual xwing-data First Edition pilot card; structured xwing-data record matched skill 5, points 35, image 'pilots/Scum and Villainy/Lancer-class Pursuit Craft/sabine-wren.png'"
"PILOT-CD598BB7C3BD","sabinewren-lancerclasspursuitcraft","sabinewren","Sabine Wren","lancerclasspursuitcraft","scumandvillainy","PilotCard","True","clear","2","AST-FBB2E85257113E11","xwing-data","96","high","assets/source/xwing-data/images/pilots/Rebel Alliance/Attack Shuttle/sabine-wren.png","pilot identity 'sabinewren' in path; different faction path; pilot context; individual xwing-data First Edition pilot card"
"PILOT-CD598BB7C3BD","sabinewren-lancerclasspursuitcraft","sabinewren","Sabine Wren","lancerclasspursuitcraft","scumandvillainy","PilotCard","True","clear","3","AST-D1FF1097C61F569D","xwing-data","96","high","assets/source/xwing-data/images/pilots/Rebel Alliance/TIE Fighter/sabine-wren.png","pilot identity 'sabinewren' in path; different faction path; pilot context; individual xwing-data First Edition pilot card"
"PILOT-CD598BB7C3BD","sabinewren-lancerclasspursuitcraft","sabinewren","Sabine Wren","lancerclasspursuitcraft","scumandvillainy","PilotBaseTokenSheet","False","clear","1","AST-CA2813F74B7C5C61","legacy1e","1000","manual","assets/source/legacy1e/steamusercontent-a.akamaihd.net/other/asset__6399115905c4dff2.png","manually approved pilot token sheet"
"PILOT-CD598BB7C3BD","sabinewren-lancerclasspursuitcraft","sabinewren","Sabine Wren","lancerclasspursuitcraft","scumandvillainy","PilotBaseToken","True","review","1","AST-5A87BE1C04907A6A","generated","105","high","assets/generated/PilotBaseToken/scumandvillainy/lancerclasspursuitcraft/sabinewren__pilot-cd598bb7c3bd.png","pilot identity 'sabinewren' in path; ship identity matched; token and base context"
"PILOT-CD598BB7C3BD","sabinewren-lancerclasspursuitcraft","sabinewren","Sabine Wren","lancerclasspursuitcraft","scumandvillainy","PilotBaseToken","True","review","2","AST-CD9C2C3CE6343540","generated","93","high","assets/generated/PilotBaseToken/rebelalliance/attackshuttle/sabinewren__pilot-5158a0d06ce9.png","pilot identity 'sabinewren' in path; token and base context"
"PILOT-CD598BB7C3BD","sabinewren-lancerclasspursuitcraft","sabinewren","Sabine Wren","lancerclasspursuitcraft","scumandvillainy","PilotBaseToken","True","review","3","AST-4EB9AEDC3C044AFE","generated","93","high","assets/generated/PilotBaseToken/rebelalliance/tiefighter/sabinewren__pilot-fe8eb2dfd9a2.png","pilot identity 'sabinewren' in path; token and base context"
"PILOT-FE8EB2DFD9A2","sabinewren-tielnfighter","sabinewren","Sabine Wren","tiefighter","rebelalliance","PilotCard","True","clear","1","AST-D1FF1097C61F569D","xwing-data","278","high","assets/source/xwing-data/images/pilots/Rebel Alliance/TIE Fighter/sabine-wren.png","pilot identity 'sabinewren' in path; ship identity matched; faction identity matched; pilot context; individual xwing-data First Edition pilot card; structured xwing-data record matched skill 5, points 15, image 'pilots/Rebel Alliance/TIE Fighter/sabine-wren.png'"
"PILOT-FE8EB2DFD9A2","sabinewren-tielnfighter","sabinewren","Sabine Wren","tiefighter","rebelalliance","PilotCard","True","clear","2","AST-FBB2E85257113E11","xwing-data","146","high","assets/source/xwing-data/images/pilots/Rebel Alliance/Attack Shuttle/sabine-wren.png","pilot identity 'sabinewren' in path; faction identity matched; pilot context; individual xwing-data First Edition pilot card"
"PILOT-FE8EB2DFD9A2","sabinewren-tielnfighter","sabinewren","Sabine Wren","tiefighter","rebelalliance","PilotCard","True","clear","3","AST-E9F40F84FF1026D5","xwing-data","96","high","assets/source/xwing-data/images/pilots/Scum and Villainy/Lancer-class Pursuit Craft/sabine-wren.png","pilot identity 'sabinewren' in path; different faction path; pilot context; individual xwing-data First Edition pilot card"
"PILOT-FE8EB2DFD9A2","sabinewren-tielnfighter","sabinewren","Sabine Wren","tiefighter","rebelalliance","PilotBaseTokenSheet","False","clear","1","AST-B7D4449B661A705F","legacy1e","1000","manual","assets/source/legacy1e/steamusercontent-a.akamaihd.net/images/asset__816196eb61b9f0d0.png","manually approved pilot token sheet"
"PILOT-FE8EB2DFD9A2","sabinewren-tielnfighter","sabinewren","Sabine Wren","tiefighter","rebelalliance","PilotBaseToken","True","review","1","AST-4EB9AEDC3C044AFE","generated","105","high","assets/generated/PilotBaseToken/rebelalliance/tiefighter/sabinewren__pilot-fe8eb2dfd9a2.png","pilot identity 'sabinewren' in path; ship identity matched; token and base context"
"PILOT-FE8EB2DFD9A2","sabinewren-tielnfighter","sabinewren","Sabine Wren","tiefighter","rebelalliance","PilotBaseToken","True","review","2","AST-CD9C2C3CE6343540","generated","93","high","assets/generated/PilotBaseToken/rebelalliance/attackshuttle/sabinewren__pilot-5158a0d06ce9.png","pilot identity 'sabinewren' in path; token and base context"
"PILOT-FE8EB2DFD9A2","sabinewren-tielnfighter","sabinewren","Sabine Wren","tiefighter","rebelalliance","PilotBaseToken","True","review","3","AST-5A87BE1C04907A6A","generated","93","high","assets/generated/PilotBaseToken/scumandvillainy/lancerclasspursuitcraft/sabinewren__pilot-cd598bb7c3bd.png","pilot identity 'sabinewren' in path; token and base context"
"PILOT-AD0AF9F4FADA","sarcoplank","sarcoplank","Sarco Plank","quadjumper","scumandvillainy","PilotCard","True","clear","1","AST-3767631074B8DF49","xwing-data","278","high","assets/source/xwing-data/images/pilots/Scum and Villainy/Quadjumper/sarco-plank.png","pilot identity 'sarcoplank' in path; ship identity matched; faction identity matched; pilot context; individual xwing-data First Edition pilot card; structured xwing-data record matched skill 5, points 18, image 'pilots/Scum and Villainy/Quadjumper/sarco-plank.png'"
"PILOT-AD0AF9F4FADA","sarcoplank","sarcoplank","Sarco Plank","quadjumper","scumandvillainy","PilotBaseTokenSheet","False","clear","1","AST-129872542DD7F8A0","legacy1e","112","high","assets/source/legacy1e/steamusercontent-a.akamaihd.net/images/asset__26c202af3d983f80.png","pilot identity 'sarcoplank' in legacy context; ship identity matched; shared legacy image reference; legacy First Edition source"
"PILOT-AD0AF9F4FADA","sarcoplank","sarcoplank","Sarco Plank","quadjumper","scumandvillainy","PilotBaseToken","True","clear","1","AST-4D8D3EEAA78C43A1","generated","105","high","assets/generated/PilotBaseToken/scumandvillainy/quadjumper/sarcoplank__pilot-ad0af9f4fada.png","pilot identity 'sarcoplank' in path; ship identity matched; token and base context"
"PILOT-41AAAC334224","sawgerrera","sawgerrera","Saw Gerrera","uwing","rebelalliance","PilotCard","True","clear","1","AST-42803806510889BA","xwing-data","278","high","assets/source/xwing-data/images/pilots/Rebel Alliance/U-wing/saw-gerrera.png","pilot identity 'sawgerrera' in path; ship identity matched; faction identity matched; pilot context; individual xwing-data First Edition pilot card; structured xwing-data record matched skill 6, points 26, image 'pilots/Rebel Alliance/U-wing/saw-gerrera.png'"
"PILOT-41AAAC334224","sawgerrera","sawgerrera","Saw Gerrera","uwing","rebelalliance","PilotBaseTokenSheet","False","clear","1","AST-346A6D56DBAA923A","legacy1e","100","high","assets/source/legacy1e/steamusercontent-a.akamaihd.net/images/asset__38c73e26b7ef0f5c.png","pilot identity 'sawgerrera' in legacy context; shared legacy image reference; legacy First Edition source"
"PILOT-41AAAC334224","sawgerrera","sawgerrera","Saw Gerrera","uwing","rebelalliance","PilotBaseToken","True","clear","1","AST-3ED3321F3DCA77CD","generated","105","high","assets/generated/PilotBaseToken/rebelalliance/uwing/sawgerrera__pilot-41aaac334224.png","pilot identity 'sawgerrera' in path; ship identity matched; token and base context"
"PILOT-17863B3FD2F5","scarifbasepilot","scarifbasepilot","Scarif Base Pilot","tiereaper","galacticempire","PilotCard","True","clear","1","AST-BFC3C306D428FB2E","xwing-data","278","high","assets/source/xwing-data/images/pilots/Galactic Empire/TIE Reaper/scarif-base-pilot.png","pilot identity 'scarifbasepilot' in path; ship identity matched; faction identity matched; pilot context; individual xwing-data First Edition pilot card; structured xwing-data record matched skill 1, points 22, image 'pilots/Galactic Empire/TIE Reaper/scarif-base-pilot.png'"
"PILOT-17863B3FD2F5","scarifbasepilot","scarifbasepilot","Scarif Base Pilot","tiereaper","galacticempire","PilotBaseTokenSheet","False","clear","1","AST-CF17E6BEB4F7B221","legacy1e","130","high","assets/source/legacy1e/steamusercontent-a.akamaihd.net/images/asset__3a18668c68c43303.png","pilot identity 'scarifbasepilot' in legacy context; ship identity matched; token/base context; shared legacy image reference; legacy First Edition source"
"PILOT-17863B3FD2F5","scarifbasepilot","scarifbasepilot","Scarif Base Pilot","tiereaper","galacticempire","PilotBaseToken","True","clear","1","AST-6AC83F8A39208E5F","generated","105","high","assets/generated/PilotBaseToken/galacticempire/tiereaper/scarifbasepilot__pilot-c4c1818cafa8.png","pilot identity 'scarifbasepilot' in path; ship identity matched; token and base context"
"PILOT-6BCA69AA2E6F","scimitarsquadronpilot","scimitarsquadronpilot","Scimitar Squadron Pilot","tiebomber","galacticempire","PilotCard","True","clear","1","AST-D383E606F75454DC","xwing-data","278","high","assets/source/xwing-data/images/pilots/Galactic Empire/TIE Bomber/scimitar-squadron-pilot.png","pilot identity 'scimitarsquadronpilot' in path; ship identity matched; faction identity matched; pilot context; individual xwing-data First Edition pilot card; structured xwing-data record matched skill 2, points 16, image 'pilots/Galactic Empire/TIE Bomber/scimitar-squadron-pilot.png'"
"PILOT-6BCA69AA2E6F","scimitarsquadronpilot","scimitarsquadronpilot","Scimitar Squadron Pilot","tiebomber","galacticempire","PilotBaseTokenSheet","False","clear","1","AST-8E6AF8F6FEE8B5D4","legacy1e","112","high","assets/source/legacy1e/steamusercontent-a.akamaihd.net/images/asset__a4c0920136fa57ad.jpg","pilot identity 'scimitarsquadronpilot' in legacy context; ship identity matched; shared legacy image reference; legacy First Edition source"
"PILOT-6BCA69AA2E6F","scimitarsquadronpilot","scimitarsquadronpilot","Scimitar Squadron Pilot","tiebomber","galacticempire","PilotBaseToken","True","clear","1","AST-A2F924C51BE10F67","generated","105","high","assets/generated/PilotBaseToken/galacticempire/tiebomber/scimitarsquadronpilot__pilot-6bca69aa2e6f.png","pilot identity 'scimitarsquadronpilot' in path; ship identity matched; token and base context"
"PILOT-989DFFE571D6","serissu","serissu","Serissu","m3ainterceptor","scumandvillainy","PilotCard","True","clear","1","AST-248A8F40F03454A7","xwing-data","278","high","assets/source/xwing-data/images/pilots/Scum and Villainy/M3-A Interceptor/serissu.png","pilot identity 'serissu' in path; ship identity matched; faction identity matched; pilot context; individual xwing-data First Edition pilot card; structured xwing-data record matched skill 8, points 20, image 'pilots/Scum and Villainy/M3-A Interceptor/serissu.png'"
"PILOT-989DFFE571D6","serissu","serissu","Serissu","m3ainterceptor","scumandvillainy","PilotBaseTokenSheet","False","clear","1","AST-F825D33A98C491A3","legacy1e","112","high","assets/source/legacy1e/steamusercontent-a.akamaihd.net/images/asset__c2c20e05b16f9336.jpg","pilot identity 'serissu' in legacy context; ship identity matched; shared legacy image reference; legacy First Edition source"
"PILOT-989DFFE571D6","serissu","serissu","Serissu","m3ainterceptor","scumandvillainy","PilotBaseToken","True","clear","1","AST-7761EF60359424B2","generated","105","high","assets/generated/PilotBaseToken/scumandvillainy/m3ainterceptor/serissu__pilot-989dffe571d6.png","pilot identity 'serissu' in path; ship identity matched; token and base context"
"PILOT-8A9E83FBEE45","shadowporthunter","shadowporthunter","Shadowport Hunter","lancerclasspursuitcraft","scumandvillainy","PilotCard","True","clear","1","AST-6C751B9EB37B1FBF","xwing-data","278","high","assets/source/xwing-data/images/pilots/Scum and Villainy/Lancer-class Pursuit Craft/shadowport-hunter.png","pilot identity 'shadowporthunter' in path; ship identity matched; faction identity matched; pilot context; individual xwing-data First Edition pilot card; structured xwing-data record matched skill 2, points 33, image 'pilots/Scum and Villainy/Lancer-class Pursuit Craft/shadowport-hunter.png'"
"PILOT-8A9E83FBEE45","shadowporthunter","shadowporthunter","Shadowport Hunter","lancerclasspursuitcraft","scumandvillainy","PilotBaseTokenSheet","False","clear","1","AST-F91703D29C862AE3","legacy1e","112","high","assets/source/legacy1e/steamusercontent-a.akamaihd.net/other/asset__3bbda7c129bcb4e0.png","pilot identity 'shadowporthunter' in legacy context; ship identity matched; shared legacy image reference; legacy First Edition source"
"PILOT-8A9E83FBEE45","shadowporthunter","shadowporthunter","Shadowport Hunter","lancerclasspursuitcraft","scumandvillainy","PilotBaseToken","True","clear","1","AST-0DF41305BDA1FD27","generated","105","high","assets/generated/PilotBaseToken/scumandvillainy/lancerclasspursuitcraft/shadowporthunter__pilot-8a9e83fbee45.png","pilot identity 'shadowporthunter' in path; ship identity matched; token and base context"
"PILOT-1C20ACAE73AB","sharabey","sharabey","Shara Bey","arc170","rebelalliance","PilotCard","True","clear","1","AST-BE930C35EBDF0B20","xwing-data","278","high","assets/source/xwing-data/images/pilots/Rebel Alliance/ARC-170/shara-bey.png","pilot identity 'sharabey' in path; ship identity matched; faction identity matched; pilot context; individual xwing-data First Edition pilot card; structured xwing-data record matched skill 6, points 28, image 'pilots/Rebel Alliance/ARC-170/shara-bey.png'"
"PILOT-1C20ACAE73AB","sharabey","sharabey","Shara Bey","arc170","rebelalliance","PilotBaseTokenSheet","False","clear","1","AST-FC1E613F161999E9","legacy1e","112","high","assets/source/legacy1e/steamusercontent-a.akamaihd.net/images/asset__8a8d56e8970d3f13.jpg","pilot identity 'sharabey' in legacy context; ship identity matched; shared legacy image reference; legacy First Edition source"
"PILOT-1C20ACAE73AB","sharabey","sharabey","Shara Bey","arc170","rebelalliance","PilotBaseToken","True","clear","1","AST-7CF5787887BE4033","generated","105","high","assets/generated/PilotBaseToken/rebelalliance/arc170/sharabey__pilot-1c20acae73ab.png","pilot identity 'sharabey' in path; ship identity matched; token and base context"
"PILOT-7274E5F48E24","sienarspecialist","sienarspecialist","Sienar Specialist","tieaggressor","galacticempire","PilotCard","True","clear","1","AST-8C08907511981B8C","xwing-data","278","high","assets/source/xwing-data/images/pilots/Galactic Empire/TIE Aggressor/sienar-specialist.png","pilot identity 'sienarspecialist' in path; ship identity matched; faction identity matched; pilot context; individual xwing-data First Edition pilot card; structured xwing-data record matched skill 2, points 17, image 'pilots/Galactic Empire/TIE Aggressor/sienar-specialist.png'"
"PILOT-7274E5F48E24","sienarspecialist","sienarspecialist","Sienar Specialist","tieaggressor","galacticempire","PilotBaseTokenSheet","False","clear","1","AST-94430E76F30D9958","legacy1e","100","high","assets/source/legacy1e/steamusercontent-a.akamaihd.net/images/asset__028ca35d37b338dc.png","pilot identity 'sienarspecialist' in legacy context; shared legacy image reference; legacy First Edition source"
"PILOT-7274E5F48E24","sienarspecialist","sienarspecialist","Sienar Specialist","tieaggressor","galacticempire","PilotBaseToken","True","clear","1","AST-F8E8E8E16F49ECD5","generated","105","high","assets/generated/PilotBaseToken/galacticempire/tieaggressor/sienarspecialist__pilot-7274e5f48e24.png","pilot identity 'sienarspecialist' in path; ship identity matched; token and base context"
"PILOT-39658D5B350B","solsixxa","solsixxa","Sol Sixxa","scurrgh6bomber","scumandvillainy","PilotCard","True","clear","1","AST-C45F70BEDE266119","xwing-data","278","high","assets/source/xwing-data/images/pilots/Scum and Villainy/Scurrg H-6 Bomber/sol-sixxa.png","pilot identity 'solsixxa' in path; ship identity matched; faction identity matched; pilot context; individual xwing-data First Edition pilot card; structured xwing-data record matched skill 6, points 28, image 'pilots/Scum and Villainy/Scurrg H-6 Bomber/sol-sixxa.png'"
"PILOT-39658D5B350B","solsixxa","solsixxa","Sol Sixxa","scurrgh6bomber","scumandvillainy","PilotBaseTokenSheet","False","clear","1","AST-ABE6DF6DB2740D97","legacy1e","100","high","assets/source/legacy1e/steamusercontent-a.akamaihd.net/images/asset__468416f146e1f06d.png","pilot identity 'solsixxa' in legacy context; shared legacy image reference; legacy First Edition source"
"PILOT-39658D5B350B","solsixxa","solsixxa","Sol Sixxa","scurrgh6bomber","scumandvillainy","PilotBaseToken","True","clear","1","AST-D5371D3708AB7D11","generated","105","high","assets/generated/PilotBaseToken/scumandvillainy/scurrgh6bomber/solsixxa__pilot-39658d5b350b.png","pilot identity 'solsixxa' in path; ship identity matched; token and base context"
"PILOT-BF77493C3681","soontirfel","soontirfel","Soontir Fel","tieinterceptor","galacticempire","PilotCard","True","clear","1","AST-5193B5A93488A898","xwing-data","278","high","assets/source/xwing-data/images/pilots/Galactic Empire/TIE Interceptor/soontir-fel.png","pilot identity 'soontirfel' in path; ship identity matched; faction identity matched; pilot context; individual xwing-data First Edition pilot card; structured xwing-data record matched skill 9, points 27, image 'pilots/Galactic Empire/TIE Interceptor/soontir-fel.png'"
"PILOT-BF77493C3681","soontirfel","soontirfel","Soontir Fel","tieinterceptor","galacticempire","PilotBaseTokenSheet","False","clear","1","AST-82C6CDE4E6433109","legacy1e","112","high","assets/source/legacy1e/steamusercontent-a.akamaihd.net/images/asset__895a9c2c30243998.jpg","pilot identity 'soontirfel' in legacy context; ship identity matched; shared legacy image reference; legacy First Edition source"
"PILOT-BF77493C3681","soontirfel","soontirfel","Soontir Fel","tieinterceptor","galacticempire","PilotBaseToken","True","clear","1","AST-026D51CFDCD25E12","generated","105","high","assets/generated/PilotBaseToken/galacticempire/tieinterceptor/soontirfel__pilot-bf77493c3681.png","pilot identity 'soontirfel' in path; ship identity matched; token and base context"
"PILOT-3EA7FF41AB8A","spicerunner","spicerunner","Spice Runner","hwk290","scumandvillainy","PilotCard","True","clear","1","AST-35536DA1D7C5A3E7","xwing-data","278","high","assets/source/xwing-data/images/pilots/Scum and Villainy/HWK-290/spice-runner.png","pilot identity 'spicerunner' in path; ship identity matched; faction identity matched; pilot context; individual xwing-data First Edition pilot card; structured xwing-data record matched skill 1, points 16, image 'pilots/Scum and Villainy/HWK-290/spice-runner.png'"
"PILOT-3EA7FF41AB8A","spicerunner","spicerunner","Spice Runner","hwk290","scumandvillainy","PilotBaseTokenSheet","False","clear","1","AST-070E9132BB7062D8","legacy1e","112","high","assets/source/legacy1e/steamusercontent-a.akamaihd.net/images/asset__9fa3eacaa97eb075.jpg","pilot identity 'spicerunner' in legacy context; ship identity matched; shared legacy image reference; legacy First Edition source"
"PILOT-3EA7FF41AB8A","spicerunner","spicerunner","Spice Runner","hwk290","scumandvillainy","PilotBaseToken","True","clear","1","AST-46FCC9D34245AE1A","generated","105","high","assets/generated/PilotBaseToken/scumandvillainy/hwk290/spicerunner__pilot-3ea7ff41ab8a.png","pilot identity 'spicerunner' in path; ship identity matched; token and base context"
"PILOT-2303FF614CAF","starkillerbasepilot","starkillerbasepilot","Starkiller Base Pilot","upsilonclassshuttle","firstorder","PilotCard","True","clear","1","AST-834D7468D74D9D5C","xwing-data","278","high","assets/source/xwing-data/images/pilots/First Order/Upsilon-class Shuttle/starkiller-base-pilot.png","pilot identity 'starkillerbasepilot' in path; ship identity matched; faction identity matched; pilot context; individual xwing-data First Edition pilot card; structured xwing-data record matched skill 2, points 30, image 'pilots/First Order/Upsilon-class Shuttle/starkiller-base-pilot.png'"
"PILOT-2303FF614CAF","starkillerbasepilot","starkillerbasepilot","Starkiller Base Pilot","upsilonclassshuttle","firstorder","PilotBaseTokenSheet","False","clear","1","AST-F1E8BDFFFC67F752","legacy1e","130","high","assets/source/legacy1e/steamusercontent-a.akamaihd.net/images/asset__d398213884accbf0.png","pilot identity 'starkillerbasepilot' in legacy context; ship identity matched; token/base context; shared legacy image reference; legacy First Edition source"
"PILOT-2303FF614CAF","starkillerbasepilot","starkillerbasepilot","Starkiller Base Pilot","upsilonclassshuttle","firstorder","PilotBaseToken","True","clear","1","AST-147B144555567A3D","generated","105","high","assets/generated/PilotBaseToken/firstorder/upsilonclassshuttle/starkillerbasepilot__pilot-2303ff614caf.png","pilot identity 'starkillerbasepilot' in path; ship identity matched; token and base context"
"PILOT-E142B034674E","sunnybounder","sunnybounder","Sunny Bounder","m3ainterceptor","scumandvillainy","PilotCard","True","clear","1","AST-780E070FCE94E914","xwing-data","278","high","assets/source/xwing-data/images/pilots/Scum and Villainy/M3-A Interceptor/sunny-bounder.png","pilot identity 'sunnybounder' in path; ship identity matched; faction identity matched; pilot context; individual xwing-data First Edition pilot card; structured xwing-data record matched skill 1, points 14, image 'pilots/Scum and Villainy/M3-A Interceptor/sunny-bounder.png'"
"PILOT-E142B034674E","sunnybounder","sunnybounder","Sunny Bounder","m3ainterceptor","scumandvillainy","PilotBaseTokenSheet","False","clear","1","AST-77EAD0758500FC8C","legacy1e","100","high","assets/source/legacy1e/steamusercontent-a.akamaihd.net/images/asset__631e741e3464206b.png","pilot identity 'sunnybounder' in legacy context; shared legacy image reference; legacy First Edition source"
"PILOT-E142B034674E","sunnybounder","sunnybounder","Sunny Bounder","m3ainterceptor","scumandvillainy","PilotBaseToken","True","clear","1","AST-DF32BFB9D8AA9D68","generated","105","high","assets/generated/PilotBaseToken/scumandvillainy/m3ainterceptor/sunnybounder__pilot-e142b034674e.png","pilot identity 'sunnybounder' in path; ship identity matched; token and base context"
"PILOT-2F800C27D775","talasquadronpilot","talasquadronpilot","Tala Squadron Pilot","z95headhunter","rebelalliance","PilotCard","True","clear","1","AST-5E30FC0BF7E79520","xwing-data","278","high","assets/source/xwing-data/images/pilots/Rebel Alliance/Z-95 Headhunter/tala-squadron-pilot.png","pilot identity 'talasquadronpilot' in path; ship identity matched; faction identity matched; pilot context; individual xwing-data First Edition pilot card; structured xwing-data record matched skill 4, points 13, image 'pilots/Rebel Alliance/Z-95 Headhunter/tala-squadron-pilot.png'"
"PILOT-2F800C27D775","talasquadronpilot","talasquadronpilot","Tala Squadron Pilot","z95headhunter","rebelalliance","PilotBaseTokenSheet","False","clear","1","AST-EDB8E5846EFAAB9A","legacy1e","112","high","assets/source/legacy1e/steamusercontent-a.akamaihd.net/images/asset__3f53e0f9d8299340.jpg","pilot identity 'talasquadronpilot' in legacy context; ship identity matched; shared legacy image reference; legacy First Edition source"
"PILOT-2F800C27D775","talasquadronpilot","talasquadronpilot","Tala Squadron Pilot","z95headhunter","rebelalliance","PilotBaseToken","True","clear","1","AST-F61B349A84402588","generated","105","high","assets/generated/PilotBaseToken/rebelalliance/z95headhunter/talasquadronpilot__pilot-2f800c27d775.png","pilot identity 'talasquadronpilot' in path; ship identity matched; token and base context"
"PILOT-212219B823A7","talonbanecobra","talonbanecobra","Talonbane Cobra","kihraxzfighter","scumandvillainy","PilotCard","True","clear","1","AST-2B31328BF663B92D","xwing-data","278","high","assets/source/xwing-data/images/pilots/Scum and Villainy/Kihraxz Fighter/talonbane-cobra.png","pilot identity 'talonbanecobra' in path; ship identity matched; faction identity matched; pilot context; individual xwing-data First Edition pilot card; structured xwing-data record matched skill 9, points 28, image 'pilots/Scum and Villainy/Kihraxz Fighter/talonbane-cobra.png'"
"PILOT-212219B823A7","talonbanecobra","talonbanecobra","Talonbane Cobra","kihraxzfighter","scumandvillainy","PilotBaseTokenSheet","False","clear","1","AST-5455BD4F6FE8C4A0","legacy1e","1000","manual","assets/source/legacy1e/steamusercontent-a.akamaihd.net/other/asset__fd3611066d36b27d.png","manually approved pilot token sheet"
"PILOT-212219B823A7","talonbanecobra","talonbanecobra","Talonbane Cobra","kihraxzfighter","scumandvillainy","PilotBaseToken","True","clear","1","AST-62E6D65B9768A119","generated","105","high","assets/generated/PilotBaseToken/scumandvillainy/kihraxzfighter/talonbanecobra__pilot-212219b823a7.png","pilot identity 'talonbanecobra' in path; ship identity matched; token and base context"
"PILOT-1F99131CE3E0","tansariipointveteran","tansariipointveteran","Tansarii Point Veteran","m3ainterceptor","scumandvillainy","PilotCard","True","clear","1","AST-D7B351FBD76E1790","xwing-data","278","high","assets/source/xwing-data/images/pilots/Scum and Villainy/M3-A Interceptor/tansarii-point-veteran.png","pilot identity 'tansariipointveteran' in path; ship identity matched; faction identity matched; pilot context; individual xwing-data First Edition pilot card; structured xwing-data record matched skill 5, points 17, image 'pilots/Scum and Villainy/M3-A Interceptor/tansarii-point-veteran.png'"
"PILOT-1F99131CE3E0","tansariipointveteran","tansariipointveteran","Tansarii Point Veteran","m3ainterceptor","scumandvillainy","PilotBaseTokenSheet","False","clear","1","AST-3E34398D748BCCBA","legacy1e","112","high","assets/source/legacy1e/steamusercontent-a.akamaihd.net/images/asset__4807b3729c8343a3.jpg","pilot identity 'tansariipointveteran' in legacy context; ship identity matched; shared legacy image reference; legacy First Edition source"
"PILOT-1F99131CE3E0","tansariipointveteran","tansariipointveteran","Tansarii Point Veteran","m3ainterceptor","scumandvillainy","PilotBaseToken","True","clear","1","AST-889A484B6707D161","generated","105","high","assets/generated/PilotBaseToken/scumandvillainy/m3ainterceptor/tansariipointveteran__pilot-1f99131ce3e0.png","pilot identity 'tansariipointveteran' in path; ship identity matched; token and base context"
"PILOT-FBBD2835AF68","teltrevura","teltrevura","Tel Trevura","jumpmaster5000","scumandvillainy","PilotCard","True","clear","1","AST-EDBE82D338896B36","xwing-data","278","high","assets/source/xwing-data/images/pilots/Scum and Villainy/JumpMaster 5000/tel-trevura.png","pilot identity 'teltrevura' in path; ship identity matched; faction identity matched; pilot context; individual xwing-data First Edition pilot card; structured xwing-data record matched skill 7, points 30, image 'pilots/Scum and Villainy/JumpMaster 5000/tel-trevura.png'"
"PILOT-FBBD2835AF68","teltrevura","teltrevura","Tel Trevura","jumpmaster5000","scumandvillainy","PilotBaseTokenSheet","False","clear","1","AST-FAFB5A1DEE06CA49","legacy1e","112","high","assets/source/legacy1e/steamusercontent-a.akamaihd.net/images/asset__d71c337fc09e0da9.jpg","pilot identity 'teltrevura' in legacy context; ship identity matched; shared legacy image reference; legacy First Edition source"
"PILOT-FBBD2835AF68","teltrevura","teltrevura","Tel Trevura","jumpmaster5000","scumandvillainy","PilotBaseToken","True","clear","1","AST-0E0A089873E01183","generated","105","high","assets/generated/PilotBaseToken/scumandvillainy/jumpmaster5000/teltrevura__pilot-fbbd2835af68.png","pilot identity 'teltrevura' in path; ship identity matched; token and base context"
"PILOT-666D323B9384","tempestsquadronpilot","tempestsquadronpilot","Tempest Squadron Pilot","tieadvanced","galacticempire","PilotCard","True","clear","1","AST-B7FD7DCE4DA68F32","xwing-data","278","high","assets/source/xwing-data/images/pilots/Galactic Empire/TIE Advanced/tempest-squadron-pilot.png","pilot identity 'tempestsquadronpilot' in path; ship identity matched; faction identity matched; pilot context; individual xwing-data First Edition pilot card; structured xwing-data record matched skill 2, points 21, image 'pilots/Galactic Empire/TIE Advanced/tempest-squadron-pilot.png'"
"PILOT-666D323B9384","tempestsquadronpilot","tempestsquadronpilot","Tempest Squadron Pilot","tieadvanced","galacticempire","PilotBaseTokenSheet","False","clear","1","AST-8B32398AA0D30C57","legacy1e","112","high","assets/source/legacy1e/steamusercontent-a.akamaihd.net/images/asset__bcd097999b97995a.jpg","pilot identity 'tempestsquadronpilot' in legacy context; ship identity matched; shared legacy image reference; legacy First Edition source"
"PILOT-666D323B9384","tempestsquadronpilot","tempestsquadronpilot","Tempest Squadron Pilot","tieadvanced","galacticempire","PilotBaseToken","True","clear","1","AST-E38F0A9E00360111","generated","105","high","assets/generated/PilotBaseToken/galacticempire/tieadvanced/tempestsquadronpilot__pilot-666d323b9384.png","pilot identity 'tempestsquadronpilot' in path; ship identity matched; token and base context"
"PILOT-CF7DB3C80A89","tennumb","tennumb","Ten Numb","bwing","rebelalliance","PilotCard","True","clear","1","AST-67A44883A17622F6","xwing-data","278","high","assets/source/xwing-data/images/pilots/Rebel Alliance/B-wing/ten-numb.png","pilot identity 'tennumb' in path; ship identity matched; faction identity matched; pilot context; individual xwing-data First Edition pilot card; structured xwing-data record matched skill 8, points 31, image 'pilots/Rebel Alliance/B-wing/ten-numb.png'"
"PILOT-CF7DB3C80A89","tennumb","tennumb","Ten Numb","bwing","rebelalliance","PilotBaseTokenSheet","False","clear","1","AST-6D233A8571ABE3E8","legacy1e","112","high","assets/source/legacy1e/steamusercontent-a.akamaihd.net/images/asset__f9d7b7f88a169996.jpg","pilot identity 'tennumb' in legacy context; ship identity matched; shared legacy image reference; legacy First Edition source"
"PILOT-CF7DB3C80A89","tennumb","tennumb","Ten Numb","bwing","rebelalliance","PilotBaseToken","True","clear","1","AST-7B82D1B0D910A629","generated","105","high","assets/generated/PilotBaseToken/rebelalliance/bwing/tennumb__pilot-cf7db3c80a89.png","pilot identity 'tennumb' in path; ship identity matched; token and base context"
"PILOT-78154C684A5D","tomaxbren","tomaxbren","Tomax Bren","tiebomber","galacticempire","PilotCard","True","clear","1","AST-7296373B8F3B85A5","xwing-data","278","high","assets/source/xwing-data/images/pilots/Galactic Empire/TIE Bomber/tomax-bren.png","pilot identity 'tomaxbren' in path; ship identity matched; faction identity matched; pilot context; individual xwing-data First Edition pilot card; structured xwing-data record matched skill 8, points 24, image 'pilots/Galactic Empire/TIE Bomber/tomax-bren.png'"
"PILOT-78154C684A5D","tomaxbren","tomaxbren","Tomax Bren","tiebomber","galacticempire","PilotBaseTokenSheet","False","clear","1","AST-3CAE9B9FDF5C555A","legacy1e","112","high","assets/source/legacy1e/steamusercontent-a.akamaihd.net/images/asset__3ca5873ebdf5b343.png","pilot identity 'tomaxbren' in legacy context; ship identity matched; shared legacy image reference; legacy First Edition source"
"PILOT-78154C684A5D","tomaxbren","tomaxbren","Tomax Bren","tiebomber","galacticempire","PilotBaseToken","True","clear","1","AST-1D6C62DFDB0672DF","generated","105","high","assets/generated/PilotBaseToken/galacticempire/tiebomber/tomaxbren__pilot-78154c684a5d.png","pilot identity 'tomaxbren' in path; ship identity matched; token and base context"
"PILOT-3D71D27165EA","toranikulda","toranikulda","Torani Kulda","m12lkimogilafighter","scumandvillainy","PilotCard","True","clear","1","AST-360B0450C38EAEA5","xwing-data","278","high","assets/source/xwing-data/images/pilots/Scum and Villainy/M12-L Kimogila Fighter/torani-kulda.png","pilot identity 'toranikulda' in path; ship identity matched; faction identity matched; pilot context; individual xwing-data First Edition pilot card; structured xwing-data record matched skill 8, points 27, image 'pilots/Scum and Villainy/M12-L Kimogila Fighter/torani-kulda.png'"
"PILOT-3D71D27165EA","toranikulda","toranikulda","Torani Kulda","m12lkimogilafighter","scumandvillainy","PilotBaseTokenSheet","False","clear","1","AST-1765F322E8CCC419","legacy1e","1000","manual","assets/source/legacy1e/steamusercontent-a.akamaihd.net/images/asset__d20434c33edde0ed.png","manually approved pilot token sheet"
"PILOT-3D71D27165EA","toranikulda","toranikulda","Torani Kulda","m12lkimogilafighter","scumandvillainy","PilotBaseToken","True","clear","1","AST-0B91D366E443B320","generated","105","high","assets/generated/PilotBaseToken/scumandvillainy/m12lkimogilafighter/toranikulda__pilot-3d71d27165ea.png","pilot identity 'toranikulda' in path; ship identity matched; token and base context"
"PILOT-3E3851496A42","torkilmux","torkilmux","Torkil Mux","hwk290","scumandvillainy","PilotCard","True","clear","1","AST-AA631291FDBFFACC","xwing-data","278","high","assets/source/xwing-data/images/pilots/Scum and Villainy/HWK-290/torkil-mux.png","pilot identity 'torkilmux' in path; ship identity matched; faction identity matched; pilot context; individual xwing-data First Edition pilot card; structured xwing-data record matched skill 3, points 19, image 'pilots/Scum and Villainy/HWK-290/torkil-mux.png'"
"PILOT-3E3851496A42","torkilmux","torkilmux","Torkil Mux","hwk290","scumandvillainy","PilotBaseTokenSheet","False","clear","1","AST-40D49A0FB32C6BCD","legacy1e","112","high","assets/source/legacy1e/steamusercontent-a.akamaihd.net/images/asset__062ebd85ad782fed.jpg","pilot identity 'torkilmux' in legacy context; ship identity matched; shared legacy image reference; legacy First Edition source"
"PILOT-3E3851496A42","torkilmux","torkilmux","Torkil Mux","hwk290","scumandvillainy","PilotBaseToken","True","clear","1","AST-B31FFB5A64FF8750","generated","105","high","assets/generated/PilotBaseToken/scumandvillainy/hwk290/torkilmux__pilot-3e3851496a42.png","pilot identity 'torkilmux' in path; ship identity matched; token and base context"
"PILOT-B618B90B5E10","trandoshanslaver","trandoshanslaver","Trandoshan Slaver","yv666","scumandvillainy","PilotCard","True","clear","1","AST-94A8F51628347537","xwing-data","278","high","assets/source/xwing-data/images/pilots/Scum and Villainy/YV-666/trandoshan-slaver.png","pilot identity 'trandoshanslaver' in path; ship identity matched; faction identity matched; pilot context; individual xwing-data First Edition pilot card; structured xwing-data record matched skill 2, points 29, image 'pilots/Scum and Villainy/YV-666/trandoshan-slaver.png'"
"PILOT-B618B90B5E10","trandoshanslaver","trandoshanslaver","Trandoshan Slaver","yv666","scumandvillainy","PilotBaseTokenSheet","False","clear","1","AST-B0191ED3864D4715","legacy1e","112","high","assets/source/legacy1e/steamusercontent-a.akamaihd.net/images/asset__f4359359768a4bea.jpg","pilot identity 'trandoshanslaver' in legacy context; ship identity matched; shared legacy image reference; legacy First Edition source"
"PILOT-B618B90B5E10","trandoshanslaver","trandoshanslaver","Trandoshan Slaver","yv666","scumandvillainy","PilotBaseToken","True","clear","1","AST-71918E85810254D9","generated","105","high","assets/generated/PilotBaseToken/scumandvillainy/yv666/trandoshanslaver__pilot-b618b90b5e10.png","pilot identity 'trandoshanslaver' in path; ship identity matched; token and base context"
"PILOT-AB91776CBC66","turrphennir","turrphennir","Turr Phennir","tieinterceptor","galacticempire","PilotCard","True","clear","1","AST-67B1B3468BAE916B","xwing-data","278","high","assets/source/xwing-data/images/pilots/Galactic Empire/TIE Interceptor/turr-phennir.png","pilot identity 'turrphennir' in path; ship identity matched; faction identity matched; pilot context; individual xwing-data First Edition pilot card; structured xwing-data record matched skill 7, points 25, image 'pilots/Galactic Empire/TIE Interceptor/turr-phennir.png'"
"PILOT-AB91776CBC66","turrphennir","turrphennir","Turr Phennir","tieinterceptor","galacticempire","PilotBaseTokenSheet","False","clear","1","AST-0C785B50D0104EEE","legacy1e","112","high","assets/source/legacy1e/steamusercontent-a.akamaihd.net/images/asset__918718401447f3eb.jpg","pilot identity 'turrphennir' in legacy context; ship identity matched; shared legacy image reference; legacy First Edition source"
"PILOT-AB91776CBC66","turrphennir","turrphennir","Turr Phennir","tieinterceptor","galacticempire","PilotBaseToken","True","clear","1","AST-D966139A27AB1E0E","generated","105","high","assets/generated/PilotBaseToken/galacticempire/tieinterceptor/turrphennir__pilot-ab91776cbc66.png","pilot identity 'turrphennir' in path; ship identity matched; token and base context"
"PILOT-E89CD27DF359","tychocelchu","tychocelchu","Tycho Celchu","awing","rebelalliance","PilotCard","True","clear","1","AST-897FC3DC4E57DC53","xwing-data","278","high","assets/source/xwing-data/images/pilots/Rebel Alliance/A-wing/tycho-celchu.png","pilot identity 'tychocelchu' in path; ship identity matched; faction identity matched; pilot context; individual xwing-data First Edition pilot card; structured xwing-data record matched skill 8, points 26, image 'pilots/Rebel Alliance/A-wing/tycho-celchu.png'"
"PILOT-E89CD27DF359","tychocelchu","tychocelchu","Tycho Celchu","awing","rebelalliance","PilotBaseTokenSheet","False","clear","1","AST-D6B1FF67B063CA59","legacy1e","112","high","assets/source/legacy1e/steamusercontent-a.akamaihd.net/images/asset__029a55df7aa12763.jpg","pilot identity 'tychocelchu' in legacy context; ship identity matched; shared legacy image reference; legacy First Edition source"
"PILOT-E89CD27DF359","tychocelchu","tychocelchu","Tycho Celchu","awing","rebelalliance","PilotBaseToken","True","clear","1","AST-EC1EE38ED3903E24","generated","105","high","assets/generated/PilotBaseToken/rebelalliance/awing/tychocelchu__pilot-e89cd27df359.png","pilot identity 'tychocelchu' in path; ship identity matched; token and base context"
"PILOT-92CC97D0C2A9","unkarplutt","unkarplutt","Unkar Plutt","quadjumper","scumandvillainy","PilotCard","True","clear","1","AST-9BF7A80E12D0F9FD","xwing-data","278","high","assets/source/xwing-data/images/pilots/Scum and Villainy/Quadjumper/unkar-plutt.png","pilot identity 'unkarplutt' in path; ship identity matched; faction identity matched; pilot context; individual xwing-data First Edition pilot card; structured xwing-data record matched skill 3, points 17, image 'pilots/Scum and Villainy/Quadjumper/unkar-plutt.png'"
"PILOT-92CC97D0C2A9","unkarplutt","unkarplutt","Unkar Plutt","quadjumper","scumandvillainy","PilotBaseTokenSheet","False","clear","1","AST-5A2BE6CD77D524AD","legacy1e","112","high","assets/source/legacy1e/steamusercontent-a.akamaihd.net/images/asset__5cae101d5041fcf3.png","pilot identity 'unkarplutt' in legacy context; ship identity matched; shared legacy image reference; legacy First Edition source"
"PILOT-92CC97D0C2A9","unkarplutt","unkarplutt","Unkar Plutt","quadjumper","scumandvillainy","PilotBaseToken","True","clear","1","AST-2DA0B6548D1A8131","generated","105","high","assets/generated/PilotBaseToken/scumandvillainy/quadjumper/unkarplutt__pilot-92cc97d0c2a9.png","pilot identity 'unkarplutt' in path; ship identity matched; token and base context"
"PILOT-53F462B28696","viktorhel","viktorhel","Viktor Hel","kihraxzfighter","scumandvillainy","PilotCard","True","clear","1","AST-BA7154F67F64EB36","xwing-data","278","high","assets/source/xwing-data/images/pilots/Scum and Villainy/Kihraxz Fighter/viktor-hel.png","pilot identity 'viktorhel' in path; ship identity matched; faction identity matched; pilot context; individual xwing-data First Edition pilot card; structured xwing-data record matched skill 7, points 25, image 'pilots/Scum and Villainy/Kihraxz Fighter/viktor-hel.png'"
"PILOT-53F462B28696","viktorhel","viktorhel","Viktor Hel","kihraxzfighter","scumandvillainy","PilotBaseTokenSheet","False","clear","1","AST-B287C4A9C9A1DE8A","legacy1e","100","high","assets/source/legacy1e/steamusercontent-a.akamaihd.net/images/asset__4c009f4e322d5c41.png","pilot identity 'viktorhel' in legacy context; shared legacy image reference; legacy First Edition source"
"PILOT-53F462B28696","viktorhel","viktorhel","Viktor Hel","kihraxzfighter","scumandvillainy","PilotBaseToken","True","clear","1","AST-CECA185B24BD7386","generated","105","high","assets/generated/PilotBaseToken/scumandvillainy/kihraxzfighter/viktorhel__pilot-53f462b28696.png","pilot identity 'viktorhel' in path; ship identity matched; token and base context"
"PILOT-7D6B4693D0CC","wardensquadronpilot","wardensquadronpilot","Warden Squadron Pilot","kwing","rebelalliance","PilotCard","True","clear","1","AST-10670AA13C21F04C","xwing-data","278","high","assets/source/xwing-data/images/pilots/Rebel Alliance/K-wing/warden-squadron-pilot.png","pilot identity 'wardensquadronpilot' in path; ship identity matched; faction identity matched; pilot context; individual xwing-data First Edition pilot card; structured xwing-data record matched skill 2, points 23, image 'pilots/Rebel Alliance/K-wing/warden-squadron-pilot.png'"
"PILOT-7D6B4693D0CC","wardensquadronpilot","wardensquadronpilot","Warden Squadron Pilot","kwing","rebelalliance","PilotBaseTokenSheet","False","clear","1","AST-95A55FCDC5AC6F47","legacy1e","112","high","assets/source/legacy1e/steamusercontent-a.akamaihd.net/images/asset__b73f48e259f94c7a.jpg","pilot identity 'wardensquadronpilot' in legacy context; ship identity matched; shared legacy image reference; legacy First Edition source"
"PILOT-7D6B4693D0CC","wardensquadronpilot","wardensquadronpilot","Warden Squadron Pilot","kwing","rebelalliance","PilotBaseToken","True","clear","1","AST-B9739EB22620F78F","generated","105","high","assets/generated/PilotBaseToken/rebelalliance/kwing/wardensquadronpilot__pilot-7d6b4693d0cc.png","pilot identity 'wardensquadronpilot' in path; ship identity matched; token and base context"
"PILOT-73CCA504AA40","wedgeantilles","wedgeantilles","Wedge Antilles","xwing","rebelalliance","PilotCard","True","clear","1","AST-9DAB1D7738F4129A","xwing-data","278","high","assets/source/xwing-data/images/pilots/Rebel Alliance/X-wing/wedge-antilles.png","pilot identity 'wedgeantilles' in path; ship identity matched; faction identity matched; pilot context; individual xwing-data First Edition pilot card; structured xwing-data record matched skill 9, points 29, image 'pilots/Rebel Alliance/X-wing/wedge-antilles.png'"
"PILOT-73CCA504AA40","wedgeantilles","wedgeantilles","Wedge Antilles","xwing","rebelalliance","PilotBaseTokenSheet","False","clear","1","AST-DDF0DBD70CB28186","legacy1e","112","high","assets/source/legacy1e/steamusercontent-a.akamaihd.net/images/asset__de7f7833467986a1.jpg","pilot identity 'wedgeantilles' in legacy context; ship identity matched; shared legacy image reference; legacy First Edition source"
"PILOT-73CCA504AA40","wedgeantilles","wedgeantilles","Wedge Antilles","xwing","rebelalliance","PilotBaseToken","True","clear","1","AST-3CF03DCB0547FA6E","generated","105","high","assets/generated/PilotBaseToken/rebelalliance/xwing/wedgeantilles__pilot-73cca504aa40.png","pilot identity 'wedgeantilles' in path; ship identity matched; token and base context"
"PILOT-D860BA3F714B","wesjanson","wesjanson","Wes Janson","xwing","rebelalliance","PilotCard","True","clear","1","AST-5617EAE6B467AD75","xwing-data","278","high","assets/source/xwing-data/images/pilots/Rebel Alliance/X-wing/wes-janson.png","pilot identity 'wesjanson' in path; ship identity matched; faction identity matched; pilot context; individual xwing-data First Edition pilot card; structured xwing-data record matched skill 8, points 29, image 'pilots/Rebel Alliance/X-wing/wes-janson.png'"
"PILOT-D860BA3F714B","wesjanson","wesjanson","Wes Janson","xwing","rebelalliance","PilotBaseTokenSheet","False","clear","1","AST-5E701DA557AA7F88","legacy1e","112","high","assets/source/legacy1e/steamusercontent-a.akamaihd.net/images/asset__479ac4c40d60d726.png","pilot identity 'wesjanson' in legacy context; ship identity matched; shared legacy image reference; legacy First Edition source"
"PILOT-D860BA3F714B","wesjanson","wesjanson","Wes Janson","xwing","rebelalliance","PilotBaseToken","True","clear","1","AST-94AC960F9E603F6C","generated","105","high","assets/generated/PilotBaseToken/rebelalliance/xwing/wesjanson__pilot-d860ba3f714b.png","pilot identity 'wesjanson' in path; ship identity matched; token and base context"
"PILOT-782C47437218","wildspacefringer","wildspacefringer","Wild Space Fringer","yt2400","rebelalliance","PilotCard","True","clear","1","AST-ABC39B0FB2F4811C","xwing-data","278","high","assets/source/xwing-data/images/pilots/Rebel Alliance/YT-2400/wild-space-fringer.png","pilot identity 'wildspacefringer' in path; ship identity matched; faction identity matched; pilot context; individual xwing-data First Edition pilot card; structured xwing-data record matched skill 2, points 30, image 'pilots/Rebel Alliance/YT-2400/wild-space-fringer.png'"
"PILOT-782C47437218","wildspacefringer","wildspacefringer","Wild Space Fringer","yt2400","rebelalliance","PilotBaseTokenSheet","False","clear","1","AST-E4AEFF3C18E3B422","legacy1e","112","high","assets/source/legacy1e/steamusercontent-a.akamaihd.net/images/asset__d382c67e280ab176.jpg","pilot identity 'wildspacefringer' in legacy context; ship identity matched; shared legacy image reference; legacy First Edition source"
"PILOT-782C47437218","wildspacefringer","wildspacefringer","Wild Space Fringer","yt2400","rebelalliance","PilotBaseToken","True","clear","1","AST-A3D0FA8F9084737D","generated","105","high","assets/generated/PilotBaseToken/rebelalliance/yt2400/wildspacefringer__pilot-782c47437218.png","pilot identity 'wildspacefringer' in path; ship identity matched; token and base context"
"PILOT-AF7029FD12A1","wullffwarro","wullffwarro","Wullffwarro","auzituckgunship","rebelalliance","PilotCard","True","clear","1","AST-7D2663F791A48926","xwing-data","278","high","assets/source/xwing-data/images/pilots/Rebel Alliance/Auzituck Gunship/wullffwarro.png","pilot identity 'wullffwarro' in path; ship identity matched; faction identity matched; pilot context; individual xwing-data First Edition pilot card; structured xwing-data record matched skill 7, points 30, image 'pilots/Rebel Alliance/Auzituck Gunship/wullffwarro.png'"
"PILOT-AF7029FD12A1","wullffwarro","wullffwarro","Wullffwarro","auzituckgunship","rebelalliance","PilotBaseTokenSheet","False","missing","0","","","0","","",""
"PILOT-AF7029FD12A1","wullffwarro","wullffwarro","Wullffwarro","auzituckgunship","rebelalliance","PilotBaseToken","True","clear","1","AST-F2B13532126B1B2E","generated","105","high","assets/generated/PilotBaseToken/rebelalliance/auzituckgunship/wullffwarro__pilot-a607ab86a279.png","pilot identity 'wullffwarro' in path; ship identity matched; token and base context"
"PILOT-C52E6EAB9ED5","zealousrecruit","zealousrecruit","Zealous Recruit","protectoratestarfighter","scumandvillainy","PilotCard","True","clear","1","AST-93FB313834908E1D","xwing-data","278","high","assets/source/xwing-data/images/pilots/Scum and Villainy/Protectorate Starfighter/zealous-recruit.png","pilot identity 'zealousrecruit' in path; ship identity matched; faction identity matched; pilot context; individual xwing-data First Edition pilot card; structured xwing-data record matched skill 1, points 20, image 'pilots/Scum and Villainy/Protectorate Starfighter/zealous-recruit.png'"
"PILOT-C52E6EAB9ED5","zealousrecruit","zealousrecruit","Zealous Recruit","protectoratestarfighter","scumandvillainy","PilotBaseTokenSheet","False","clear","1","AST-509A37FB8A96557E","legacy1e","112","high","assets/source/legacy1e/steamusercontent-a.akamaihd.net/other/asset__a8f5fe0246709993.png","pilot identity 'zealousrecruit' in legacy context; ship identity matched; shared legacy image reference; legacy First Edition source"
"PILOT-C52E6EAB9ED5","zealousrecruit","zealousrecruit","Zealous Recruit","protectoratestarfighter","scumandvillainy","PilotBaseToken","True","clear","1","AST-EE877A782E774E24","generated","105","high","assets/generated/PilotBaseToken/scumandvillainy/protectoratestarfighter/zealousrecruit__pilot-c52e6eab9ed5.png","pilot identity 'zealousrecruit' in path; ship identity matched; token and base context"
"PILOT-9A7ADD2621BF","zertikstrom","zertikstrom","Zertik Strom","tieadvanced","galacticempire","PilotCard","True","clear","1","AST-362135DB220A5147","xwing-data","278","high","assets/source/xwing-data/images/pilots/Galactic Empire/TIE Advanced/zertik-strom.png","pilot identity 'zertikstrom' in path; ship identity matched; faction identity matched; pilot context; individual xwing-data First Edition pilot card; structured xwing-data record matched skill 6, points 26, image 'pilots/Galactic Empire/TIE Advanced/zertik-strom.png'"
"PILOT-9A7ADD2621BF","zertikstrom","zertikstrom","Zertik Strom","tieadvanced","galacticempire","PilotBaseTokenSheet","False","clear","1","AST-BFCD54276CDDDBDD","legacy1e","112","high","assets/source/legacy1e/steamusercontent-a.akamaihd.net/images/asset__70dd166decee0563.jpg","pilot identity 'zertikstrom' in legacy context; ship identity matched; shared legacy image reference; legacy First Edition source"
"PILOT-9A7ADD2621BF","zertikstrom","zertikstrom","Zertik Strom","tieadvanced","galacticempire","PilotBaseToken","True","clear","1","AST-06CDB4B4825A1353","generated","105","high","assets/generated/PilotBaseToken/galacticempire/tieadvanced/zertikstrom__pilot-9a7add2621bf.png","pilot identity 'zertikstrom' in path; ship identity matched; token and base context"
"PILOT-01CF39ABD27A","zetasquadronpilot","zetasquadronpilot","Zeta Squadron Pilot","tiefofighter","firstorder","PilotCard","True","clear","1","AST-D6EFC16726BD0235","xwing-data","278","high","assets/source/xwing-data/images/pilots/First Order/TIE-fo Fighter/zeta-squadron-pilot.png","pilot identity 'zetasquadronpilot' in path; ship identity matched; faction identity matched; pilot context; individual xwing-data First Edition pilot card; structured xwing-data record matched skill 3, points 16, image 'pilots/First Order/TIE-fo Fighter/zeta-squadron-pilot.png'"
"PILOT-01CF39ABD27A","zetasquadronpilot","zetasquadronpilot","Zeta Squadron Pilot","tiefofighter","firstorder","PilotBaseTokenSheet","False","clear","1","AST-E9CF84F929B265B0","legacy1e","100","high","assets/source/legacy1e/steamusercontent-a.akamaihd.net/images/asset__e52b3d40c9434835.png","pilot identity 'zetasquadronpilot' in legacy context; shared legacy image reference; legacy First Edition source"
"PILOT-01CF39ABD27A","zetasquadronpilot","zetasquadronpilot","Zeta Squadron Pilot","tiefofighter","firstorder","PilotBaseToken","True","clear","1","AST-124C1115891DAE7A","generated","105","high","assets/generated/PilotBaseToken/firstorder/tiefofighter/zetasquadronpilot__pilot-01cf39abd27a.png","pilot identity 'zetasquadronpilot' in path; ship identity matched; token and base context"
"PILOT-02501A6A0AA0","zuckuss","zuckuss","Zuckuss","g1astarfighter","scumandvillainy","PilotCard","True","clear","1","AST-FBA4B291C8A17EC5","xwing-data","278","high","assets/source/xwing-data/images/pilots/Scum and Villainy/G-1A Starfighter/zuckuss.png","pilot identity 'zuckuss' in path; ship identity matched; faction identity matched; pilot context; individual xwing-data First Edition pilot card; structured xwing-data record matched skill 7, points 28, image 'pilots/Scum and Villainy/G-1A Starfighter/zuckuss.png'"
"PILOT-02501A6A0AA0","zuckuss","zuckuss","Zuckuss","g1astarfighter","scumandvillainy","PilotBaseTokenSheet","False","clear","1","AST-BAD110AFDAC6DFC1","legacy1e","112","high","assets/source/legacy1e/steamusercontent-a.akamaihd.net/images/asset__b9203c0314cdfe2d.jpg","pilot identity 'zuckuss' in legacy context; ship identity matched; shared legacy image reference; legacy First Edition source"
"PILOT-02501A6A0AA0","zuckuss","zuckuss","Zuckuss","g1astarfighter","scumandvillainy","PilotBaseToken","True","clear","1","AST-FB0B48AF54A6B3F1","generated","105","high","assets/generated/PilotBaseToken/scumandvillainy/g1astarfighter/zuckuss__pilot-02501a6a0aa0.png","pilot identity 'zuckuss' in path; ship identity matched; token and base context"
