ShipId,TargetId,ShipName,BaseSize,Role,Required,Status,Rank,Score,Confidence,Warehouse,AssetId,RepositoryPath,Reasons
"SHIP-7D46DA71157C","awing","A-wing","small","ShipModel",True,"review",1,88,"high","unified25","AST-03A1CCD02A1E4AA3","assets/source/unified25/assets/ships-v2/small/rz1awing/awing.obj","ship alias 'rz1awing' in path; ships-v2 location; OBJ model"
"SHIP-7D46DA71157C","awing","A-wing","small","ShipModel",True,"review",2,88,"high","unified25","AST-E5EA078DBFBF5528","assets/source/unified25/assets/ships-v2/small/rz1awing/rz1awing.obj","ship alias 'rz1awing' in path; ships-v2 location; OBJ model"
"SHIP-7D46DA71157C","awing","A-wing","small","ShipModel",True,"review",3,88,"high","unified25","AST-4A83026C1A2B7F32","assets/source/unified25/assets/ships-v2/small/rz2awing/res_awing.obj","ship alias 'a-wing' in path; ships-v2 location; OBJ model"
"SHIP-7D46DA71157C","awing","A-wing","small","ShipModel",True,"review",4,86,"high","unified25","AST-C64EE0607E311A1B","assets/source/unified25/assets/ships/Rebel/RZ1AWing/awingOLD.obj","ship alias 'rz1awing' in path; ships location; OBJ model"
"SHIP-7D46DA71157C","awing","A-wing","small","ShipModel",True,"review",5,86,"high","unified25","AST-70AFDF4B8BB27754","assets/source/unified25/assets/ships/Small/REB_awing/awing.obj","ship alias 'a-wing' in path; ships location; OBJ model"
"SHIP-7D46DA71157C","awing","A-wing","small","ShipModel",True,"review",6,86,"high","unified25","AST-516CD47DE2F80C77","assets/source/unified25/assets/ships/Small/REB_awing/Old/awing.obj","ship alias 'a-wing' in path; ships location; OBJ model"
"SHIP-7D46DA71157C","awing","A-wing","small","ShipModel",True,"review",7,86,"high","unified25","AST-5F12F5A71484DA4A","assets/source/unified25/assets/ships/Small/RIS_awing/res_awing.obj","ship alias 'a-wing' in path; ships location; OBJ model"
"SHIP-7D46DA71157C","awing","A-wing","small","ShipTexture",True,"review",1,85,"high","unified25","AST-66B96C3F42625E61","assets/source/unified25/assets/ships-v2/small/rz1awing/icon.png","ship alias 'rz1awing' in path; ships-v2 location; ship image/texture"
"SHIP-7D46DA71157C","awing","A-wing","small","ShipTexture",True,"review",2,85,"high","unified25","AST-66B96C3F42625E61","assets/source/unified25/assets/ships-v2/small/rz1awing/rz1_awing.png","ship alias 'rz1awing' in path; ships-v2 location; ship image/texture"
"SHIP-7D46DA71157C","awing","A-wing","small","ShipTexture",True,"review",3,85,"high","unified25","AST-828E05258D4277A4","assets/source/unified25/assets/ships-v2/small/rz1awing/Textures/arvel.jpg","ship alias 'rz1awing' in path; ships-v2 location; ship image/texture"
"SHIP-7D46DA71157C","awing","A-wing","small","ShipTexture",True,"review",4,85,"high","unified25","AST-C4B52F7C60BFA709","assets/source/unified25/assets/ships-v2/small/rz1awing/Textures/ArvelCrynyd.png","ship alias 'rz1awing' in path; ships-v2 location; ship image/texture"
"SHIP-7D46DA71157C","awing","A-wing","small","ShipTexture",True,"review",5,85,"high","unified25","AST-4C39475AAA1218D2","assets/source/unified25/assets/ships-v2/small/rz1awing/Textures/blank.png","ship alias 'rz1awing' in path; ships-v2 location; ship image/texture"
"SHIP-7D46DA71157C","awing","A-wing","small","ShipTexture",True,"review",6,85,"high","unified25","AST-7ED87CA79DC29E7B","assets/source/unified25/assets/ships-v2/small/rz1awing/Textures/blue.jpg","ship alias 'rz1awing' in path; ships-v2 location; ship image/texture"
"SHIP-7D46DA71157C","awing","A-wing","small","ShipTexture",True,"review",7,85,"high","unified25","AST-B3A67C75522F7174","assets/source/unified25/assets/ships-v2/small/rz1awing/Textures/green.jpg","ship alias 'rz1awing' in path; ships-v2 location; ship image/texture"
"SHIP-7D46DA71157C","awing","A-wing","small","ShipTexture",True,"review",8,85,"high","unified25","AST-EFB4910D3B8DC84C","assets/source/unified25/assets/ships-v2/small/rz1awing/Textures/green2.jpg","ship alias 'rz1awing' in path; ships-v2 location; ship image/texture"
"SHIP-7D46DA71157C","awing","A-wing","small","BaseToken",True,"review",1,83,"medium","generated","AST-AF46A29CD8899D8F","assets/generated/PilotBaseToken/rebelalliance/awing/arvelcrynyd__pilot-abfc7c17fcac.png","ship alias 'a-wing' in path; token/base image"
"SHIP-7D46DA71157C","awing","A-wing","small","BaseToken",True,"review",2,83,"medium","generated","AST-5F1408494F6A563F","assets/generated/PilotBaseToken/rebelalliance/awing/gemmersojan__pilot-19d285178ac9.png","ship alias 'a-wing' in path; token/base image"
"SHIP-7D46DA71157C","awing","A-wing","small","BaseToken",True,"review",3,83,"medium","generated","AST-48DF083276B0E432","assets/generated/PilotBaseToken/rebelalliance/awing/greensquadronpilot__pilot-82934a2fa2f1.png","ship alias 'a-wing' in path; token/base image"
"SHIP-7D46DA71157C","awing","A-wing","small","BaseToken",True,"review",4,83,"medium","generated","AST-29C814CF06A529B5","assets/generated/PilotBaseToken/rebelalliance/awing/jakefarrell__pilot-a0ae862c1758.png","ship alias 'a-wing' in path; token/base image"
"SHIP-7D46DA71157C","awing","A-wing","small","BaseToken",True,"review",5,83,"medium","generated","AST-EE45D8550A97160C","assets/generated/PilotBaseToken/rebelalliance/awing/prototypepilot__pilot-a371331d793e.png","ship alias 'a-wing' in path; token/base image"
"SHIP-7D46DA71157C","awing","A-wing","small","BaseToken",True,"review",6,83,"medium","generated","AST-EC1EE38ED3903E24","assets/generated/PilotBaseToken/rebelalliance/awing/tychocelchu__pilot-e89cd27df359.png","ship alias 'a-wing' in path; token/base image"
"SHIP-7D46DA71157C","awing","A-wing","small","BaseToken",True,"review",7,83,"medium","generated-pilot-tokens","AST-EE45D8550A97160C","assets/source/generated-pilot-tokens/rebelalliance/awing/prototypepilot.png","ship alias 'a-wing' in path; token/base image"
"SHIP-7D46DA71157C","awing","A-wing","small","BaseToken",True,"review",8,63,"medium","unified25","AST-66B96C3F42625E61","assets/source/unified25/assets/ships-v2/small/rz1awing/icon.png","ship alias 'rz1awing' in path; ships-v2 location"
"SHIP-7D46DA71157C","awing","A-wing","small","DialTexture",True,"review",1,85,"high","generated","AST-BE942E68F55A3DE3","assets/generated/FirstEditionDialTexture/rebelalliance/awing__dial-be942e68f55a.png","ship alias 'a-wing' in path; dial image"
"SHIP-7D46DA71157C","awing","A-wing","small","DialTexture",True,"review",2,85,"high","first-edition-dials","AST-1543A51384307B38","assets/source/first-edition-dials/rebelalliance/awing.jpg","ship alias 'a-wing' in path; dial image"
"SHIP-7D46DA71157C","awing","A-wing","small","DialTexture",True,"review",3,63,"medium","unified25","AST-66B96C3F42625E61","assets/source/unified25/assets/ships-v2/small/rz1awing/icon.png","ship alias 'rz1awing' in path; ships-v2 location"
"SHIP-7D46DA71157C","awing","A-wing","small","DialTexture",True,"review",4,63,"medium","unified25","AST-66B96C3F42625E61","assets/source/unified25/assets/ships-v2/small/rz1awing/rz1_awing.png","ship alias 'rz1awing' in path; ships-v2 location"
"SHIP-7D46DA71157C","awing","A-wing","small","DialTexture",True,"review",5,63,"medium","unified25","AST-828E05258D4277A4","assets/source/unified25/assets/ships-v2/small/rz1awing/Textures/arvel.jpg","ship alias 'rz1awing' in path; ships-v2 location"
"SHIP-7D46DA71157C","awing","A-wing","small","DialTexture",True,"review",6,63,"medium","unified25","AST-C4B52F7C60BFA709","assets/source/unified25/assets/ships-v2/small/rz1awing/Textures/ArvelCrynyd.png","ship alias 'rz1awing' in path; ships-v2 location"
"SHIP-7D46DA71157C","awing","A-wing","small","DialTexture",True,"review",7,63,"medium","unified25","AST-4C39475AAA1218D2","assets/source/unified25/assets/ships-v2/small/rz1awing/Textures/blank.png","ship alias 'rz1awing' in path; ships-v2 location"
"SHIP-7D46DA71157C","awing","A-wing","small","DialTexture",True,"review",8,63,"medium","unified25","AST-7ED87CA79DC29E7B","assets/source/unified25/assets/ships-v2/small/rz1awing/Textures/blue.jpg","ship alias 'rz1awing' in path; ships-v2 location"
"SHIP-7D46DA71157C","awing","A-wing","small","DialModel",False,"review",1,63,"medium","unified25","AST-03A1CCD02A1E4AA3","assets/source/unified25/assets/ships-v2/small/rz1awing/awing.obj","ship alias 'rz1awing' in path; ships-v2 location"
"SHIP-7D46DA71157C","awing","A-wing","small","DialModel",False,"review",2,63,"medium","unified25","AST-E5EA078DBFBF5528","assets/source/unified25/assets/ships-v2/small/rz1awing/rz1awing.obj","ship alias 'rz1awing' in path; ships-v2 location"
"SHIP-7D46DA71157C","awing","A-wing","small","DialModel",False,"review",3,63,"medium","unified25","AST-4A83026C1A2B7F32","assets/source/unified25/assets/ships-v2/small/rz2awing/res_awing.obj","ship alias 'a-wing' in path; ships-v2 location"
"SHIP-7D46DA71157C","awing","A-wing","small","DialModel",False,"review",4,61,"medium","unified25","AST-C64EE0607E311A1B","assets/source/unified25/assets/ships/Rebel/RZ1AWing/awingOLD.obj","ship alias 'rz1awing' in path; ships location"
"SHIP-7D46DA71157C","awing","A-wing","small","DialModel",False,"review",5,61,"medium","unified25","AST-70AFDF4B8BB27754","assets/source/unified25/assets/ships/Small/REB_awing/awing.obj","ship alias 'a-wing' in path; ships location"
"SHIP-7D46DA71157C","awing","A-wing","small","DialModel",False,"review",6,61,"medium","unified25","AST-516CD47DE2F80C77","assets/source/unified25/assets/ships/Small/REB_awing/Old/awing.obj","ship alias 'a-wing' in path; ships location"
"SHIP-7D46DA71157C","awing","A-wing","small","DialModel",False,"review",7,61,"medium","unified25","AST-5F12F5A71484DA4A","assets/source/unified25/assets/ships/Small/RIS_awing/res_awing.obj","ship alias 'a-wing' in path; ships location"
"SHIP-7D46DA71157C","awing","A-wing","small","ShipScript",False,"missing",,,,,,,
"SHIP-A7919F5F25FD","aggressor","Aggressor","large","ShipModel",True,"clear",1,100,"high","unified25","AST-312C95D86055232C","assets/source/unified25/assets/ships-v2/medium/aggressorassaultfighter/aggressor.obj","ship alias 'aggressorassaultfighter' in path; ships-v2 location; OBJ model"
"SHIP-A7919F5F25FD","aggressor","Aggressor","large","ShipModel",True,"clear",2,88,"high","unified25","AST-D721EC1C4A47B044","assets/source/unified25/assets/ships-v2/small/tieagaggressor/Tie Aggressor.obj","ship alias 'aggressor' in path; ships-v2 location; OBJ model"
"SHIP-A7919F5F25FD","aggressor","Aggressor","large","ShipModel",True,"clear",3,88,"high","unified25","AST-D721EC1C4A47B044","assets/source/unified25/assets/ships-v2/small/tieagaggressor/tieagaggressor.obj","ship alias 'aggressor' in path; ships-v2 location; OBJ model"
"SHIP-A7919F5F25FD","aggressor","Aggressor","large","ShipModel",True,"clear",4,86,"high","unified25","AST-BFA3049FF4531AA7","assets/source/unified25/assets/ships/Small/EMP_tieaggressor/tieaggressor.obj","ship alias 'aggressor' in path; ships location; OBJ model"
"SHIP-A7919F5F25FD","aggressor","Aggressor","large","ShipTexture",True,"review",1,100,"high","unified25","AST-025FB3952C308EF6","assets/source/unified25/assets/ships-v2/medium/aggressorassaultfighter/Icon.png","ship alias 'aggressorassaultfighter' in path; ships-v2 location; ship image/texture"
"SHIP-A7919F5F25FD","aggressor","Aggressor","large","ShipTexture",True,"review",2,100,"high","unified25","AST-A806758CCBE6D251","assets/source/unified25/assets/ships-v2/medium/aggressorassaultfighter/Textures/standard.jpg","ship alias 'aggressorassaultfighter' in path; ships-v2 location; ship image/texture"
"SHIP-A7919F5F25FD","aggressor","Aggressor","large","ShipTexture",True,"review",3,85,"high","unified25","AST-9ACAD4D27817EB68","assets/source/unified25/assets/ships-v2/small/tieagaggressor/icon.png","ship alias 'aggressor' in path; ships-v2 location; ship image/texture"
"SHIP-A7919F5F25FD","aggressor","Aggressor","large","ShipTexture",True,"review",4,85,"high","unified25","AST-72CFB07F5FB859AB","assets/source/unified25/assets/ships-v2/small/tieagaggressor/textures/Tie-Aggressor-blue.jpg","ship alias 'aggressor' in path; ships-v2 location; ship image/texture"
"SHIP-A7919F5F25FD","aggressor","Aggressor","large","ShipTexture",True,"review",5,85,"high","unified25","AST-F5CFE5650F917DC4","assets/source/unified25/assets/ships-v2/small/tieagaggressor/textures/Tie-Aggressor-grey.jpg","ship alias 'aggressor' in path; ships-v2 location; ship image/texture"
"SHIP-A7919F5F25FD","aggressor","Aggressor","large","ShipTexture",True,"review",6,85,"high","unified25","AST-72CFB07F5FB859AB","assets/source/unified25/assets/ships-v2/small/tieagaggressor/textures/tieagaggressorblue.jpg","ship alias 'aggressor' in path; ships-v2 location; ship image/texture"
"SHIP-A7919F5F25FD","aggressor","Aggressor","large","ShipTexture",True,"review",7,85,"high","unified25","AST-F5CFE5650F917DC4","assets/source/unified25/assets/ships-v2/small/tieagaggressor/textures/tieagaggressorgrey.jpg","ship alias 'aggressor' in path; ships-v2 location; ship image/texture"
"SHIP-A7919F5F25FD","aggressor","Aggressor","large","ShipTexture",True,"review",8,83,"medium","unified25","AST-B94BD887416E24A6","assets/source/unified25/assets/ships/Scum/aggressor/ig88a.png","ship alias 'aggressor' in path; ships location; ship image/texture"
"SHIP-A7919F5F25FD","aggressor","Aggressor","large","BaseToken",True,"review",1,83,"medium","generated","AST-10E4EB65141106E1","assets/generated/PilotBaseToken/galacticempire/tieaggressor/doubleedge__pilot-29c434698216.png","ship alias 'aggressor' in path; token/base image"
"SHIP-A7919F5F25FD","aggressor","Aggressor","large","BaseToken",True,"review",2,83,"medium","generated","AST-A5F155CD0D1655DE","assets/generated/PilotBaseToken/galacticempire/tieaggressor/lieutenantkestal__pilot-0ccb6dea3e06.png","ship alias 'aggressor' in path; token/base image"
"SHIP-A7919F5F25FD","aggressor","Aggressor","large","BaseToken",True,"review",3,83,"medium","generated","AST-94B88BFE36E73FD9","assets/generated/PilotBaseToken/galacticempire/tieaggressor/onyxsquadronescort__pilot-11ec1b262bd8.png","ship alias 'aggressor' in path; token/base image"
"SHIP-A7919F5F25FD","aggressor","Aggressor","large","BaseToken",True,"review",4,83,"medium","generated","AST-F8E8E8E16F49ECD5","assets/generated/PilotBaseToken/galacticempire/tieaggressor/sienarspecialist__pilot-7274e5f48e24.png","ship alias 'aggressor' in path; token/base image"
"SHIP-A7919F5F25FD","aggressor","Aggressor","large","BaseToken",True,"review",5,83,"medium","generated","AST-25AD73F5B8B622E2","assets/generated/PilotBaseToken/scumandvillainy/aggressor/ig88a__pilot-386ee2761a70.png","ship alias 'aggressor' in path; token/base image"
"SHIP-A7919F5F25FD","aggressor","Aggressor","large","BaseToken",True,"review",6,83,"medium","generated","AST-67BB613C73B6F09F","assets/generated/PilotBaseToken/scumandvillainy/aggressor/ig88b__pilot-22931f77e0c5.png","ship alias 'aggressor' in path; token/base image"
"SHIP-A7919F5F25FD","aggressor","Aggressor","large","BaseToken",True,"review",7,83,"medium","generated","AST-A1BFAB2D7FDAF3DF","assets/generated/PilotBaseToken/scumandvillainy/aggressor/ig88c__pilot-f3936ab17701.png","ship alias 'aggressor' in path; token/base image"
"SHIP-A7919F5F25FD","aggressor","Aggressor","large","BaseToken",True,"review",8,83,"medium","generated","AST-6F6385A3025D5343","assets/generated/PilotBaseToken/scumandvillainy/aggressor/ig88d__pilot-2e5d2cad25b4.png","ship alias 'aggressor' in path; token/base image"
"SHIP-A7919F5F25FD","aggressor","Aggressor","large","DialTexture",True,"review",1,85,"high","generated","AST-0007BEDEDB5F4C58","assets/generated/FirstEditionDialTexture/galacticempire/tieaggressor__dial-0007bededb5f.png","ship alias 'aggressor' in path; dial image"
"SHIP-A7919F5F25FD","aggressor","Aggressor","large","DialTexture",True,"review",2,85,"high","generated","AST-7BF1092954225FD0","assets/generated/FirstEditionDialTexture/scumandvillainy/aggressor__dial-7bf109295422.png","ship alias 'aggressor' in path; dial image"
"SHIP-A7919F5F25FD","aggressor","Aggressor","large","DialTexture",True,"review",3,85,"high","first-edition-dials","AST-D703E4CC7D71038E","assets/source/first-edition-dials/galacticempire/tieaggressor.jpg","ship alias 'aggressor' in path; dial image"
"SHIP-A7919F5F25FD","aggressor","Aggressor","large","DialTexture",True,"review",4,85,"high","first-edition-dials","AST-F319AE3328BBA0B9","assets/source/first-edition-dials/scumandvillainy/aggressor.jpg","ship alias 'aggressor' in path; dial image"
"SHIP-A7919F5F25FD","aggressor","Aggressor","large","DialTexture",True,"review",5,78,"medium","unified25","AST-025FB3952C308EF6","assets/source/unified25/assets/ships-v2/medium/aggressorassaultfighter/Icon.png","ship alias 'aggressorassaultfighter' in path; ships-v2 location"
"SHIP-A7919F5F25FD","aggressor","Aggressor","large","DialTexture",True,"review",6,78,"medium","unified25","AST-A806758CCBE6D251","assets/source/unified25/assets/ships-v2/medium/aggressorassaultfighter/Textures/standard.jpg","ship alias 'aggressorassaultfighter' in path; ships-v2 location"
"SHIP-A7919F5F25FD","aggressor","Aggressor","large","DialTexture",True,"review",7,63,"medium","unified25","AST-9ACAD4D27817EB68","assets/source/unified25/assets/ships-v2/small/tieagaggressor/icon.png","ship alias 'aggressor' in path; ships-v2 location"
"SHIP-A7919F5F25FD","aggressor","Aggressor","large","DialTexture",True,"review",8,63,"medium","unified25","AST-72CFB07F5FB859AB","assets/source/unified25/assets/ships-v2/small/tieagaggressor/textures/Tie-Aggressor-blue.jpg","ship alias 'aggressor' in path; ships-v2 location"
"SHIP-A7919F5F25FD","aggressor","Aggressor","large","DialModel",False,"review",1,78,"medium","unified25","AST-312C95D86055232C","assets/source/unified25/assets/ships-v2/medium/aggressorassaultfighter/aggressor.obj","ship alias 'aggressorassaultfighter' in path; ships-v2 location"
"SHIP-A7919F5F25FD","aggressor","Aggressor","large","DialModel",False,"review",2,63,"medium","unified25","AST-D721EC1C4A47B044","assets/source/unified25/assets/ships-v2/small/tieagaggressor/Tie Aggressor.obj","ship alias 'aggressor' in path; ships-v2 location"
"SHIP-A7919F5F25FD","aggressor","Aggressor","large","DialModel",False,"review",3,63,"medium","unified25","AST-D721EC1C4A47B044","assets/source/unified25/assets/ships-v2/small/tieagaggressor/tieagaggressor.obj","ship alias 'aggressor' in path; ships-v2 location"
"SHIP-A7919F5F25FD","aggressor","Aggressor","large","DialModel",False,"review",4,61,"medium","unified25","AST-BFA3049FF4531AA7","assets/source/unified25/assets/ships/Small/EMP_tieaggressor/tieaggressor.obj","ship alias 'aggressor' in path; ships location"
"SHIP-A7919F5F25FD","aggressor","Aggressor","large","ShipScript",False,"missing",,,,,,,
"SHIP-6BE5905FA887","alphaclassstarwing","Alpha-class Star Wing","small","ShipModel",True,"review",1,100,"high","unified25","AST-BCD4A6DFBD9A6437","assets/source/unified25/assets/ships-v2/small/alphaclassstarwing/Alpha Class.obj","ship alias 'alpha-class star wing' in path; ships-v2 location; OBJ model"
"SHIP-6BE5905FA887","alphaclassstarwing","Alpha-class Star Wing","small","ShipModel",True,"review",2,100,"high","unified25","AST-AD2A9D995698693D","assets/source/unified25/assets/ships-v2/small/alphaclassstarwing/Alpha Class2.obj","ship alias 'alpha-class star wing' in path; ships-v2 location; OBJ model"
"SHIP-6BE5905FA887","alphaclassstarwing","Alpha-class Star Wing","small","ShipModel",True,"review",3,60,"medium","unified25","AST-0367B4BC09C22D10","assets/source/unified25/assets/HotAC/campaigns/flight-group-alpha-campaign-model.obj","ship alias 'alpha' in path; OBJ model"
"SHIP-6BE5905FA887","alphaclassstarwing","Alpha-class Star Wing","small","ShipTexture",True,"review",1,100,"high","unified25","AST-79AE1A92096231C7","assets/source/unified25/assets/ships-v2/small/alphaclassstarwing/icon.png","ship alias 'alpha-class star wing' in path; ships-v2 location; ship image/texture"
"SHIP-6BE5905FA887","alphaclassstarwing","Alpha-class Star Wing","small","ShipTexture",True,"review",2,100,"high","unified25","AST-07FCEDB807FDC8A6","assets/source/unified25/assets/ships-v2/small/alphaclassstarwing/textures/standard.png","ship alias 'alpha-class star wing' in path; ships-v2 location; ship image/texture"
"SHIP-6BE5905FA887","alphaclassstarwing","Alpha-class Star Wing","small","ShipTexture",True,"review",3,92,"high","generated","AST-2A8BE41ED99189A1","assets/generated/FirstEditionDialTexture/galacticempire/alphaclassstarwing__dial-2a8be41ed991.png","ship alias 'alpha-class star wing' in path; ship image/texture"
"SHIP-6BE5905FA887","alphaclassstarwing","Alpha-class Star Wing","small","ShipTexture",True,"review",4,70,"medium","generated","AST-F634F169E504E246","assets/generated/PilotBaseToken/galacticempire/alphaclassstarwing/lieutenantkarsabi__pilot-a0f3db878b53.png","ship alias 'alpha-class star wing' in path"
"SHIP-6BE5905FA887","alphaclassstarwing","Alpha-class Star Wing","small","ShipTexture",True,"review",5,70,"medium","generated","AST-291FF5833FC5BD4E","assets/generated/PilotBaseToken/galacticempire/alphaclassstarwing/majorvynder__pilot-e36b6ada5cd4.png","ship alias 'alpha-class star wing' in path"
"SHIP-6BE5905FA887","alphaclassstarwing","Alpha-class Star Wing","small","ShipTexture",True,"review",6,70,"medium","generated","AST-5FC6A0A42232DA44","assets/generated/PilotBaseToken/galacticempire/alphaclassstarwing/nusquadronpilot__pilot-3c9e6338ebc2.png","ship alias 'alpha-class star wing' in path"
"SHIP-6BE5905FA887","alphaclassstarwing","Alpha-class Star Wing","small","ShipTexture",True,"review",7,70,"medium","generated","AST-BAE5B788B019D990","assets/generated/PilotBaseToken/galacticempire/alphaclassstarwing/rhosquadronveteran__pilot-dfb086f68e10.png","ship alias 'alpha-class star wing' in path"
"SHIP-6BE5905FA887","alphaclassstarwing","Alpha-class Star Wing","small","ShipTexture",True,"review",8,70,"medium","first-edition-dials","AST-15E7F5136EFA9DF9","assets/source/first-edition-dials/galacticempire/alphaclassstarwing.jpg","ship alias 'alpha-class star wing' in path"
"SHIP-6BE5905FA887","alphaclassstarwing","Alpha-class Star Wing","small","BaseToken",True,"review",1,98,"high","generated","AST-F634F169E504E246","assets/generated/PilotBaseToken/galacticempire/alphaclassstarwing/lieutenantkarsabi__pilot-a0f3db878b53.png","ship alias 'alpha-class star wing' in path; token/base image"
"SHIP-6BE5905FA887","alphaclassstarwing","Alpha-class Star Wing","small","BaseToken",True,"review",2,98,"high","generated","AST-291FF5833FC5BD4E","assets/generated/PilotBaseToken/galacticempire/alphaclassstarwing/majorvynder__pilot-e36b6ada5cd4.png","ship alias 'alpha-class star wing' in path; token/base image"
"SHIP-6BE5905FA887","alphaclassstarwing","Alpha-class Star Wing","small","BaseToken",True,"review",3,98,"high","generated","AST-5FC6A0A42232DA44","assets/generated/PilotBaseToken/galacticempire/alphaclassstarwing/nusquadronpilot__pilot-3c9e6338ebc2.png","ship alias 'alpha-class star wing' in path; token/base image"
"SHIP-6BE5905FA887","alphaclassstarwing","Alpha-class Star Wing","small","BaseToken",True,"review",4,98,"high","generated","AST-BAE5B788B019D990","assets/generated/PilotBaseToken/galacticempire/alphaclassstarwing/rhosquadronveteran__pilot-dfb086f68e10.png","ship alias 'alpha-class star wing' in path; token/base image"
"SHIP-6BE5905FA887","alphaclassstarwing","Alpha-class Star Wing","small","BaseToken",True,"review",5,78,"medium","unified25","AST-79AE1A92096231C7","assets/source/unified25/assets/ships-v2/small/alphaclassstarwing/icon.png","ship alias 'alpha-class star wing' in path; ships-v2 location"
"SHIP-6BE5905FA887","alphaclassstarwing","Alpha-class Star Wing","small","BaseToken",True,"review",6,78,"medium","unified25","AST-07FCEDB807FDC8A6","assets/source/unified25/assets/ships-v2/small/alphaclassstarwing/textures/standard.png","ship alias 'alpha-class star wing' in path; ships-v2 location"
"SHIP-6BE5905FA887","alphaclassstarwing","Alpha-class Star Wing","small","BaseToken",True,"review",7,70,"medium","generated","AST-2A8BE41ED99189A1","assets/generated/FirstEditionDialTexture/galacticempire/alphaclassstarwing__dial-2a8be41ed991.png","ship alias 'alpha-class star wing' in path"
"SHIP-6BE5905FA887","alphaclassstarwing","Alpha-class Star Wing","small","BaseToken",True,"review",8,70,"medium","first-edition-dials","AST-15E7F5136EFA9DF9","assets/source/first-edition-dials/galacticempire/alphaclassstarwing.jpg","ship alias 'alpha-class star wing' in path"
"SHIP-6BE5905FA887","alphaclassstarwing","Alpha-class Star Wing","small","DialTexture",True,"review",1,100,"high","generated","AST-2A8BE41ED99189A1","assets/generated/FirstEditionDialTexture/galacticempire/alphaclassstarwing__dial-2a8be41ed991.png","ship alias 'alpha-class star wing' in path; dial image"
"SHIP-6BE5905FA887","alphaclassstarwing","Alpha-class Star Wing","small","DialTexture",True,"review",2,100,"high","first-edition-dials","AST-15E7F5136EFA9DF9","assets/source/first-edition-dials/galacticempire/alphaclassstarwing.jpg","ship alias 'alpha-class star wing' in path; dial image"
"SHIP-6BE5905FA887","alphaclassstarwing","Alpha-class Star Wing","small","DialTexture",True,"review",3,78,"medium","unified25","AST-79AE1A92096231C7","assets/source/unified25/assets/ships-v2/small/alphaclassstarwing/icon.png","ship alias 'alpha-class star wing' in path; ships-v2 location"
"SHIP-6BE5905FA887","alphaclassstarwing","Alpha-class Star Wing","small","DialTexture",True,"review",4,78,"medium","unified25","AST-07FCEDB807FDC8A6","assets/source/unified25/assets/ships-v2/small/alphaclassstarwing/textures/standard.png","ship alias 'alpha-class star wing' in path; ships-v2 location"
"SHIP-6BE5905FA887","alphaclassstarwing","Alpha-class Star Wing","small","DialTexture",True,"review",5,70,"medium","generated","AST-F634F169E504E246","assets/generated/PilotBaseToken/galacticempire/alphaclassstarwing/lieutenantkarsabi__pilot-a0f3db878b53.png","ship alias 'alpha-class star wing' in path"
"SHIP-6BE5905FA887","alphaclassstarwing","Alpha-class Star Wing","small","DialTexture",True,"review",6,70,"medium","generated","AST-291FF5833FC5BD4E","assets/generated/PilotBaseToken/galacticempire/alphaclassstarwing/majorvynder__pilot-e36b6ada5cd4.png","ship alias 'alpha-class star wing' in path"
"SHIP-6BE5905FA887","alphaclassstarwing","Alpha-class Star Wing","small","DialTexture",True,"review",7,70,"medium","generated","AST-5FC6A0A42232DA44","assets/generated/PilotBaseToken/galacticempire/alphaclassstarwing/nusquadronpilot__pilot-3c9e6338ebc2.png","ship alias 'alpha-class star wing' in path"
"SHIP-6BE5905FA887","alphaclassstarwing","Alpha-class Star Wing","small","DialTexture",True,"review",8,70,"medium","generated","AST-BAE5B788B019D990","assets/generated/PilotBaseToken/galacticempire/alphaclassstarwing/rhosquadronveteran__pilot-dfb086f68e10.png","ship alias 'alpha-class star wing' in path"
"SHIP-6BE5905FA887","alphaclassstarwing","Alpha-class Star Wing","small","DialModel",False,"review",1,78,"medium","unified25","AST-BCD4A6DFBD9A6437","assets/source/unified25/assets/ships-v2/small/alphaclassstarwing/Alpha Class.obj","ship alias 'alpha-class star wing' in path; ships-v2 location"
"SHIP-6BE5905FA887","alphaclassstarwing","Alpha-class Star Wing","small","DialModel",False,"review",2,78,"medium","unified25","AST-AD2A9D995698693D","assets/source/unified25/assets/ships-v2/small/alphaclassstarwing/Alpha Class2.obj","ship alias 'alpha-class star wing' in path; ships-v2 location"
"SHIP-6BE5905FA887","alphaclassstarwing","Alpha-class Star Wing","small","DialModel",False,"review",3,35,"low","unified25","AST-0367B4BC09C22D10","assets/source/unified25/assets/HotAC/campaigns/flight-group-alpha-campaign-model.obj","ship alias 'alpha' in path"
"SHIP-6BE5905FA887","alphaclassstarwing","Alpha-class Star Wing","small","ShipScript",False,"missing",,,,,,,
"SHIP-6CE316AFEE90","arc170","ARC-170","small","ShipModel",True,"review",1,100,"high","unified25","AST-FD504231CBB3C56A","assets/source/unified25/assets/ships-v2/medium/arc170starfighter/arc.obj","ship alias 'arc170starfighter' in path; ships-v2 location; OBJ model"
"SHIP-6CE316AFEE90","arc170","ARC-170","small","ShipModel",True,"review",2,100,"high","unified25","AST-22723AB2C5C4389B","assets/source/unified25/assets/ships-v2/medium/arc170starfighter/arc170.obj","ship alias 'arc170starfighter' in path; ships-v2 location; OBJ model"
"SHIP-6CE316AFEE90","arc170","ARC-170","small","ShipModel",True,"review",3,86,"high","unified25","AST-FDBEC5AEAD95AE2E","assets/source/unified25/assets/ships/Medium/arc170.obj","ship alias 'arc-170' in path; ships location; OBJ model"
"SHIP-6CE316AFEE90","arc170","ARC-170","small","ShipModel",True,"review",4,86,"high","unified25","AST-67AA1900080D77BD","assets/source/unified25/assets/ships/Medium/GRP_ARC-170/GRP_ARC170.obj","ship alias 'arc-170' in path; ships location; OBJ model"
"SHIP-6CE316AFEE90","arc170","ARC-170","small","ShipTexture",True,"review",1,100,"high","unified25","AST-7C9E80BE6B557BC0","assets/source/unified25/assets/ships-v2/medium/arc170starfighter/Icon.png","ship alias 'arc170starfighter' in path; ships-v2 location; ship image/texture"
"SHIP-6CE316AFEE90","arc170","ARC-170","small","ShipTexture",True,"review",2,100,"high","unified25","AST-46E5080D15A965A3","assets/source/unified25/assets/ships-v2/medium/arc170starfighter/Textures/black.jpg","ship alias 'arc170starfighter' in path; ships-v2 location; ship image/texture"
"SHIP-6CE316AFEE90","arc170","ARC-170","small","ShipTexture",True,"review",3,100,"high","unified25","AST-478474BB3B5771A4","assets/source/unified25/assets/ships-v2/medium/arc170starfighter/Textures/rebel.jpg","ship alias 'arc170starfighter' in path; ships-v2 location; ship image/texture"
"SHIP-6CE316AFEE90","arc170","ARC-170","small","ShipTexture",True,"review",4,100,"high","unified25","AST-5F25DE37EE42049F","assets/source/unified25/assets/ships-v2/medium/arc170starfighter/Textures/rebel.png","ship alias 'arc170starfighter' in path; ships-v2 location; ship image/texture"
"SHIP-6CE316AFEE90","arc170","ARC-170","small","ShipTexture",True,"review",5,100,"high","unified25","AST-7DF226716D4FF6B8","assets/source/unified25/assets/ships-v2/medium/arc170starfighter/Textures/republic-blue.jpg","ship alias 'arc170starfighter' in path; ships-v2 location; ship image/texture"
"SHIP-6CE316AFEE90","arc170","ARC-170","small","ShipTexture",True,"review",6,100,"high","unified25","AST-4667B361A7A1E45F","assets/source/unified25/assets/ships-v2/medium/arc170starfighter/Textures/republic.png","ship alias 'arc170starfighter' in path; ships-v2 location; ship image/texture"
"SHIP-6CE316AFEE90","arc170","ARC-170","small","ShipTexture",True,"review",7,100,"high","unified25","AST-B92A72BBC0085965","assets/source/unified25/assets/ships-v2/medium/arc170starfighter/Textures/republicblue.jpg","ship alias 'arc170starfighter' in path; ships-v2 location; ship image/texture"
"SHIP-6CE316AFEE90","arc170","ARC-170","small","ShipTexture",True,"review",8,100,"high","unified25","AST-2D5C5D38D9FB9951","assets/source/unified25/assets/ships-v2/medium/arc170starfighter/Textures/republicred.jpg","ship alias 'arc170starfighter' in path; ships-v2 location; ship image/texture"
"SHIP-6CE316AFEE90","arc170","ARC-170","small","BaseToken",True,"review",1,83,"medium","generated","AST-55010F029A228B7B","assets/generated/PilotBaseToken/rebelalliance/arc170/braylenstramm__pilot-559672c5acf1.png","ship alias 'arc-170' in path; token/base image"
"SHIP-6CE316AFEE90","arc170","ARC-170","small","BaseToken",True,"review",2,83,"medium","generated","AST-9D7F8E6A7C0521FE","assets/generated/PilotBaseToken/rebelalliance/arc170/norrawexley__pilot-65f6f265f16d.png","ship alias 'arc-170' in path; token/base image"
"SHIP-6CE316AFEE90","arc170","ARC-170","small","BaseToken",True,"review",3,83,"medium","generated","AST-7CF5787887BE4033","assets/generated/PilotBaseToken/rebelalliance/arc170/sharabey__pilot-1c20acae73ab.png","ship alias 'arc-170' in path; token/base image"
"SHIP-6CE316AFEE90","arc170","ARC-170","small","BaseToken",True,"review",4,83,"medium","generated","AST-12F76F5BF281C89B","assets/generated/PilotBaseToken/rebelalliance/arc170/thanekyrell__pilot-f24f4c0fdc1d.png","ship alias 'arc-170' in path; token/base image"
"SHIP-6CE316AFEE90","arc170","ARC-170","small","BaseToken",True,"review",5,78,"medium","unified25","AST-7C9E80BE6B557BC0","assets/source/unified25/assets/ships-v2/medium/arc170starfighter/Icon.png","ship alias 'arc170starfighter' in path; ships-v2 location"
"SHIP-6CE316AFEE90","arc170","ARC-170","small","BaseToken",True,"review",6,78,"medium","unified25","AST-46E5080D15A965A3","assets/source/unified25/assets/ships-v2/medium/arc170starfighter/Textures/black.jpg","ship alias 'arc170starfighter' in path; ships-v2 location"
"SHIP-6CE316AFEE90","arc170","ARC-170","small","BaseToken",True,"review",7,78,"medium","unified25","AST-478474BB3B5771A4","assets/source/unified25/assets/ships-v2/medium/arc170starfighter/Textures/rebel.jpg","ship alias 'arc170starfighter' in path; ships-v2 location"
"SHIP-6CE316AFEE90","arc170","ARC-170","small","BaseToken",True,"review",8,78,"medium","unified25","AST-5F25DE37EE42049F","assets/source/unified25/assets/ships-v2/medium/arc170starfighter/Textures/rebel.png","ship alias 'arc170starfighter' in path; ships-v2 location"
"SHIP-6CE316AFEE90","arc170","ARC-170","small","DialTexture",True,"review",1,85,"high","generated","AST-63864AA624609F7B","assets/generated/FirstEditionDialTexture/rebelalliance/arc170__dial-63864aa62460.png","ship alias 'arc-170' in path; dial image"
"SHIP-6CE316AFEE90","arc170","ARC-170","small","DialTexture",True,"review",2,85,"high","first-edition-dials","AST-63864AA624609F7B","assets/source/first-edition-dials/rebelalliance/arc170.png","ship alias 'arc-170' in path; dial image"
"SHIP-6CE316AFEE90","arc170","ARC-170","small","DialTexture",True,"review",3,78,"medium","unified25","AST-7C9E80BE6B557BC0","assets/source/unified25/assets/ships-v2/medium/arc170starfighter/Icon.png","ship alias 'arc170starfighter' in path; ships-v2 location"
"SHIP-6CE316AFEE90","arc170","ARC-170","small","DialTexture",True,"review",4,78,"medium","unified25","AST-46E5080D15A965A3","assets/source/unified25/assets/ships-v2/medium/arc170starfighter/Textures/black.jpg","ship alias 'arc170starfighter' in path; ships-v2 location"
"SHIP-6CE316AFEE90","arc170","ARC-170","small","DialTexture",True,"review",5,78,"medium","unified25","AST-478474BB3B5771A4","assets/source/unified25/assets/ships-v2/medium/arc170starfighter/Textures/rebel.jpg","ship alias 'arc170starfighter' in path; ships-v2 location"
"SHIP-6CE316AFEE90","arc170","ARC-170","small","DialTexture",True,"review",6,78,"medium","unified25","AST-5F25DE37EE42049F","assets/source/unified25/assets/ships-v2/medium/arc170starfighter/Textures/rebel.png","ship alias 'arc170starfighter' in path; ships-v2 location"
"SHIP-6CE316AFEE90","arc170","ARC-170","small","DialTexture",True,"review",7,78,"medium","unified25","AST-7DF226716D4FF6B8","assets/source/unified25/assets/ships-v2/medium/arc170starfighter/Textures/republic-blue.jpg","ship alias 'arc170starfighter' in path; ships-v2 location"
"SHIP-6CE316AFEE90","arc170","ARC-170","small","DialTexture",True,"review",8,78,"medium","unified25","AST-4667B361A7A1E45F","assets/source/unified25/assets/ships-v2/medium/arc170starfighter/Textures/republic.png","ship alias 'arc170starfighter' in path; ships-v2 location"
"SHIP-6CE316AFEE90","arc170","ARC-170","small","DialModel",False,"review",1,78,"medium","unified25","AST-FD504231CBB3C56A","assets/source/unified25/assets/ships-v2/medium/arc170starfighter/arc.obj","ship alias 'arc170starfighter' in path; ships-v2 location"
"SHIP-6CE316AFEE90","arc170","ARC-170","small","DialModel",False,"review",2,78,"medium","unified25","AST-22723AB2C5C4389B","assets/source/unified25/assets/ships-v2/medium/arc170starfighter/arc170.obj","ship alias 'arc170starfighter' in path; ships-v2 location"
"SHIP-6CE316AFEE90","arc170","ARC-170","small","DialModel",False,"review",3,61,"medium","unified25","AST-FDBEC5AEAD95AE2E","assets/source/unified25/assets/ships/Medium/arc170.obj","ship alias 'arc-170' in path; ships location"
"SHIP-6CE316AFEE90","arc170","ARC-170","small","DialModel",False,"review",4,61,"medium","unified25","AST-67AA1900080D77BD","assets/source/unified25/assets/ships/Medium/GRP_ARC-170/GRP_ARC170.obj","ship alias 'arc-170' in path; ships location"
"SHIP-6CE316AFEE90","arc170","ARC-170","small","ShipScript",False,"missing",,,,,,,
"SHIP-E8900428DFE3","attackshuttle","Attack Shuttle","small","ShipModel",True,"review",1,100,"high","unified25","AST-1AD34DAD1DD6803F","assets/source/unified25/assets/ships-v2/small/attackshuttle/attackshuttle.obj","ship alias 'attack shuttle' in path; ships-v2 location; OBJ model"
"SHIP-E8900428DFE3","attackshuttle","Attack Shuttle","small","ShipModel",True,"review",2,100,"high","unified25","AST-026E41D0C11F6FD5","assets/source/unified25/assets/ships/Small/REB_attackshuttle/attackshuttle.obj","ship alias 'attack shuttle' in path; ships location; OBJ model"
"SHIP-E8900428DFE3","attackshuttle","Attack Shuttle","small","ShipModel",True,"review",3,88,"high","unified25","AST-1EFD2F981810CBA8","assets/source/unified25/assets/ships-v2/large/lambdaclasst4ashuttle/lambda.obj","ship alias 'shuttle' in path; ships-v2 location; OBJ model"
"SHIP-E8900428DFE3","attackshuttle","Attack Shuttle","small","ShipModel",True,"review",4,88,"high","unified25","AST-DEDF8529DDD72271","assets/source/unified25/assets/ships-v2/large/lambdaclasst4ashuttle/lambdaclass.obj","ship alias 'shuttle' in path; ships-v2 location; OBJ model"
"SHIP-E8900428DFE3","attackshuttle","Attack Shuttle","small","ShipModel",True,"review",5,88,"high","unified25","AST-66F3B9086B6E3AA4","assets/source/unified25/assets/ships-v2/large/upsilonclasscommandshuttle/Upsilon_Shuttle.obj","ship alias 'shuttle' in path; ships-v2 location; OBJ model"
"SHIP-E8900428DFE3","attackshuttle","Attack Shuttle","small","ShipModel",True,"review",6,88,"high","unified25","AST-BA5F7E32E6C70CCF","assets/source/unified25/assets/ships-v2/medium/xiclasslightshuttle/XiClassLightShuttle.obj","ship alias 'shuttle' in path; ships-v2 location; OBJ model"
"SHIP-E8900428DFE3","attackshuttle","Attack Shuttle","small","ShipModel",True,"review",7,88,"high","unified25","AST-201937CD12639DC3","assets/source/unified25/assets/ships-v2/small/sheathipedeclassshuttle/sheathipede.obj","ship alias 'shuttle' in path; ships-v2 location; OBJ model"
"SHIP-E8900428DFE3","attackshuttle","Attack Shuttle","small","ShipModel",True,"review",8,88,"high","unified25","AST-0B8FAA8B6815F1FE","assets/source/unified25/assets/ships-v2/small/sheathipedeclassshuttle/Sheathipede2.obj","ship alias 'shuttle' in path; ships-v2 location; OBJ model"
"SHIP-E8900428DFE3","attackshuttle","Attack Shuttle","small","ShipTexture",True,"review",1,100,"high","unified25","AST-591F9E2BCD4F23D0","assets/source/unified25/assets/ships-v2/small/attackshuttle/Icon.png","ship alias 'attack shuttle' in path; ships-v2 location; ship image/texture"
"SHIP-E8900428DFE3","attackshuttle","Attack Shuttle","small","ShipTexture",True,"review",2,100,"high","unified25","AST-5AF898CB3AADB678","assets/source/unified25/assets/ships-v2/small/attackshuttle/Textures/standard.jpg","ship alias 'attack shuttle' in path; ships-v2 location; ship image/texture"
"SHIP-E8900428DFE3","attackshuttle","Attack Shuttle","small","ShipTexture",True,"review",3,98,"high","unified25","AST-0FF403B20972EA54","assets/source/unified25/assets/ships/Rebel/AttackShuttle/ezrabridger.png","ship alias 'attack shuttle' in path; ships location; ship image/texture"
"SHIP-E8900428DFE3","attackshuttle","Attack Shuttle","small","ShipTexture",True,"review",4,98,"high","unified25","AST-05B1594BE800DC9B","assets/source/unified25/assets/ships/Rebel/AttackShuttle/herasyndulla.png","ship alias 'attack shuttle' in path; ships location; ship image/texture"
"SHIP-E8900428DFE3","attackshuttle","Attack Shuttle","small","ShipTexture",True,"review",5,98,"high","unified25","AST-3FB179AB1F6075A6","assets/source/unified25/assets/ships/Rebel/AttackShuttle/sabinewren.png","ship alias 'attack shuttle' in path; ships location; ship image/texture"
"SHIP-E8900428DFE3","attackshuttle","Attack Shuttle","small","ShipTexture",True,"review",6,98,"high","unified25","AST-D19F707706A4F714","assets/source/unified25/assets/ships/Rebel/AttackShuttle/zeborrelios.png","ship alias 'attack shuttle' in path; ships location; ship image/texture"
"SHIP-E8900428DFE3","attackshuttle","Attack Shuttle","small","ShipTexture",True,"review",7,98,"high","unified25","AST-FD9C8003B3666B87","assets/source/unified25/assets/ships/Small/REB_attackshuttle/EzraBridger.jpg","ship alias 'attack shuttle' in path; ships location; ship image/texture"
"SHIP-E8900428DFE3","attackshuttle","Attack Shuttle","small","ShipTexture",True,"review",8,98,"high","unified25","AST-586A2FC9F9F0E4B9","assets/source/unified25/assets/ships/Small/REB_attackshuttle/HeraSyndulla.jpg","ship alias 'attack shuttle' in path; ships location; ship image/texture"
"SHIP-E8900428DFE3","attackshuttle","Attack Shuttle","small","BaseToken",True,"review",1,98,"high","generated","AST-947B58E894D2EE45","assets/generated/PilotBaseToken/rebelalliance/attackshuttle/ezrabridger__pilot-8027c5b39295.png","ship alias 'attack shuttle' in path; token/base image"
"SHIP-E8900428DFE3","attackshuttle","Attack Shuttle","small","BaseToken",True,"review",2,98,"high","generated","AST-6C1C9E4E17370F51","assets/generated/PilotBaseToken/rebelalliance/attackshuttle/herasyndulla__pilot-3a312b3bc35f.png","ship alias 'attack shuttle' in path; token/base image"
"SHIP-E8900428DFE3","attackshuttle","Attack Shuttle","small","BaseToken",True,"review",3,98,"high","generated","AST-CD9C2C3CE6343540","assets/generated/PilotBaseToken/rebelalliance/attackshuttle/sabinewren__pilot-5158a0d06ce9.png","ship alias 'attack shuttle' in path; token/base image"
"SHIP-E8900428DFE3","attackshuttle","Attack Shuttle","small","BaseToken",True,"review",4,98,"high","generated","AST-6986DB38E08F2600","assets/generated/PilotBaseToken/rebelalliance/attackshuttle/zeborrelios__pilot-919cb508cc2a.png","ship alias 'attack shuttle' in path; token/base image"
"SHIP-E8900428DFE3","attackshuttle","Attack Shuttle","small","BaseToken",True,"review",5,89,"high","unified25","AST-EA3C32DFDC95A86A","assets/source/unified25/assets/ships/Large/FO_Upsilon_Shuttle/StarkillerBasePilot.png","ship alias 'shuttle' in path; ships location; token/base image"
"SHIP-E8900428DFE3","attackshuttle","Attack Shuttle","small","BaseToken",True,"review",6,83,"medium","generated","AST-E56255881A7082F1","assets/generated/PilotBaseToken/firstorder/upsilonclassshuttle/kyloren__pilot-d10c643b9d5f.png","ship alias 'shuttle' in path; token/base image"
"SHIP-E8900428DFE3","attackshuttle","Attack Shuttle","small","BaseToken",True,"review",7,83,"medium","generated","AST-1D42DE676CAB3B07","assets/generated/PilotBaseToken/firstorder/upsilonclassshuttle/lieutenantdormitz__pilot-ce8814af4a55.png","ship alias 'shuttle' in path; token/base image"
"SHIP-E8900428DFE3","attackshuttle","Attack Shuttle","small","BaseToken",True,"review",8,83,"medium","generated","AST-1DC72C16899532DD","assets/generated/PilotBaseToken/firstorder/upsilonclassshuttle/majorstridan__pilot-ad985a4e2ce1.png","ship alias 'shuttle' in path; token/base image"
"SHIP-E8900428DFE3","attackshuttle","Attack Shuttle","small","DialTexture",True,"review",1,100,"high","generated","AST-2ED6C3846B76BDE4","assets/generated/FirstEditionDialTexture/rebelalliance/attackshuttle__dial-2ed6c3846b76.png","ship alias 'attack shuttle' in path; dial image"
"SHIP-E8900428DFE3","attackshuttle","Attack Shuttle","small","DialTexture",True,"review",2,100,"high","first-edition-dials","AST-3E3697021F2E3592","assets/source/first-edition-dials/rebelalliance/attackshuttle.jpg","ship alias 'attack shuttle' in path; dial image"
"SHIP-E8900428DFE3","attackshuttle","Attack Shuttle","small","DialTexture",True,"review",3,85,"high","generated","AST-48BFA7DBA3B20952","assets/generated/FirstEditionDialTexture/firstorder/upsilonclassshuttle__dial-48bfa7dba3b2.png","ship alias 'shuttle' in path; dial image"
"SHIP-E8900428DFE3","attackshuttle","Attack Shuttle","small","DialTexture",True,"review",4,85,"high","generated","AST-CBDDA497FEFE0CFA","assets/generated/FirstEditionDialTexture/galacticempire/lambdaclassshuttle__dial-cbdda497fefe.png","ship alias 'shuttle' in path; dial image"
"SHIP-E8900428DFE3","attackshuttle","Attack Shuttle","small","DialTexture",True,"review",5,85,"high","generated","AST-D09C0DDBF1D10B41","assets/generated/FirstEditionDialTexture/rebelalliance/sheathipedeclassshuttle__dial-f9d3cf0ce3a6.png","ship alias 'shuttle' in path; dial image"
"SHIP-E8900428DFE3","attackshuttle","Attack Shuttle","small","DialTexture",True,"review",6,85,"high","first-edition-dials","AST-48BFA7DBA3B20952","assets/source/first-edition-dials/firstorder/upsilonclassshuttle.png","ship alias 'shuttle' in path; dial image"
"SHIP-E8900428DFE3","attackshuttle","Attack Shuttle","small","DialTexture",True,"review",7,85,"high","first-edition-dials","AST-AD115147DFF45B85","assets/source/first-edition-dials/galacticempire/lambdaclassshuttle.jpg","ship alias 'shuttle' in path; dial image"
"SHIP-E8900428DFE3","attackshuttle","Attack Shuttle","small","DialTexture",True,"review",8,85,"high","first-edition-dials","AST-D09C0DDBF1D10B41","assets/source/first-edition-dials/rebelalliance/sheathipedeclassshuttle.png","ship alias 'shuttle' in path; dial image"
"SHIP-E8900428DFE3","attackshuttle","Attack Shuttle","small","DialModel",False,"review",1,78,"medium","unified25","AST-1AD34DAD1DD6803F","assets/source/unified25/assets/ships-v2/small/attackshuttle/attackshuttle.obj","ship alias 'attack shuttle' in path; ships-v2 location"
"SHIP-E8900428DFE3","attackshuttle","Attack Shuttle","small","DialModel",False,"review",2,76,"medium","unified25","AST-026E41D0C11F6FD5","assets/source/unified25/assets/ships/Small/REB_attackshuttle/attackshuttle.obj","ship alias 'attack shuttle' in path; ships location"
"SHIP-E8900428DFE3","attackshuttle","Attack Shuttle","small","DialModel",False,"review",3,63,"medium","unified25","AST-1EFD2F981810CBA8","assets/source/unified25/assets/ships-v2/large/lambdaclasst4ashuttle/lambda.obj","ship alias 'shuttle' in path; ships-v2 location"
"SHIP-E8900428DFE3","attackshuttle","Attack Shuttle","small","DialModel",False,"review",4,63,"medium","unified25","AST-DEDF8529DDD72271","assets/source/unified25/assets/ships-v2/large/lambdaclasst4ashuttle/lambdaclass.obj","ship alias 'shuttle' in path; ships-v2 location"
"SHIP-E8900428DFE3","attackshuttle","Attack Shuttle","small","DialModel",False,"review",5,63,"medium","unified25","AST-66F3B9086B6E3AA4","assets/source/unified25/assets/ships-v2/large/upsilonclasscommandshuttle/Upsilon_Shuttle.obj","ship alias 'shuttle' in path; ships-v2 location"
"SHIP-E8900428DFE3","attackshuttle","Attack Shuttle","small","DialModel",False,"review",6,63,"medium","unified25","AST-BA5F7E32E6C70CCF","assets/source/unified25/assets/ships-v2/medium/xiclasslightshuttle/XiClassLightShuttle.obj","ship alias 'shuttle' in path; ships-v2 location"
"SHIP-E8900428DFE3","attackshuttle","Attack Shuttle","small","DialModel",False,"review",7,63,"medium","unified25","AST-201937CD12639DC3","assets/source/unified25/assets/ships-v2/small/sheathipedeclassshuttle/sheathipede.obj","ship alias 'shuttle' in path; ships-v2 location"
"SHIP-E8900428DFE3","attackshuttle","Attack Shuttle","small","DialModel",False,"review",8,63,"medium","unified25","AST-0B8FAA8B6815F1FE","assets/source/unified25/assets/ships-v2/small/sheathipedeclassshuttle/Sheathipede2.obj","ship alias 'shuttle' in path; ships-v2 location"
"SHIP-E8900428DFE3","attackshuttle","Attack Shuttle","small","ShipScript",False,"review",1,75,"medium","unified25","AST-EB8CD66421C35F59","assets/source/unified25/TTS_xwing/src/Game/Component/Dice/AttackDie.lua","ship alias 'attack' in path; Lua script"
"SHIP-E8900428DFE3","attackshuttle","Attack Shuttle","small","ShipScript",False,"review",2,75,"medium","unified25","AST-DCF90F677A655C91","assets/source/unified25/TTS_xwing/src/Ship/Deploy/ShuttleGizmo.lua","ship alias 'shuttle' in path; Lua script"
"SHIP-55EF9C7515C5","auzituckgunship","Auzituck Gunship","small","ShipModel",True,"clear",1,100,"high","unified25","AST-4CEB0F02011DC9F0","assets/source/unified25/assets/ships-v2/small/auzituckgunship/auzituck.obj","ship alias 'auzituck gunship' in path; ships-v2 location; OBJ model"
"SHIP-55EF9C7515C5","auzituckgunship","Auzituck Gunship","small","ShipModel",True,"clear",2,88,"high","unified25","AST-1D2A072EEA989A77","assets/source/unified25/assets/ships-v2/medium/laatigunship/GRP_LAAT.obj","ship alias 'gunship' in path; ships-v2 location; OBJ model"
"SHIP-55EF9C7515C5","auzituckgunship","Auzituck Gunship","small","ShipModel",True,"clear",3,88,"high","unified25","AST-88A5138910B106F0","assets/source/unified25/assets/ships-v2/medium/laatigunship/LAAT.obj","ship alias 'gunship' in path; ships-v2 location; OBJ model"
"SHIP-55EF9C7515C5","auzituckgunship","Auzituck Gunship","small","ShipModel",True,"clear",4,88,"high","unified25","AST-EF4AC9F699EC5F81","assets/source/unified25/assets/ships-v2/medium/laatigunship/LAATv2.obj","ship alias 'gunship' in path; ships-v2 location; OBJ model"
"SHIP-55EF9C7515C5","auzituckgunship","Auzituck Gunship","small","ShipModel",True,"clear",5,88,"high","unified25","AST-5C87D01FDDC74E4E","assets/source/unified25/assets/ships-v2/small/hmpdroidgunship/HMP_GunshipSlipping.obj","ship alias 'gunship' in path; ships-v2 location; OBJ model"
"SHIP-55EF9C7515C5","auzituckgunship","Auzituck Gunship","small","ShipModel",True,"clear",6,88,"high","unified25","AST-74D90375A60DDA02","assets/source/unified25/assets/ships-v2/small/hmpdroidgunship/HMP_GunshipStable.obj","ship alias 'gunship' in path; ships-v2 location; OBJ model"
"SHIP-55EF9C7515C5","auzituckgunship","Auzituck Gunship","small","ShipModel",True,"clear",7,86,"high","unified25","AST-42E8CA6ADFCA3E16","assets/source/unified25/assets/ships/Small/CIS_HMP_Gunship/HMP_Gunship.obj","ship alias 'gunship' in path; ships location; OBJ model"
"SHIP-55EF9C7515C5","auzituckgunship","Auzituck Gunship","small","ShipModel",True,"clear",8,86,"high","unified25","AST-72AD48E1FC1A95C0","assets/source/unified25/assets/ships/Small/CIS_HMP_Gunship/HMP_GunshipBase.obj","ship alias 'gunship' in path; ships location; OBJ model"
"SHIP-55EF9C7515C5","auzituckgunship","Auzituck Gunship","small","ShipTexture",True,"review",1,100,"high","unified25","AST-4D86028B15303BCC","assets/source/unified25/assets/ships-v2/small/auzituckgunship/Auzituck.png","ship alias 'auzituck gunship' in path; ships-v2 location; ship image/texture"
"SHIP-55EF9C7515C5","auzituckgunship","Auzituck Gunship","small","ShipTexture",True,"review",2,100,"high","unified25","AST-A46ACA8256843797","assets/source/unified25/assets/ships-v2/small/auzituckgunship/Textures/cream.jpg","ship alias 'auzituck gunship' in path; ships-v2 location; ship image/texture"
"SHIP-55EF9C7515C5","auzituckgunship","Auzituck Gunship","small","ShipTexture",True,"review",3,100,"high","unified25","AST-E468726CC47B508C","assets/source/unified25/assets/ships-v2/small/auzituckgunship/Textures/cream.png","ship alias 'auzituck gunship' in path; ships-v2 location; ship image/texture"
"SHIP-55EF9C7515C5","auzituckgunship","Auzituck Gunship","small","ShipTexture",True,"review",4,100,"high","unified25","AST-BF141FE8639C9D25","assets/source/unified25/assets/ships-v2/small/auzituckgunship/Textures/orange.jpg","ship alias 'auzituck gunship' in path; ships-v2 location; ship image/texture"
"SHIP-55EF9C7515C5","auzituckgunship","Auzituck Gunship","small","ShipTexture",True,"review",5,100,"high","unified25","AST-B2C0239CAD8C10D6","assets/source/unified25/assets/ships-v2/small/auzituckgunship/Textures/orange.png","ship alias 'auzituck gunship' in path; ships-v2 location; ship image/texture"
"SHIP-55EF9C7515C5","auzituckgunship","Auzituck Gunship","small","ShipTexture",True,"review",6,100,"high","unified25","AST-996B8C38DC767FFF","assets/source/unified25/assets/ships-v2/small/auzituckgunship/Textures/tarfful.png","ship alias 'auzituck gunship' in path; ships-v2 location; ship image/texture"
"SHIP-55EF9C7515C5","auzituckgunship","Auzituck Gunship","small","ShipTexture",True,"review",7,92,"high","generated","AST-6A9CD06506F45930","assets/generated/FirstEditionDialTexture/rebelalliance/auzituckgunship__dial-6a9cd06506f4.png","ship alias 'auzituck gunship' in path; ship image/texture"
"SHIP-55EF9C7515C5","auzituckgunship","Auzituck Gunship","small","ShipTexture",True,"review",8,85,"high","unified25","AST-0674B1AD8405F4AF","assets/source/unified25/assets/ships-v2/medium/laatigunship/Icon.png","ship alias 'gunship' in path; ships-v2 location; ship image/texture"
"SHIP-55EF9C7515C5","auzituckgunship","Auzituck Gunship","small","BaseToken",True,"review",1,98,"high","generated","AST-F2EFDCB9C3D21FCD","assets/generated/PilotBaseToken/rebelalliance/auzituckgunship/kashyyykdefender__pilot-7e5aeebc41d6.png","ship alias 'auzituck gunship' in path; token/base image"
"SHIP-55EF9C7515C5","auzituckgunship","Auzituck Gunship","small","BaseToken",True,"review",2,98,"high","generated","AST-EF641B83A2863A62","assets/generated/PilotBaseToken/rebelalliance/auzituckgunship/lowhhrick__pilot-d9a047e8159f.png","ship alias 'auzituck gunship' in path; token/base image"
"SHIP-55EF9C7515C5","auzituckgunship","Auzituck Gunship","small","BaseToken",True,"review",3,98,"high","generated","AST-DDC9DADBDD49DBE1","assets/generated/PilotBaseToken/rebelalliance/auzituckgunship/wookieeliberator__pilot-8e4fdca88e8e.png","ship alias 'auzituck gunship' in path; token/base image"
"SHIP-55EF9C7515C5","auzituckgunship","Auzituck Gunship","small","BaseToken",True,"review",4,98,"high","generated","AST-F2B13532126B1B2E","assets/generated/PilotBaseToken/rebelalliance/auzituckgunship/wullffwarro__pilot-a607ab86a279.png","ship alias 'auzituck gunship' in path; token/base image"
"SHIP-55EF9C7515C5","auzituckgunship","Auzituck Gunship","small","BaseToken",True,"review",5,98,"high","generated-pilot-tokens","AST-EF641B83A2863A62","assets/source/generated-pilot-tokens/rebelalliance/auzituckgunship/lowhhrick.png","ship alias 'auzituck gunship' in path; token/base image"
"SHIP-55EF9C7515C5","auzituckgunship","Auzituck Gunship","small","BaseToken",True,"review",6,98,"high","generated-pilot-tokens","AST-F2B13532126B1B2E","assets/source/generated-pilot-tokens/rebelalliance/auzituckgunship/wullffwarro.png","ship alias 'auzituck gunship' in path; token/base image"
"SHIP-55EF9C7515C5","auzituckgunship","Auzituck Gunship","small","BaseToken",True,"review",7,78,"medium","unified25","AST-4D86028B15303BCC","assets/source/unified25/assets/ships-v2/small/auzituckgunship/Auzituck.png","ship alias 'auzituck gunship' in path; ships-v2 location"
"SHIP-55EF9C7515C5","auzituckgunship","Auzituck Gunship","small","BaseToken",True,"review",8,78,"medium","unified25","AST-A46ACA8256843797","assets/source/unified25/assets/ships-v2/small/auzituckgunship/Textures/cream.jpg","ship alias 'auzituck gunship' in path; ships-v2 location"
"SHIP-55EF9C7515C5","auzituckgunship","Auzituck Gunship","small","DialTexture",True,"review",1,100,"high","generated","AST-6A9CD06506F45930","assets/generated/FirstEditionDialTexture/rebelalliance/auzituckgunship__dial-6a9cd06506f4.png","ship alias 'auzituck gunship' in path; dial image"
"SHIP-55EF9C7515C5","auzituckgunship","Auzituck Gunship","small","DialTexture",True,"review",2,100,"high","first-edition-dials","AST-74953E6C9DBD2CC5","assets/source/first-edition-dials/rebelalliance/auzituckgunship.jpg","ship alias 'auzituck gunship' in path; dial image"
"SHIP-55EF9C7515C5","auzituckgunship","Auzituck Gunship","small","DialTexture",True,"review",3,78,"medium","unified25","AST-4D86028B15303BCC","assets/source/unified25/assets/ships-v2/small/auzituckgunship/Auzituck.png","ship alias 'auzituck gunship' in path; ships-v2 location"
"SHIP-55EF9C7515C5","auzituckgunship","Auzituck Gunship","small","DialTexture",True,"review",4,78,"medium","unified25","AST-A46ACA8256843797","assets/source/unified25/assets/ships-v2/small/auzituckgunship/Textures/cream.jpg","ship alias 'auzituck gunship' in path; ships-v2 location"
"SHIP-55EF9C7515C5","auzituckgunship","Auzituck Gunship","small","DialTexture",True,"review",5,78,"medium","unified25","AST-E468726CC47B508C","assets/source/unified25/assets/ships-v2/small/auzituckgunship/Textures/cream.png","ship alias 'auzituck gunship' in path; ships-v2 location"
"SHIP-55EF9C7515C5","auzituckgunship","Auzituck Gunship","small","DialTexture",True,"review",6,78,"medium","unified25","AST-BF141FE8639C9D25","assets/source/unified25/assets/ships-v2/small/auzituckgunship/Textures/orange.jpg","ship alias 'auzituck gunship' in path; ships-v2 location"
"SHIP-55EF9C7515C5","auzituckgunship","Auzituck Gunship","small","DialTexture",True,"review",7,78,"medium","unified25","AST-B2C0239CAD8C10D6","assets/source/unified25/assets/ships-v2/small/auzituckgunship/Textures/orange.png","ship alias 'auzituck gunship' in path; ships-v2 location"
"SHIP-55EF9C7515C5","auzituckgunship","Auzituck Gunship","small","DialTexture",True,"review",8,78,"medium","unified25","AST-996B8C38DC767FFF","assets/source/unified25/assets/ships-v2/small/auzituckgunship/Textures/tarfful.png","ship alias 'auzituck gunship' in path; ships-v2 location"
"SHIP-55EF9C7515C5","auzituckgunship","Auzituck Gunship","small","DialModel",False,"review",1,78,"medium","unified25","AST-4CEB0F02011DC9F0","assets/source/unified25/assets/ships-v2/small/auzituckgunship/auzituck.obj","ship alias 'auzituck gunship' in path; ships-v2 location"
"SHIP-55EF9C7515C5","auzituckgunship","Auzituck Gunship","small","DialModel",False,"review",2,63,"medium","unified25","AST-1D2A072EEA989A77","assets/source/unified25/assets/ships-v2/medium/laatigunship/GRP_LAAT.obj","ship alias 'gunship' in path; ships-v2 location"
"SHIP-55EF9C7515C5","auzituckgunship","Auzituck Gunship","small","DialModel",False,"review",3,63,"medium","unified25","AST-88A5138910B106F0","assets/source/unified25/assets/ships-v2/medium/laatigunship/LAAT.obj","ship alias 'gunship' in path; ships-v2 location"
"SHIP-55EF9C7515C5","auzituckgunship","Auzituck Gunship","small","DialModel",False,"review",4,63,"medium","unified25","AST-EF4AC9F699EC5F81","assets/source/unified25/assets/ships-v2/medium/laatigunship/LAATv2.obj","ship alias 'gunship' in path; ships-v2 location"
"SHIP-55EF9C7515C5","auzituckgunship","Auzituck Gunship","small","DialModel",False,"review",5,63,"medium","unified25","AST-5C87D01FDDC74E4E","assets/source/unified25/assets/ships-v2/small/hmpdroidgunship/HMP_GunshipSlipping.obj","ship alias 'gunship' in path; ships-v2 location"
"SHIP-55EF9C7515C5","auzituckgunship","Auzituck Gunship","small","DialModel",False,"review",6,63,"medium","unified25","AST-74D90375A60DDA02","assets/source/unified25/assets/ships-v2/small/hmpdroidgunship/HMP_GunshipStable.obj","ship alias 'gunship' in path; ships-v2 location"
"SHIP-55EF9C7515C5","auzituckgunship","Auzituck Gunship","small","DialModel",False,"review",7,61,"medium","unified25","AST-42E8CA6ADFCA3E16","assets/source/unified25/assets/ships/Small/CIS_HMP_Gunship/HMP_Gunship.obj","ship alias 'gunship' in path; ships location"
"SHIP-55EF9C7515C5","auzituckgunship","Auzituck Gunship","small","DialModel",False,"review",8,61,"medium","unified25","AST-72AD48E1FC1A95C0","assets/source/unified25/assets/ships/Small/CIS_HMP_Gunship/HMP_GunshipBase.obj","ship alias 'gunship' in path; ships location"
"SHIP-55EF9C7515C5","auzituckgunship","Auzituck Gunship","small","ShipScript",False,"missing",,,,,,,
"SHIP-5B8E1347C2F5","bwing","B-wing","small","ShipModel",True,"review",1,100,"high","unified25","AST-2F4E6595612A089D","assets/source/unified25/assets/ships-v2/small/asf01bwing/bwing-base.obj","ship alias 'asf01bwing' in path; ships-v2 location; OBJ model"
"SHIP-5B8E1347C2F5","bwing","B-wing","small","ShipModel",True,"review",2,100,"high","unified25","AST-5F425E7ED4C4CB40","assets/source/unified25/assets/ships-v2/small/asf01bwing/bwing-closed.obj","ship alias 'asf01bwing' in path; ships-v2 location; OBJ model"
"SHIP-5B8E1347C2F5","bwing","B-wing","small","ShipModel",True,"review",3,100,"high","unified25","AST-4A6FA42DC5C68075","assets/source/unified25/assets/ships-v2/small/asf01bwing/bwing-open.obj","ship alias 'asf01bwing' in path; ships-v2 location; OBJ model"
"SHIP-5B8E1347C2F5","bwing","B-wing","small","ShipModel",True,"review",4,88,"high","unified25","AST-FA3BAF69B0E87A6F","assets/source/unified25/assets/ships-v2/bases/pegs/bwing.obj","ship alias 'b-wing' in path; ships-v2 location; OBJ model"
"SHIP-5B8E1347C2F5","bwing","B-wing","small","ShipModel",True,"review",5,86,"high","unified25","AST-B7C78B9F4B8154E2","assets/source/unified25/assets/ships/Small/REB_bwing/bwing-base.obj","ship alias 'b-wing' in path; ships location; OBJ model"
"SHIP-5B8E1347C2F5","bwing","B-wing","small","ShipModel",True,"review",6,86,"high","unified25","AST-32AECB3684BE3854","assets/source/unified25/assets/ships/Small/REB_bwing/bwing-closed.obj","ship alias 'b-wing' in path; ships location; OBJ model"
"SHIP-5B8E1347C2F5","bwing","B-wing","small","ShipModel",True,"review",7,86,"high","unified25","AST-A3A4996DE7FF66E4","assets/source/unified25/assets/ships/Small/REB_bwing/bwing-open.obj","ship alias 'b-wing' in path; ships location; OBJ model"
"SHIP-5B8E1347C2F5","bwing","B-wing","small","ShipModel",True,"review",8,86,"high","unified25","AST-F542C5E927E6FB05","assets/source/unified25/assets/ships/Small/REB_bwing/bwing.obj","ship alias 'b-wing' in path; ships location; OBJ model"
"SHIP-5B8E1347C2F5","bwing","B-wing","small","ShipTexture",True,"review",1,100,"high","unified25","AST-E2BBA7B8CA67016C","assets/source/unified25/assets/ships-v2/small/asf01bwing/icon.png","ship alias 'asf01bwing' in path; ships-v2 location; ship image/texture"
"SHIP-5B8E1347C2F5","bwing","B-wing","small","ShipTexture",True,"review",2,100,"high","unified25","AST-A8ED51193A8BA246","assets/source/unified25/assets/ships-v2/small/asf01bwing/textures/blade.png","ship alias 'asf01bwing' in path; ships-v2 location; ship image/texture"
"SHIP-5B8E1347C2F5","bwing","B-wing","small","ShipTexture",True,"review",3,100,"high","unified25","AST-B6EFD6CF0D1DAB2F","assets/source/unified25/assets/ships-v2/small/asf01bwing/textures/blue.png","ship alias 'asf01bwing' in path; ships-v2 location; ship image/texture"
"SHIP-5B8E1347C2F5","bwing","B-wing","small","ShipTexture",True,"review",4,100,"high","unified25","AST-DB31ED4EEB436310","assets/source/unified25/assets/ships-v2/small/asf01bwing/textures/braylen.png","ship alias 'asf01bwing' in path; ships-v2 location; ship image/texture"
"SHIP-5B8E1347C2F5","bwing","B-wing","small","ShipTexture",True,"review",5,100,"high","unified25","AST-D2AD050CC3C520B4","assets/source/unified25/assets/ships-v2/small/asf01bwing/textures/gina.png","ship alias 'asf01bwing' in path; ships-v2 location; ship image/texture"
"SHIP-5B8E1347C2F5","bwing","B-wing","small","ShipTexture",True,"review",6,100,"high","unified25","AST-C19E9913622084DF","assets/source/unified25/assets/ships-v2/small/asf01bwing/textures/hera.png","ship alias 'asf01bwing' in path; ships-v2 location; ship image/texture"
"SHIP-5B8E1347C2F5","bwing","B-wing","small","ShipTexture",True,"review",7,100,"high","unified25","AST-5AFD6E9281172BE5","assets/source/unified25/assets/ships-v2/small/asf01bwing/textures/nera.png","ship alias 'asf01bwing' in path; ships-v2 location; ship image/texture"
"SHIP-5B8E1347C2F5","bwing","B-wing","small","ShipTexture",True,"review",8,100,"high","unified25","AST-293A90675023005A","assets/source/unified25/assets/ships-v2/small/asf01bwing/textures/netrem.png","ship alias 'asf01bwing' in path; ships-v2 location; ship image/texture"
"SHIP-5B8E1347C2F5","bwing","B-wing","small","BaseToken",True,"review",1,83,"medium","generated","AST-623D6B467144B53F","assets/generated/PilotBaseToken/rebelalliance/bwing/bluesquadronpilot__pilot-6796d62e5dc1.png","ship alias 'b-wing' in path; token/base image"
"SHIP-5B8E1347C2F5","bwing","B-wing","small","BaseToken",True,"review",2,83,"medium","generated","AST-AA94D7AE0CBB8968","assets/generated/PilotBaseToken/rebelalliance/bwing/daggersquadronpilot__pilot-dfb38e9164ae.png","ship alias 'b-wing' in path; token/base image"
"SHIP-5B8E1347C2F5","bwing","B-wing","small","BaseToken",True,"review",3,83,"medium","generated","AST-F3A41B2760CEA445","assets/generated/PilotBaseToken/rebelalliance/bwing/ibtisam__pilot-ca978e1a2c04.png","ship alias 'b-wing' in path; token/base image"
"SHIP-5B8E1347C2F5","bwing","B-wing","small","BaseToken",True,"review",4,83,"medium","generated","AST-8A29E7F25F27779A","assets/generated/PilotBaseToken/rebelalliance/bwing/keyanfarlander__pilot-ac94de716fe6.png","ship alias 'b-wing' in path; token/base image"
"SHIP-5B8E1347C2F5","bwing","B-wing","small","BaseToken",True,"review",5,83,"medium","generated","AST-4F3B07E0AF15016F","assets/generated/PilotBaseToken/rebelalliance/bwing/neradantels__pilot-309bf4fb47a8.png","ship alias 'b-wing' in path; token/base image"
"SHIP-5B8E1347C2F5","bwing","B-wing","small","BaseToken",True,"review",6,83,"medium","generated","AST-7B82D1B0D910A629","assets/generated/PilotBaseToken/rebelalliance/bwing/tennumb__pilot-cf7db3c80a89.png","ship alias 'b-wing' in path; token/base image"
"SHIP-5B8E1347C2F5","bwing","B-wing","small","BaseToken",True,"review",7,78,"medium","unified25","AST-E2BBA7B8CA67016C","assets/source/unified25/assets/ships-v2/small/asf01bwing/icon.png","ship alias 'asf01bwing' in path; ships-v2 location"
"SHIP-5B8E1347C2F5","bwing","B-wing","small","BaseToken",True,"review",8,78,"medium","unified25","AST-A8ED51193A8BA246","assets/source/unified25/assets/ships-v2/small/asf01bwing/textures/blade.png","ship alias 'asf01bwing' in path; ships-v2 location"
"SHIP-5B8E1347C2F5","bwing","B-wing","small","DialTexture",True,"review",1,85,"high","generated","AST-5B91B064E8E4B7C9","assets/generated/FirstEditionDialTexture/rebelalliance/bwing__dial-5b91b064e8e4.png","ship alias 'b-wing' in path; dial image"
"SHIP-5B8E1347C2F5","bwing","B-wing","small","DialTexture",True,"review",2,85,"high","first-edition-dials","AST-734D82896FBFA6B5","assets/source/first-edition-dials/rebelalliance/bwing.jpg","ship alias 'b-wing' in path; dial image"
"SHIP-5B8E1347C2F5","bwing","B-wing","small","DialTexture",True,"review",3,78,"medium","unified25","AST-E2BBA7B8CA67016C","assets/source/unified25/assets/ships-v2/small/asf01bwing/icon.png","ship alias 'asf01bwing' in path; ships-v2 location"
"SHIP-5B8E1347C2F5","bwing","B-wing","small","DialTexture",True,"review",4,78,"medium","unified25","AST-A8ED51193A8BA246","assets/source/unified25/assets/ships-v2/small/asf01bwing/textures/blade.png","ship alias 'asf01bwing' in path; ships-v2 location"
"SHIP-5B8E1347C2F5","bwing","B-wing","small","DialTexture",True,"review",5,78,"medium","unified25","AST-B6EFD6CF0D1DAB2F","assets/source/unified25/assets/ships-v2/small/asf01bwing/textures/blue.png","ship alias 'asf01bwing' in path; ships-v2 location"
"SHIP-5B8E1347C2F5","bwing","B-wing","small","DialTexture",True,"review",6,78,"medium","unified25","AST-DB31ED4EEB436310","assets/source/unified25/assets/ships-v2/small/asf01bwing/textures/braylen.png","ship alias 'asf01bwing' in path; ships-v2 location"
"SHIP-5B8E1347C2F5","bwing","B-wing","small","DialTexture",True,"review",7,78,"medium","unified25","AST-D2AD050CC3C520B4","assets/source/unified25/assets/ships-v2/small/asf01bwing/textures/gina.png","ship alias 'asf01bwing' in path; ships-v2 location"
"SHIP-5B8E1347C2F5","bwing","B-wing","small","DialTexture",True,"review",8,78,"medium","unified25","AST-C19E9913622084DF","assets/source/unified25/assets/ships-v2/small/asf01bwing/textures/hera.png","ship alias 'asf01bwing' in path; ships-v2 location"
"SHIP-5B8E1347C2F5","bwing","B-wing","small","DialModel",False,"review",1,78,"medium","unified25","AST-2F4E6595612A089D","assets/source/unified25/assets/ships-v2/small/asf01bwing/bwing-base.obj","ship alias 'asf01bwing' in path; ships-v2 location"
"SHIP-5B8E1347C2F5","bwing","B-wing","small","DialModel",False,"review",2,78,"medium","unified25","AST-5F425E7ED4C4CB40","assets/source/unified25/assets/ships-v2/small/asf01bwing/bwing-closed.obj","ship alias 'asf01bwing' in path; ships-v2 location"
"SHIP-5B8E1347C2F5","bwing","B-wing","small","DialModel",False,"review",3,78,"medium","unified25","AST-4A6FA42DC5C68075","assets/source/unified25/assets/ships-v2/small/asf01bwing/bwing-open.obj","ship alias 'asf01bwing' in path; ships-v2 location"
"SHIP-5B8E1347C2F5","bwing","B-wing","small","DialModel",False,"review",4,63,"medium","unified25","AST-FA3BAF69B0E87A6F","assets/source/unified25/assets/ships-v2/bases/pegs/bwing.obj","ship alias 'b-wing' in path; ships-v2 location"
"SHIP-5B8E1347C2F5","bwing","B-wing","small","DialModel",False,"review",5,61,"medium","unified25","AST-B7C78B9F4B8154E2","assets/source/unified25/assets/ships/Small/REB_bwing/bwing-base.obj","ship alias 'b-wing' in path; ships location"
"SHIP-5B8E1347C2F5","bwing","B-wing","small","DialModel",False,"review",6,61,"medium","unified25","AST-32AECB3684BE3854","assets/source/unified25/assets/ships/Small/REB_bwing/bwing-closed.obj","ship alias 'b-wing' in path; ships location"
"SHIP-5B8E1347C2F5","bwing","B-wing","small","DialModel",False,"review",7,61,"medium","unified25","AST-A3A4996DE7FF66E4","assets/source/unified25/assets/ships/Small/REB_bwing/bwing-open.obj","ship alias 'b-wing' in path; ships location"
"SHIP-5B8E1347C2F5","bwing","B-wing","small","DialModel",False,"review",8,61,"medium","unified25","AST-F542C5E927E6FB05","assets/source/unified25/assets/ships/Small/REB_bwing/bwing.obj","ship alias 'b-wing' in path; ships location"
"SHIP-5B8E1347C2F5","bwing","B-wing","small","ShipScript",False,"missing",,,,,,,
"SHIP-22EBE6094502","bsf17bomber","B/SF-17 Bomber","large","ShipModel",True,"clear",1,100,"high","unified25","AST-9E77DE4D73186B4B","assets/source/unified25/assets/ships-v2/large/mg100starfortress/starfortress.obj","ship alias 'mg100starfortress' in path; ships-v2 location; OBJ model"
"SHIP-22EBE6094502","bsf17bomber","B/SF-17 Bomber","large","ShipModel",True,"clear",2,88,"high","unified25","AST-CB1CB2E162869313","assets/source/unified25/assets/ships-v2/medium/scurrgh6bomber/scurrg.obj","ship alias 'bomber' in path; ships-v2 location; OBJ model"
"SHIP-22EBE6094502","bsf17bomber","B/SF-17 Bomber","large","ShipModel",True,"clear",3,88,"high","unified25","AST-93755A2F557F6328","assets/source/unified25/assets/ships-v2/small/hyenaclassdroidbomber/Hyena_Closed.obj","ship alias 'bomber' in path; ships-v2 location; OBJ model"
"SHIP-22EBE6094502","bsf17bomber","B/SF-17 Bomber","large","ShipModel",True,"clear",4,88,"high","unified25","AST-66170B41E04CC7C7","assets/source/unified25/assets/ships-v2/small/hyenaclassdroidbomber/Hyena_Closedv2.obj","ship alias 'bomber' in path; ships-v2 location; OBJ model"
"SHIP-22EBE6094502","bsf17bomber","B/SF-17 Bomber","large","ShipModel",True,"clear",5,88,"high","unified25","AST-1CFF57FF3FBBA556","assets/source/unified25/assets/ships-v2/small/hyenaclassdroidbomber/Hyena_Open.obj","ship alias 'bomber' in path; ships-v2 location; OBJ model"
"SHIP-22EBE6094502","bsf17bomber","B/SF-17 Bomber","large","ShipModel",True,"clear",6,88,"high","unified25","AST-B2601CDD1FB1ED80","assets/source/unified25/assets/ships-v2/small/hyenaclassdroidbomber/Hyena_Openv2.obj","ship alias 'bomber' in path; ships-v2 location; OBJ model"
"SHIP-22EBE6094502","bsf17bomber","B/SF-17 Bomber","large","ShipModel",True,"clear",7,88,"high","unified25","AST-F92EB13A99D5AD31","assets/source/unified25/assets/ships-v2/small/tiesabomber/tiebomber.obj","ship alias 'bomber' in path; ships-v2 location; OBJ model"
"SHIP-22EBE6094502","bsf17bomber","B/SF-17 Bomber","large","ShipModel",True,"clear",8,88,"high","unified25","AST-0E72DDD18B7EE498","assets/source/unified25/assets/ships-v2/small/tiesebomber/tie_se.obj","ship alias 'bomber' in path; ships-v2 location; OBJ model"
"SHIP-22EBE6094502","bsf17bomber","B/SF-17 Bomber","large","ShipTexture",True,"review",1,100,"high","unified25","AST-3D45D66C3F010B1A","assets/source/unified25/assets/ships-v2/large/mg100starfortress/icon.png","ship alias 'mg100starfortress' in path; ships-v2 location; ship image/texture"
"SHIP-22EBE6094502","bsf17bomber","B/SF-17 Bomber","large","ShipTexture",True,"review",2,100,"high","unified25","AST-F69F101E39B1AE3B","assets/source/unified25/assets/ships-v2/large/mg100starfortress/Textures/PaigeTico.jpg","ship alias 'mg100starfortress' in path; ships-v2 location; ship image/texture"
"SHIP-22EBE6094502","bsf17bomber","B/SF-17 Bomber","large","ShipTexture",True,"review",3,100,"high","unified25","AST-42579D068E0419F4","assets/source/unified25/assets/ships-v2/large/mg100starfortress/Textures/Standard.jpg","ship alias 'mg100starfortress' in path; ships-v2 location; ship image/texture"
"SHIP-22EBE6094502","bsf17bomber","B/SF-17 Bomber","large","ShipTexture",True,"review",4,100,"high","unified25","AST-0553EE7CA458EB50","assets/source/unified25/assets/ships-v2/large/mg100starfortress/Textures/Vennie.jpg","ship alias 'mg100starfortress' in path; ships-v2 location; ship image/texture"
"SHIP-22EBE6094502","bsf17bomber","B/SF-17 Bomber","large","ShipTexture",True,"review",5,92,"high","generated","AST-5A868CF6CF681EFF","assets/generated/FirstEditionDialTexture/resistance/bsf17bomber__dial-0a81758056f1.png","ship alias 'b/sf-17 bomber' in path; ship image/texture"
"SHIP-22EBE6094502","bsf17bomber","B/SF-17 Bomber","large","ShipTexture",True,"review",6,85,"high","unified25","AST-58D5E94CD38FA4E1","assets/source/unified25/assets/ships-v2/medium/scurrgh6bomber/Icon.png","ship alias 'bomber' in path; ships-v2 location; ship image/texture"
"SHIP-22EBE6094502","bsf17bomber","B/SF-17 Bomber","large","ShipTexture",True,"review",7,85,"high","unified25","AST-C82706889C98976D","assets/source/unified25/assets/ships-v2/medium/scurrgh6bomber/Textures/orange.png","ship alias 'bomber' in path; ships-v2 location; ship image/texture"
"SHIP-22EBE6094502","bsf17bomber","B/SF-17 Bomber","large","ShipTexture",True,"review",8,85,"high","unified25","AST-39AEAB75991D7A05","assets/source/unified25/assets/ships-v2/medium/scurrgh6bomber/Textures/red.png","ship alias 'bomber' in path; ships-v2 location; ship image/texture"
"SHIP-22EBE6094502","bsf17bomber","B/SF-17 Bomber","large","BaseToken",True,"review",1,98,"high","generated","AST-CDB0DD46D1379B5E","assets/generated/PilotBaseToken/resistance/bsf17bomber/cobaltleader__pilot-c7808aa70880.png","ship alias 'b/sf-17 bomber' in path; token/base image"
"SHIP-22EBE6094502","bsf17bomber","B/SF-17 Bomber","large","BaseToken",True,"review",2,98,"high","generated","AST-174D9A2F0D6875B9","assets/generated/PilotBaseToken/resistance/bsf17bomber/crimsonleader__pilot-3da13f089413.png","ship alias 'b/sf-17 bomber' in path; token/base image"
"SHIP-22EBE6094502","bsf17bomber","B/SF-17 Bomber","large","BaseToken",True,"review",3,98,"high","generated","AST-C968A07B2816450E","assets/generated/PilotBaseToken/resistance/bsf17bomber/crimsonspecialist__pilot-10b061cebaf0.png","ship alias 'b/sf-17 bomber' in path; token/base image"
"SHIP-22EBE6094502","bsf17bomber","B/SF-17 Bomber","large","BaseToken",True,"review",4,98,"high","generated","AST-7088E0A9FDDBC6C4","assets/generated/PilotBaseToken/resistance/bsf17bomber/crimsonsquadronpilot__pilot-4c96b892b2d4.png","ship alias 'b/sf-17 bomber' in path; token/base image"
"SHIP-22EBE6094502","bsf17bomber","B/SF-17 Bomber","large","BaseToken",True,"review",5,83,"medium","generated","AST-EEB9EEBE6FCD379C","assets/generated/PilotBaseToken/galacticempire/tiebomber/captainjonus__pilot-bdaa55ad958f.png","ship alias 'bomber' in path; token/base image"
"SHIP-22EBE6094502","bsf17bomber","B/SF-17 Bomber","large","BaseToken",True,"review",6,83,"medium","generated","AST-02B3AFB01C02B8B4","assets/generated/PilotBaseToken/galacticempire/tiebomber/deathfire__pilot-1b8c5d844954.png","ship alias 'bomber' in path; token/base image"
"SHIP-22EBE6094502","bsf17bomber","B/SF-17 Bomber","large","BaseToken",True,"review",7,83,"medium","generated","AST-C43F2C889533E113","assets/generated/PilotBaseToken/galacticempire/tiebomber/gammasquadronpilot__pilot-b8141f8d7b11.png","ship alias 'bomber' in path; token/base image"
"SHIP-22EBE6094502","bsf17bomber","B/SF-17 Bomber","large","BaseToken",True,"review",8,83,"medium","generated","AST-35A3EB3CBB66F7D5","assets/generated/PilotBaseToken/galacticempire/tiebomber/gammasquadronveteran__pilot-c1b278be03e2.png","ship alias 'bomber' in path; token/base image"
"SHIP-22EBE6094502","bsf17bomber","B/SF-17 Bomber","large","DialTexture",True,"review",1,100,"high","generated","AST-5A868CF6CF681EFF","assets/generated/FirstEditionDialTexture/resistance/bsf17bomber__dial-0a81758056f1.png","ship alias 'b/sf-17 bomber' in path; dial image"
"SHIP-22EBE6094502","bsf17bomber","B/SF-17 Bomber","large","DialTexture",True,"review",2,100,"high","first-edition-dials","AST-5A868CF6CF681EFF","assets/source/first-edition-dials/resistance/bsf17bomber.png","ship alias 'b/sf-17 bomber' in path; dial image"
"SHIP-22EBE6094502","bsf17bomber","B/SF-17 Bomber","large","DialTexture",True,"review",3,85,"high","generated","AST-CF8BA079EF2C744C","assets/generated/FirstEditionDialTexture/galacticempire/tiebomber__dial-cf8ba079ef2c.png","ship alias 'bomber' in path; dial image"
"SHIP-22EBE6094502","bsf17bomber","B/SF-17 Bomber","large","DialTexture",True,"review",4,85,"high","generated","AST-E6214398975A3801","assets/generated/FirstEditionDialTexture/rebelalliance/scurrgh6bomber__dial-e6214398975a.png","ship alias 'bomber' in path; dial image"
"SHIP-22EBE6094502","bsf17bomber","B/SF-17 Bomber","large","DialTexture",True,"review",5,85,"high","generated","AST-4EEB41563190AC4F","assets/generated/FirstEditionDialTexture/scumandvillainy/scurrgh6bomber__dial-4eeb41563190.png","ship alias 'bomber' in path; dial image"
"SHIP-22EBE6094502","bsf17bomber","B/SF-17 Bomber","large","DialTexture",True,"review",6,85,"high","first-edition-dials","AST-2D7D1550DD9C921C","assets/source/first-edition-dials/galacticempire/tiebomber.jpg","ship alias 'bomber' in path; dial image"
"SHIP-22EBE6094502","bsf17bomber","B/SF-17 Bomber","large","DialTexture",True,"review",7,85,"high","first-edition-dials","AST-7B513AF80403C218","assets/source/first-edition-dials/rebelalliance/scurrgh6bomber.jpg","ship alias 'bomber' in path; dial image"
"SHIP-22EBE6094502","bsf17bomber","B/SF-17 Bomber","large","DialTexture",True,"review",8,85,"high","first-edition-dials","AST-3DDCDE505258236A","assets/source/first-edition-dials/scumandvillainy/scurrgh6bomber.jpg","ship alias 'bomber' in path; dial image"
"SHIP-22EBE6094502","bsf17bomber","B/SF-17 Bomber","large","DialModel",False,"review",1,78,"medium","unified25","AST-9E77DE4D73186B4B","assets/source/unified25/assets/ships-v2/large/mg100starfortress/starfortress.obj","ship alias 'mg100starfortress' in path; ships-v2 location"
"SHIP-22EBE6094502","bsf17bomber","B/SF-17 Bomber","large","DialModel",False,"review",2,63,"medium","unified25","AST-CB1CB2E162869313","assets/source/unified25/assets/ships-v2/medium/scurrgh6bomber/scurrg.obj","ship alias 'bomber' in path; ships-v2 location"
"SHIP-22EBE6094502","bsf17bomber","B/SF-17 Bomber","large","DialModel",False,"review",3,63,"medium","unified25","AST-93755A2F557F6328","assets/source/unified25/assets/ships-v2/small/hyenaclassdroidbomber/Hyena_Closed.obj","ship alias 'bomber' in path; ships-v2 location"
"SHIP-22EBE6094502","bsf17bomber","B/SF-17 Bomber","large","DialModel",False,"review",4,63,"medium","unified25","AST-66170B41E04CC7C7","assets/source/unified25/assets/ships-v2/small/hyenaclassdroidbomber/Hyena_Closedv2.obj","ship alias 'bomber' in path; ships-v2 location"
"SHIP-22EBE6094502","bsf17bomber","B/SF-17 Bomber","large","DialModel",False,"review",5,63,"medium","unified25","AST-1CFF57FF3FBBA556","assets/source/unified25/assets/ships-v2/small/hyenaclassdroidbomber/Hyena_Open.obj","ship alias 'bomber' in path; ships-v2 location"
"SHIP-22EBE6094502","bsf17bomber","B/SF-17 Bomber","large","DialModel",False,"review",6,63,"medium","unified25","AST-B2601CDD1FB1ED80","assets/source/unified25/assets/ships-v2/small/hyenaclassdroidbomber/Hyena_Openv2.obj","ship alias 'bomber' in path; ships-v2 location"
"SHIP-22EBE6094502","bsf17bomber","B/SF-17 Bomber","large","DialModel",False,"review",7,63,"medium","unified25","AST-F92EB13A99D5AD31","assets/source/unified25/assets/ships-v2/small/tiesabomber/tiebomber.obj","ship alias 'bomber' in path; ships-v2 location"
"SHIP-22EBE6094502","bsf17bomber","B/SF-17 Bomber","large","DialModel",False,"review",8,63,"medium","unified25","AST-0E72DDD18B7EE498","assets/source/unified25/assets/ships-v2/small/tiesebomber/tie_se.obj","ship alias 'bomber' in path; ships-v2 location"
"SHIP-22EBE6094502","bsf17bomber","B/SF-17 Bomber","large","ShipScript",False,"missing",,,,,,,
"SHIP-EC8D6A546561","croccruiser","C-ROC Cruiser","epic","ShipModel",True,"clear",1,100,"high","unified25","AST-0F22B23F6F4F406E","assets/source/unified25/assets/ships-v2/huge/croccruiser/croc.obj","ship alias 'c-roc cruiser' in path; ships-v2 location; OBJ model"
"SHIP-EC8D6A546561","croccruiser","C-ROC Cruiser","epic","ShipModel",True,"clear",2,88,"high","unified25","AST-9B41135F1EEF7380","assets/source/unified25/assets/ships-v2/huge/gozanticlasscruiser/gozanti.obj","ship alias 'cruiser' in path; ships-v2 location; OBJ model"
"SHIP-EC8D6A546561","croccruiser","C-ROC Cruiser","epic","ShipModel",True,"clear",3,86,"high","unified25","AST-E9B0E9F964A90008","assets/source/unified25/assets/ships/Huge/CR0C/CR0C Cruiser.obj","ship alias 'cruiser' in path; ships location; OBJ model"
"SHIP-EC8D6A546561","croccruiser","C-ROC Cruiser","epic","ShipModel",True,"clear",4,86,"high","unified25","AST-5228B5631F7AE1D3","assets/source/unified25/assets/ships/Huge/Gozanti-Class Cruiser/Gozanti-Class Cruiser.obj","ship alias 'cruiser' in path; ships location; OBJ model"
"SHIP-EC8D6A546561","croccruiser","C-ROC Cruiser","epic","ShipTexture",True,"review",1,100,"high","unified25","AST-5B6E32FBAFCC76ED","assets/source/unified25/assets/ships-v2/huge/croccruiser/icon.png","ship alias 'c-roc cruiser' in path; ships-v2 location; ship image/texture"
"SHIP-EC8D6A546561","croccruiser","C-ROC Cruiser","epic","ShipTexture",True,"review",2,100,"high","unified25","AST-587E11632BC03CFE","assets/source/unified25/assets/ships-v2/huge/croccruiser/Textures/standard.jpg","ship alias 'c-roc cruiser' in path; ships-v2 location; ship image/texture"
"SHIP-EC8D6A546561","croccruiser","C-ROC Cruiser","epic","ShipTexture",True,"review",3,85,"high","unified25","AST-A3C58F916BBE6CB7","assets/source/unified25/assets/ships-v2/huge/gozanticlasscruiser/icon.png","ship alias 'cruiser' in path; ships-v2 location; ship image/texture"
"SHIP-EC8D6A546561","croccruiser","C-ROC Cruiser","epic","ShipTexture",True,"review",4,85,"high","unified25","AST-186FA3DAA94B0FCD","assets/source/unified25/assets/ships-v2/huge/gozanticlasscruiser/Textures/standard.jpg","ship alias 'cruiser' in path; ships-v2 location; ship image/texture"
"SHIP-EC8D6A546561","croccruiser","C-ROC Cruiser","epic","ShipTexture",True,"review",5,83,"medium","unified25","AST-8F623857533BFD7C","assets/source/unified25/assets/ships/Huge/Gozanti-Class Cruiser/FO Sympthizers.png","ship alias 'cruiser' in path; ships location; ship image/texture"
"SHIP-EC8D6A546561","croccruiser","C-ROC Cruiser","epic","ShipTexture",True,"review",6,83,"medium","unified25","AST-ECCC8FBA3C155E4F","assets/source/unified25/assets/ships/Huge/Gozanti-Class Cruiser/Gozanti-Class Cruiser.png","ship alias 'cruiser' in path; ships location; ship image/texture"
"SHIP-EC8D6A546561","croccruiser","C-ROC Cruiser","epic","ShipTexture",True,"review",7,70,"medium","xwing-data","AST-C77BA0CEA7DFF6EC","assets/source/xwing-data/images/pilots/Scum and Villainy/C-ROC Cruiser/c-roc-cruiser.png","ship alias 'c-roc cruiser' in path"
"SHIP-EC8D6A546561","croccruiser","C-ROC Cruiser","epic","ShipTexture",True,"review",8,55,"low","xwing-data","AST-863064460B34A0E9","assets/source/xwing-data/images/pilots/Galactic Empire/Gozanti-class Cruiser/gozanti-class-cruiser.png","ship alias 'cruiser' in path"
"SHIP-EC8D6A546561","croccruiser","C-ROC Cruiser","epic","BaseToken",True,"review",1,78,"medium","unified25","AST-5B6E32FBAFCC76ED","assets/source/unified25/assets/ships-v2/huge/croccruiser/icon.png","ship alias 'c-roc cruiser' in path; ships-v2 location"
"SHIP-EC8D6A546561","croccruiser","C-ROC Cruiser","epic","BaseToken",True,"review",2,78,"medium","unified25","AST-587E11632BC03CFE","assets/source/unified25/assets/ships-v2/huge/croccruiser/Textures/standard.jpg","ship alias 'c-roc cruiser' in path; ships-v2 location"
"SHIP-EC8D6A546561","croccruiser","C-ROC Cruiser","epic","BaseToken",True,"review",3,70,"medium","xwing-data","AST-C77BA0CEA7DFF6EC","assets/source/xwing-data/images/pilots/Scum and Villainy/C-ROC Cruiser/c-roc-cruiser.png","ship alias 'c-roc cruiser' in path"
"SHIP-EC8D6A546561","croccruiser","C-ROC Cruiser","epic","BaseToken",True,"review",4,63,"medium","unified25","AST-A3C58F916BBE6CB7","assets/source/unified25/assets/ships-v2/huge/gozanticlasscruiser/icon.png","ship alias 'cruiser' in path; ships-v2 location"
"SHIP-EC8D6A546561","croccruiser","C-ROC Cruiser","epic","BaseToken",True,"review",5,63,"medium","unified25","AST-186FA3DAA94B0FCD","assets/source/unified25/assets/ships-v2/huge/gozanticlasscruiser/Textures/standard.jpg","ship alias 'cruiser' in path; ships-v2 location"
"SHIP-EC8D6A546561","croccruiser","C-ROC Cruiser","epic","BaseToken",True,"review",6,61,"medium","unified25","AST-8F623857533BFD7C","assets/source/unified25/assets/ships/Huge/Gozanti-Class Cruiser/FO Sympthizers.png","ship alias 'cruiser' in path; ships location"
"SHIP-EC8D6A546561","croccruiser","C-ROC Cruiser","epic","BaseToken",True,"review",7,61,"medium","unified25","AST-ECCC8FBA3C155E4F","assets/source/unified25/assets/ships/Huge/Gozanti-Class Cruiser/Gozanti-Class Cruiser.png","ship alias 'cruiser' in path; ships location"
"SHIP-EC8D6A546561","croccruiser","C-ROC Cruiser","epic","BaseToken",True,"review",8,55,"low","xwing-data","AST-863064460B34A0E9","assets/source/xwing-data/images/pilots/Galactic Empire/Gozanti-class Cruiser/gozanti-class-cruiser.png","ship alias 'cruiser' in path"
"SHIP-EC8D6A546561","croccruiser","C-ROC Cruiser","epic","DialTexture",True,"review",1,78,"medium","unified25","AST-5B6E32FBAFCC76ED","assets/source/unified25/assets/ships-v2/huge/croccruiser/icon.png","ship alias 'c-roc cruiser' in path; ships-v2 location"
"SHIP-EC8D6A546561","croccruiser","C-ROC Cruiser","epic","DialTexture",True,"review",2,78,"medium","unified25","AST-587E11632BC03CFE","assets/source/unified25/assets/ships-v2/huge/croccruiser/Textures/standard.jpg","ship alias 'c-roc cruiser' in path; ships-v2 location"
"SHIP-EC8D6A546561","croccruiser","C-ROC Cruiser","epic","DialTexture",True,"review",3,70,"medium","xwing-data","AST-C77BA0CEA7DFF6EC","assets/source/xwing-data/images/pilots/Scum and Villainy/C-ROC Cruiser/c-roc-cruiser.png","ship alias 'c-roc cruiser' in path"
"SHIP-EC8D6A546561","croccruiser","C-ROC Cruiser","epic","DialTexture",True,"review",4,63,"medium","unified25","AST-A3C58F916BBE6CB7","assets/source/unified25/assets/ships-v2/huge/gozanticlasscruiser/icon.png","ship alias 'cruiser' in path; ships-v2 location"
"SHIP-EC8D6A546561","croccruiser","C-ROC Cruiser","epic","DialTexture",True,"review",5,63,"medium","unified25","AST-186FA3DAA94B0FCD","assets/source/unified25/assets/ships-v2/huge/gozanticlasscruiser/Textures/standard.jpg","ship alias 'cruiser' in path; ships-v2 location"
"SHIP-EC8D6A546561","croccruiser","C-ROC Cruiser","epic","DialTexture",True,"review",6,61,"medium","unified25","AST-8F623857533BFD7C","assets/source/unified25/assets/ships/Huge/Gozanti-Class Cruiser/FO Sympthizers.png","ship alias 'cruiser' in path; ships location"
"SHIP-EC8D6A546561","croccruiser","C-ROC Cruiser","epic","DialTexture",True,"review",7,61,"medium","unified25","AST-ECCC8FBA3C155E4F","assets/source/unified25/assets/ships/Huge/Gozanti-Class Cruiser/Gozanti-Class Cruiser.png","ship alias 'cruiser' in path; ships location"
"SHIP-EC8D6A546561","croccruiser","C-ROC Cruiser","epic","DialTexture",True,"review",8,55,"low","xwing-data","AST-863064460B34A0E9","assets/source/xwing-data/images/pilots/Galactic Empire/Gozanti-class Cruiser/gozanti-class-cruiser.png","ship alias 'cruiser' in path"
"SHIP-EC8D6A546561","croccruiser","C-ROC Cruiser","epic","DialModel",False,"review",1,78,"medium","unified25","AST-0F22B23F6F4F406E","assets/source/unified25/assets/ships-v2/huge/croccruiser/croc.obj","ship alias 'c-roc cruiser' in path; ships-v2 location"
"SHIP-EC8D6A546561","croccruiser","C-ROC Cruiser","epic","DialModel",False,"review",2,63,"medium","unified25","AST-9B41135F1EEF7380","assets/source/unified25/assets/ships-v2/huge/gozanticlasscruiser/gozanti.obj","ship alias 'cruiser' in path; ships-v2 location"
"SHIP-EC8D6A546561","croccruiser","C-ROC Cruiser","epic","DialModel",False,"review",3,61,"medium","unified25","AST-E9B0E9F964A90008","assets/source/unified25/assets/ships/Huge/CR0C/CR0C Cruiser.obj","ship alias 'cruiser' in path; ships location"
"SHIP-EC8D6A546561","croccruiser","C-ROC Cruiser","epic","DialModel",False,"review",4,61,"medium","unified25","AST-5228B5631F7AE1D3","assets/source/unified25/assets/ships/Huge/Gozanti-Class Cruiser/Gozanti-Class Cruiser.obj","ship alias 'cruiser' in path; ships location"
"SHIP-EC8D6A546561","croccruiser","C-ROC Cruiser","epic","ShipScript",False,"missing",,,,,,,
"SHIP-B195218647C2","ewing","E-wing","small","ShipModel",True,"review",1,88,"high","unified25","AST-498C6F06703F1F52","assets/source/unified25/assets/ships-v2/small/ewing/ewing.obj","ship alias 'e-wing' in path; ships-v2 location; OBJ model"
"SHIP-B195218647C2","ewing","E-wing","small","ShipModel",True,"review",2,86,"high","unified25","AST-0FA5587183117883","assets/source/unified25/assets/ships/Small/REB_ewing/ewing.obj","ship alias 'e-wing' in path; ships location; OBJ model"
"SHIP-B195218647C2","ewing","E-wing","small","ShipTexture",True,"review",1,85,"high","unified25","AST-1BC51220689D3A3F","assets/source/unified25/assets/ships-v2/small/ewing/ewing.png","ship alias 'e-wing' in path; ships-v2 location; ship image/texture"
"SHIP-B195218647C2","ewing","E-wing","small","ShipTexture",True,"review",2,85,"high","unified25","AST-4084B1CFC61489E2","assets/source/unified25/assets/ships-v2/small/ewing/Textures/CorranHorn.jpg","ship alias 'e-wing' in path; ships-v2 location; ship image/texture"
"SHIP-B195218647C2","ewing","E-wing","small","ShipTexture",True,"review",3,85,"high","unified25","AST-7EBEA87C5B9C13BB","assets/source/unified25/assets/ships-v2/small/ewing/Textures/GavinDarklighter.jpg","ship alias 'e-wing' in path; ships-v2 location; ship image/texture"
"SHIP-B195218647C2","ewing","E-wing","small","ShipTexture",True,"review",4,85,"high","unified25","AST-388FC9B7EBB5A1E3","assets/source/unified25/assets/ships-v2/small/ewing/Textures/KnaveSquadronEscort.jpg","ship alias 'e-wing' in path; ships-v2 location; ship image/texture"
"SHIP-B195218647C2","ewing","E-wing","small","ShipTexture",True,"review",5,85,"high","unified25","AST-E957C351414B85C3","assets/source/unified25/assets/ships-v2/small/ewing/Textures/RogueSquadronEscort.jpg","ship alias 'e-wing' in path; ships-v2 location; ship image/texture"
"SHIP-B195218647C2","ewing","E-wing","small","ShipTexture",True,"review",6,83,"medium","unified25","AST-3079717E3C78C566","assets/source/unified25/assets/ships/Rebel/EWing/corranhorn.png","ship alias 'e-wing' in path; ships location; ship image/texture"
"SHIP-B195218647C2","ewing","E-wing","small","ShipTexture",True,"review",7,83,"medium","unified25","AST-63E057B957C3DCDF","assets/source/unified25/assets/ships/Rebel/EWing/gavindarklighter.png","ship alias 'e-wing' in path; ships location; ship image/texture"
"SHIP-B195218647C2","ewing","E-wing","small","ShipTexture",True,"review",8,83,"medium","unified25","AST-01B0A2253789D65B","assets/source/unified25/assets/ships/Rebel/EWing/knavesquadronescort.png","ship alias 'e-wing' in path; ships location; ship image/texture"
"SHIP-B195218647C2","ewing","E-wing","small","BaseToken",True,"review",1,83,"medium","generated","AST-357E68E7C8B7B781","assets/generated/PilotBaseToken/rebelalliance/ewing/blackmoonsquadronpilot__pilot-42adcf62d7d4.png","ship alias 'e-wing' in path; token/base image"
"SHIP-B195218647C2","ewing","E-wing","small","BaseToken",True,"review",2,83,"medium","generated","AST-EFFBE990493C0689","assets/generated/PilotBaseToken/rebelalliance/ewing/corranhorn__pilot-e5b046ce0938.png","ship alias 'e-wing' in path; token/base image"
"SHIP-B195218647C2","ewing","E-wing","small","BaseToken",True,"review",3,83,"medium","generated","AST-80D9C4D0AC69431C","assets/generated/PilotBaseToken/rebelalliance/ewing/etahnabaht__pilot-d6f3881fd5e5.png","ship alias 'e-wing' in path; token/base image"
"SHIP-B195218647C2","ewing","E-wing","small","BaseToken",True,"review",4,83,"medium","generated","AST-67B2F09D8BB5DD9D","assets/generated/PilotBaseToken/rebelalliance/ewing/knavesquadronpilot__pilot-633813df04da.png","ship alias 'e-wing' in path; token/base image"
"SHIP-B195218647C2","ewing","E-wing","small","BaseToken",True,"review",5,63,"medium","unified25","AST-1BC51220689D3A3F","assets/source/unified25/assets/ships-v2/small/ewing/ewing.png","ship alias 'e-wing' in path; ships-v2 location"
"SHIP-B195218647C2","ewing","E-wing","small","BaseToken",True,"review",6,63,"medium","unified25","AST-4084B1CFC61489E2","assets/source/unified25/assets/ships-v2/small/ewing/Textures/CorranHorn.jpg","ship alias 'e-wing' in path; ships-v2 location"
"SHIP-B195218647C2","ewing","E-wing","small","BaseToken",True,"review",7,63,"medium","unified25","AST-7EBEA87C5B9C13BB","assets/source/unified25/assets/ships-v2/small/ewing/Textures/GavinDarklighter.jpg","ship alias 'e-wing' in path; ships-v2 location"
"SHIP-B195218647C2","ewing","E-wing","small","BaseToken",True,"review",8,63,"medium","unified25","AST-388FC9B7EBB5A1E3","assets/source/unified25/assets/ships-v2/small/ewing/Textures/KnaveSquadronEscort.jpg","ship alias 'e-wing' in path; ships-v2 location"
"SHIP-B195218647C2","ewing","E-wing","small","DialTexture",True,"review",1,85,"high","generated","AST-1C99A9E18FD4D2B8","assets/generated/FirstEditionDialTexture/rebelalliance/ewing__dial-1c99a9e18fd4.png","ship alias 'e-wing' in path; dial image"
"SHIP-B195218647C2","ewing","E-wing","small","DialTexture",True,"review",2,85,"high","first-edition-dials","AST-3A8A3F0AE6DEDC82","assets/source/first-edition-dials/rebelalliance/ewing.jpg","ship alias 'e-wing' in path; dial image"
"SHIP-B195218647C2","ewing","E-wing","small","DialTexture",True,"review",3,63,"medium","unified25","AST-1BC51220689D3A3F","assets/source/unified25/assets/ships-v2/small/ewing/ewing.png","ship alias 'e-wing' in path; ships-v2 location"
"SHIP-B195218647C2","ewing","E-wing","small","DialTexture",True,"review",4,63,"medium","unified25","AST-4084B1CFC61489E2","assets/source/unified25/assets/ships-v2/small/ewing/Textures/CorranHorn.jpg","ship alias 'e-wing' in path; ships-v2 location"
"SHIP-B195218647C2","ewing","E-wing","small","DialTexture",True,"review",5,63,"medium","unified25","AST-7EBEA87C5B9C13BB","assets/source/unified25/assets/ships-v2/small/ewing/Textures/GavinDarklighter.jpg","ship alias 'e-wing' in path; ships-v2 location"
"SHIP-B195218647C2","ewing","E-wing","small","DialTexture",True,"review",6,63,"medium","unified25","AST-388FC9B7EBB5A1E3","assets/source/unified25/assets/ships-v2/small/ewing/Textures/KnaveSquadronEscort.jpg","ship alias 'e-wing' in path; ships-v2 location"
"SHIP-B195218647C2","ewing","E-wing","small","DialTexture",True,"review",7,63,"medium","unified25","AST-E957C351414B85C3","assets/source/unified25/assets/ships-v2/small/ewing/Textures/RogueSquadronEscort.jpg","ship alias 'e-wing' in path; ships-v2 location"
"SHIP-B195218647C2","ewing","E-wing","small","DialTexture",True,"review",8,61,"medium","unified25","AST-3079717E3C78C566","assets/source/unified25/assets/ships/Rebel/EWing/corranhorn.png","ship alias 'e-wing' in path; ships location"
"SHIP-B195218647C2","ewing","E-wing","small","DialModel",False,"review",1,63,"medium","unified25","AST-498C6F06703F1F52","assets/source/unified25/assets/ships-v2/small/ewing/ewing.obj","ship alias 'e-wing' in path; ships-v2 location"
"SHIP-B195218647C2","ewing","E-wing","small","DialModel",False,"review",2,61,"medium","unified25","AST-0FA5587183117883","assets/source/unified25/assets/ships/Small/REB_ewing/ewing.obj","ship alias 'e-wing' in path; ships location"
"SHIP-B195218647C2","ewing","E-wing","small","ShipScript",False,"missing",,,,,,,
"SHIP-DF2C0D63695B","firespray31","Firespray-31","large","ShipModel",True,"review",1,100,"high","unified25","AST-069F572272E201A4","assets/source/unified25/assets/ships-v2/medium/firesprayclasspatrolcraft/firespray.obj","ship alias 'firesprayclasspatrolcraft' in path; ships-v2 location; OBJ model"
"SHIP-DF2C0D63695B","firespray31","Firespray-31","large","ShipModel",True,"review",2,100,"high","unified25","AST-9949BCE9B9663CB1","assets/source/unified25/assets/ships-v2/medium/firesprayclasspatrolcraft/firesprayV2.obj","ship alias 'firesprayclasspatrolcraft' in path; ships-v2 location; OBJ model"
"SHIP-DF2C0D63695B","firespray31","Firespray-31","large","ShipModel",True,"review",3,100,"high","unified25","AST-E5F5F60981402D16","assets/source/unified25/assets/ships-v2/medium/firesprayclasspatrolcraft/firesprayV3-canopy.obj","ship alias 'firesprayclasspatrolcraft' in path; ships-v2 location; OBJ model"
"SHIP-DF2C0D63695B","firespray31","Firespray-31","large","ShipModel",True,"review",4,100,"high","unified25","AST-7D53C07E6953009F","assets/source/unified25/assets/ships-v2/medium/firesprayclasspatrolcraft/firesprayV3.obj","ship alias 'firesprayclasspatrolcraft' in path; ships-v2 location; OBJ model"
"SHIP-DF2C0D63695B","firespray31","Firespray-31","large","ShipModel",True,"review",5,86,"high","unified25","AST-29D00B1457E2C82D","assets/source/unified25/assets/ships/Medium/firespray/firespray.obj","ship alias 'firespray' in path; ships location; OBJ model"
"SHIP-DF2C0D63695B","firespray31","Firespray-31","large","ShipTexture",True,"review",1,100,"high","unified25","AST-998B10157692094C","assets/source/unified25/assets/ships-v2/medium/firesprayclasspatrolcraft/Icon.png","ship alias 'firesprayclasspatrolcraft' in path; ships-v2 location; ship image/texture"
"SHIP-DF2C0D63695B","firespray31","Firespray-31","large","ShipTexture",True,"review",2,100,"high","unified25","AST-7455B58961AB2B01","assets/source/unified25/assets/ships-v2/medium/firesprayclasspatrolcraft/Textures/1/blue.jpg","ship alias 'firesprayclasspatrolcraft' in path; ships-v2 location; ship image/texture"
"SHIP-DF2C0D63695B","firespray31","Firespray-31","large","ShipTexture",True,"review",3,100,"high","unified25","AST-04EBD5BFCE169F87","assets/source/unified25/assets/ships-v2/medium/firesprayclasspatrolcraft/Textures/1/boba.jpg","ship alias 'firesprayclasspatrolcraft' in path; ships-v2 location; ship image/texture"
"SHIP-DF2C0D63695B","firespray31","Firespray-31","large","ShipTexture",True,"review",4,100,"high","unified25","AST-7D6D5F36103B58B2","assets/source/unified25/assets/ships-v2/medium/firesprayclasspatrolcraft/Textures/1/bountyhunter.jpg","ship alias 'firesprayclasspatrolcraft' in path; ships-v2 location; ship image/texture"
"SHIP-DF2C0D63695B","firespray31","Firespray-31","large","ShipTexture",True,"review",5,100,"high","unified25","AST-0E7A9A1A094A786F","assets/source/unified25/assets/ships-v2/medium/firesprayclasspatrolcraft/Textures/1/emon.jpg","ship alias 'firesprayclasspatrolcraft' in path; ships-v2 location; ship image/texture"
"SHIP-DF2C0D63695B","firespray31","Firespray-31","large","ShipTexture",True,"review",6,100,"high","unified25","AST-7CD8A99A1294A54B","assets/source/unified25/assets/ships-v2/medium/firesprayclasspatrolcraft/Textures/1/jango.jpg","ship alias 'firesprayclasspatrolcraft' in path; ships-v2 location; ship image/texture"
"SHIP-DF2C0D63695B","firespray31","Firespray-31","large","ShipTexture",True,"review",7,100,"high","unified25","AST-4A28C207388CDAC6","assets/source/unified25/assets/ships-v2/medium/firesprayclasspatrolcraft/Textures/1/kath.jpg","ship alias 'firesprayclasspatrolcraft' in path; ships-v2 location; ship image/texture"
"SHIP-DF2C0D63695B","firespray31","Firespray-31","large","ShipTexture",True,"review",8,100,"high","unified25","AST-37E376632B5A938A","assets/source/unified25/assets/ships-v2/medium/firesprayclasspatrolcraft/Textures/1/koshka.jpg","ship alias 'firesprayclasspatrolcraft' in path; ships-v2 location; ship image/texture"
"SHIP-DF2C0D63695B","firespray31","Firespray-31","large","BaseToken",True,"review",1,98,"high","generated","AST-45D2F597EF9AD8BA","assets/generated/PilotBaseToken/galacticempire/firespray31/bobafett__pilot-ad1363e77593.png","ship alias 'firespray-31' in path; token/base image"
"SHIP-DF2C0D63695B","firespray31","Firespray-31","large","BaseToken",True,"review",2,98,"high","generated","AST-16AE8ADC91AAB711","assets/generated/PilotBaseToken/galacticempire/firespray31/bountyhunter__pilot-d7f4d8ffef99.png","ship alias 'firespray-31' in path; token/base image"
"SHIP-DF2C0D63695B","firespray31","Firespray-31","large","BaseToken",True,"review",3,98,"high","generated","AST-1F7DFFF8171FD7E6","assets/generated/PilotBaseToken/galacticempire/firespray31/kathscarlet__pilot-00da478ba942.png","ship alias 'firespray-31' in path; token/base image"
"SHIP-DF2C0D63695B","firespray31","Firespray-31","large","BaseToken",True,"review",4,98,"high","generated","AST-6487537A9864AB4C","assets/generated/PilotBaseToken/galacticempire/firespray31/krassistrelix__pilot-75fab3afe0af.png","ship alias 'firespray-31' in path; token/base image"
"SHIP-DF2C0D63695B","firespray31","Firespray-31","large","BaseToken",True,"review",5,98,"high","generated","AST-14DA1D8F1F5B4E7B","assets/generated/PilotBaseToken/scumandvillainy/firespray31/bobafett__pilot-8a5ca1dccbea.png","ship alias 'firespray-31' in path; token/base image"
"SHIP-DF2C0D63695B","firespray31","Firespray-31","large","BaseToken",True,"review",6,98,"high","generated","AST-FD84284CDA8E3839","assets/generated/PilotBaseToken/scumandvillainy/firespray31/emonazzameen__pilot-33e821bc8d93.png","ship alias 'firespray-31' in path; token/base image"
"SHIP-DF2C0D63695B","firespray31","Firespray-31","large","BaseToken",True,"review",7,98,"high","generated","AST-2A3E078CDD8958F3","assets/generated/PilotBaseToken/scumandvillainy/firespray31/kathscarlet__pilot-020ce92f238a.png","ship alias 'firespray-31' in path; token/base image"
"SHIP-DF2C0D63695B","firespray31","Firespray-31","large","BaseToken",True,"review",8,98,"high","generated","AST-A6E8C327D70E3EF6","assets/generated/PilotBaseToken/scumandvillainy/firespray31/mandalorianmercenary__pilot-68f3ca6c10e9.png","ship alias 'firespray-31' in path; token/base image"
"SHIP-DF2C0D63695B","firespray31","Firespray-31","large","DialTexture",True,"review",1,100,"high","generated","AST-333AC5393A01B01F","assets/generated/FirstEditionDialTexture/galacticempire/firespray31__dial-333ac5393a01.png","ship alias 'firespray-31' in path; dial image"
"SHIP-DF2C0D63695B","firespray31","Firespray-31","large","DialTexture",True,"review",2,100,"high","generated","AST-A521FDD01F3146F5","assets/generated/FirstEditionDialTexture/scumandvillainy/firespray31__dial-a521fdd01f31.png","ship alias 'firespray-31' in path; dial image"
"SHIP-DF2C0D63695B","firespray31","Firespray-31","large","DialTexture",True,"review",3,100,"high","first-edition-dials","AST-98C9E5E36E218D90","assets/source/first-edition-dials/galacticempire/firespray31.jpg","ship alias 'firespray-31' in path; dial image"
"SHIP-DF2C0D63695B","firespray31","Firespray-31","large","DialTexture",True,"review",4,100,"high","first-edition-dials","AST-5411EFDD5C985917","assets/source/first-edition-dials/scumandvillainy/firespray31.jpg","ship alias 'firespray-31' in path; dial image"
"SHIP-DF2C0D63695B","firespray31","Firespray-31","large","DialTexture",True,"review",5,78,"medium","unified25","AST-998B10157692094C","assets/source/unified25/assets/ships-v2/medium/firesprayclasspatrolcraft/Icon.png","ship alias 'firesprayclasspatrolcraft' in path; ships-v2 location"
"SHIP-DF2C0D63695B","firespray31","Firespray-31","large","DialTexture",True,"review",6,78,"medium","unified25","AST-7455B58961AB2B01","assets/source/unified25/assets/ships-v2/medium/firesprayclasspatrolcraft/Textures/1/blue.jpg","ship alias 'firesprayclasspatrolcraft' in path; ships-v2 location"
"SHIP-DF2C0D63695B","firespray31","Firespray-31","large","DialTexture",True,"review",7,78,"medium","unified25","AST-04EBD5BFCE169F87","assets/source/unified25/assets/ships-v2/medium/firesprayclasspatrolcraft/Textures/1/boba.jpg","ship alias 'firesprayclasspatrolcraft' in path; ships-v2 location"
"SHIP-DF2C0D63695B","firespray31","Firespray-31","large","DialTexture",True,"review",8,78,"medium","unified25","AST-7D6D5F36103B58B2","assets/source/unified25/assets/ships-v2/medium/firesprayclasspatrolcraft/Textures/1/bountyhunter.jpg","ship alias 'firesprayclasspatrolcraft' in path; ships-v2 location"
"SHIP-DF2C0D63695B","firespray31","Firespray-31","large","DialModel",False,"review",1,78,"medium","unified25","AST-069F572272E201A4","assets/source/unified25/assets/ships-v2/medium/firesprayclasspatrolcraft/firespray.obj","ship alias 'firesprayclasspatrolcraft' in path; ships-v2 location"
"SHIP-DF2C0D63695B","firespray31","Firespray-31","large","DialModel",False,"review",2,78,"medium","unified25","AST-9949BCE9B9663CB1","assets/source/unified25/assets/ships-v2/medium/firesprayclasspatrolcraft/firesprayV2.obj","ship alias 'firesprayclasspatrolcraft' in path; ships-v2 location"
"SHIP-DF2C0D63695B","firespray31","Firespray-31","large","DialModel",False,"review",3,78,"medium","unified25","AST-E5F5F60981402D16","assets/source/unified25/assets/ships-v2/medium/firesprayclasspatrolcraft/firesprayV3-canopy.obj","ship alias 'firesprayclasspatrolcraft' in path; ships-v2 location"
"SHIP-DF2C0D63695B","firespray31","Firespray-31","large","DialModel",False,"review",4,78,"medium","unified25","AST-7D53C07E6953009F","assets/source/unified25/assets/ships-v2/medium/firesprayclasspatrolcraft/firesprayV3.obj","ship alias 'firesprayclasspatrolcraft' in path; ships-v2 location"
"SHIP-DF2C0D63695B","firespray31","Firespray-31","large","DialModel",False,"review",5,61,"medium","unified25","AST-29D00B1457E2C82D","assets/source/unified25/assets/ships/Medium/firespray/firespray.obj","ship alias 'firespray' in path; ships location"
"SHIP-DF2C0D63695B","firespray31","Firespray-31","large","ShipScript",False,"missing",,,,,,,
"SHIP-49D60C615280","g1astarfighter","G-1A Starfighter","small","ShipModel",True,"review",1,100,"high","unified25","AST-FD504231CBB3C56A","assets/source/unified25/assets/ships-v2/medium/arc170starfighter/arc.obj","ship alias 'starfighter' in path; ships-v2 location; OBJ model"
"SHIP-49D60C615280","g1astarfighter","G-1A Starfighter","small","ShipModel",True,"review",2,100,"high","unified25","AST-22723AB2C5C4389B","assets/source/unified25/assets/ships-v2/medium/arc170starfighter/arc170.obj","ship alias 'starfighter' in path; ships-v2 location; OBJ model"
"SHIP-49D60C615280","g1astarfighter","G-1A Starfighter","small","ShipModel",True,"review",3,100,"high","unified25","AST-023D520F53F02178","assets/source/unified25/assets/ships-v2/medium/g1astarfighter/g1a.obj","ship alias 'g-1a starfighter' in path; ships-v2 location; OBJ model"
"SHIP-49D60C615280","g1astarfighter","G-1A Starfighter","small","ShipModel",True,"review",4,100,"high","unified25","AST-E2D271D62171E063","assets/source/unified25/assets/ships-v2/small/belbulab22starfighter/Belbullab.obj","ship alias 'starfighter' in path; ships-v2 location; OBJ model"
"SHIP-49D60C615280","g1astarfighter","G-1A Starfighter","small","ShipModel",True,"review",5,100,"high","unified25","AST-1124BCC0C29F0A3B","assets/source/unified25/assets/ships-v2/small/belbulab22starfighter/Belbullab1.obj","ship alias 'starfighter' in path; ships-v2 location; OBJ model"
"SHIP-49D60C615280","g1astarfighter","G-1A Starfighter","small","ShipModel",True,"review",6,100,"high","unified25","AST-A13E9F374748694B","assets/source/unified25/assets/ships-v2/small/nabooroyaln1starfighter/MandoN1.obj","ship alias 'starfighter' in path; ships-v2 location; OBJ model"
"SHIP-49D60C615280","g1astarfighter","G-1A Starfighter","small","ShipModel",True,"review",7,100,"high","unified25","AST-274907631B13A2DC","assets/source/unified25/assets/ships-v2/small/nabooroyaln1starfighter/N1.obj","ship alias 'starfighter' in path; ships-v2 location; OBJ model"
"SHIP-49D60C615280","g1astarfighter","G-1A Starfighter","small","ShipModel",True,"review",8,100,"high","unified25","AST-D5A2E07292D273B5","assets/source/unified25/assets/ships-v2/small/nabooroyaln1starfighter/Naboo_Royal_N1.obj","ship alias 'starfighter' in path; ships-v2 location; OBJ model"
"SHIP-49D60C615280","g1astarfighter","G-1A Starfighter","small","ShipTexture",True,"review",1,100,"high","unified25","AST-7C9E80BE6B557BC0","assets/source/unified25/assets/ships-v2/medium/arc170starfighter/Icon.png","ship alias 'starfighter' in path; ships-v2 location; ship image/texture"
"SHIP-49D60C615280","g1astarfighter","G-1A Starfighter","small","ShipTexture",True,"review",2,100,"high","unified25","AST-46E5080D15A965A3","assets/source/unified25/assets/ships-v2/medium/arc170starfighter/Textures/black.jpg","ship alias 'starfighter' in path; ships-v2 location; ship image/texture"
"SHIP-49D60C615280","g1astarfighter","G-1A Starfighter","small","ShipTexture",True,"review",3,100,"high","unified25","AST-478474BB3B5771A4","assets/source/unified25/assets/ships-v2/medium/arc170starfighter/Textures/rebel.jpg","ship alias 'starfighter' in path; ships-v2 location; ship image/texture"
"SHIP-49D60C615280","g1astarfighter","G-1A Starfighter","small","ShipTexture",True,"review",4,100,"high","unified25","AST-5F25DE37EE42049F","assets/source/unified25/assets/ships-v2/medium/arc170starfighter/Textures/rebel.png","ship alias 'starfighter' in path; ships-v2 location; ship image/texture"
"SHIP-49D60C615280","g1astarfighter","G-1A Starfighter","small","ShipTexture",True,"review",5,100,"high","unified25","AST-7DF226716D4FF6B8","assets/source/unified25/assets/ships-v2/medium/arc170starfighter/Textures/republic-blue.jpg","ship alias 'starfighter' in path; ships-v2 location; ship image/texture"
"SHIP-49D60C615280","g1astarfighter","G-1A Starfighter","small","ShipTexture",True,"review",6,100,"high","unified25","AST-4667B361A7A1E45F","assets/source/unified25/assets/ships-v2/medium/arc170starfighter/Textures/republic.png","ship alias 'starfighter' in path; ships-v2 location; ship image/texture"
"SHIP-49D60C615280","g1astarfighter","G-1A Starfighter","small","ShipTexture",True,"review",7,100,"high","unified25","AST-B92A72BBC0085965","assets/source/unified25/assets/ships-v2/medium/arc170starfighter/Textures/republicblue.jpg","ship alias 'starfighter' in path; ships-v2 location; ship image/texture"
"SHIP-49D60C615280","g1astarfighter","G-1A Starfighter","small","ShipTexture",True,"review",8,100,"high","unified25","AST-2D5C5D38D9FB9951","assets/source/unified25/assets/ships-v2/medium/arc170starfighter/Textures/republicred.jpg","ship alias 'starfighter' in path; ships-v2 location; ship image/texture"
"SHIP-49D60C615280","g1astarfighter","G-1A Starfighter","small","BaseToken",True,"review",1,98,"high","generated","AST-675E61E911966E55","assets/generated/PilotBaseToken/scumandvillainy/g1astarfighter/4lom__pilot-3acc0b4a3795.png","ship alias 'g-1a starfighter' in path; token/base image"
"SHIP-49D60C615280","g1astarfighter","G-1A Starfighter","small","BaseToken",True,"review",2,98,"high","generated","AST-821D2372E3E42131","assets/generated/PilotBaseToken/scumandvillainy/g1astarfighter/gandfindsman__pilot-fe672ed5ea46.png","ship alias 'g-1a starfighter' in path; token/base image"
"SHIP-49D60C615280","g1astarfighter","G-1A Starfighter","small","BaseToken",True,"review",3,98,"high","generated","AST-3518F663C1A14419","assets/generated/PilotBaseToken/scumandvillainy/g1astarfighter/ruthlessfreelancer__pilot-f12f99b06c53.png","ship alias 'g-1a starfighter' in path; token/base image"
"SHIP-49D60C615280","g1astarfighter","G-1A Starfighter","small","BaseToken",True,"review",4,98,"high","generated","AST-FB0B48AF54A6B3F1","assets/generated/PilotBaseToken/scumandvillainy/g1astarfighter/zuckuss__pilot-02501a6a0aa0.png","ship alias 'g-1a starfighter' in path; token/base image"
"SHIP-49D60C615280","g1astarfighter","G-1A Starfighter","small","BaseToken",True,"review",5,98,"high","generated","AST-BE667A63CAECCBCC","assets/generated/PilotBaseToken/scumandvillainy/protectoratestarfighter/concorddawnace__pilot-f20e3c22e49d.png","ship alias 'starfighter' in path; token/base image"
"SHIP-49D60C615280","g1astarfighter","G-1A Starfighter","small","BaseToken",True,"review",6,98,"high","generated","AST-E9BFF1EC5B566DD4","assets/generated/PilotBaseToken/scumandvillainy/protectoratestarfighter/concorddawnveteran__pilot-f98f18cc6d4d.png","ship alias 'starfighter' in path; token/base image"
"SHIP-49D60C615280","g1astarfighter","G-1A Starfighter","small","BaseToken",True,"review",7,98,"high","generated","AST-6610A146A99123A9","assets/generated/PilotBaseToken/scumandvillainy/protectoratestarfighter/fennrau__pilot-23c52d18fcc8.png","ship alias 'starfighter' in path; token/base image"
"SHIP-49D60C615280","g1astarfighter","G-1A Starfighter","small","BaseToken",True,"review",8,98,"high","generated","AST-4B37FDD608BA493C","assets/generated/PilotBaseToken/scumandvillainy/protectoratestarfighter/kadsolus__pilot-6be5fcd8cd1a.png","ship alias 'starfighter' in path; token/base image"
"SHIP-49D60C615280","g1astarfighter","G-1A Starfighter","small","DialTexture",True,"review",1,100,"high","generated","AST-AA81BA1CDA121E2F","assets/generated/FirstEditionDialTexture/scumandvillainy/g1astarfighter__dial-aa81ba1cda12.png","ship alias 'g-1a starfighter' in path; dial image"
"SHIP-49D60C615280","g1astarfighter","G-1A Starfighter","small","DialTexture",True,"review",2,100,"high","generated","AST-1DA4E16BCB7F7932","assets/generated/FirstEditionDialTexture/scumandvillainy/protectoratestarfighter__dial-1da4e16bcb7f.png","ship alias 'starfighter' in path; dial image"
"SHIP-49D60C615280","g1astarfighter","G-1A Starfighter","small","DialTexture",True,"review",3,100,"high","first-edition-dials","AST-2764F20183D13C51","assets/source/first-edition-dials/scumandvillainy/g1astarfighter.jpg","ship alias 'g-1a starfighter' in path; dial image"
"SHIP-49D60C615280","g1astarfighter","G-1A Starfighter","small","DialTexture",True,"review",4,100,"high","first-edition-dials","AST-FED00C5B803493C4","assets/source/first-edition-dials/scumandvillainy/protectoratestarfighter.jpg","ship alias 'starfighter' in path; dial image"
"SHIP-49D60C615280","g1astarfighter","G-1A Starfighter","small","DialTexture",True,"review",5,78,"medium","unified25","AST-7C9E80BE6B557BC0","assets/source/unified25/assets/ships-v2/medium/arc170starfighter/Icon.png","ship alias 'starfighter' in path; ships-v2 location"
"SHIP-49D60C615280","g1astarfighter","G-1A Starfighter","small","DialTexture",True,"review",6,78,"medium","unified25","AST-46E5080D15A965A3","assets/source/unified25/assets/ships-v2/medium/arc170starfighter/Textures/black.jpg","ship alias 'starfighter' in path; ships-v2 location"
"SHIP-49D60C615280","g1astarfighter","G-1A Starfighter","small","DialTexture",True,"review",7,78,"medium","unified25","AST-478474BB3B5771A4","assets/source/unified25/assets/ships-v2/medium/arc170starfighter/Textures/rebel.jpg","ship alias 'starfighter' in path; ships-v2 location"
"SHIP-49D60C615280","g1astarfighter","G-1A Starfighter","small","DialTexture",True,"review",8,78,"medium","unified25","AST-5F25DE37EE42049F","assets/source/unified25/assets/ships-v2/medium/arc170starfighter/Textures/rebel.png","ship alias 'starfighter' in path; ships-v2 location"
"SHIP-49D60C615280","g1astarfighter","G-1A Starfighter","small","DialModel",False,"review",1,78,"medium","unified25","AST-FD504231CBB3C56A","assets/source/unified25/assets/ships-v2/medium/arc170starfighter/arc.obj","ship alias 'starfighter' in path; ships-v2 location"
"SHIP-49D60C615280","g1astarfighter","G-1A Starfighter","small","DialModel",False,"review",2,78,"medium","unified25","AST-22723AB2C5C4389B","assets/source/unified25/assets/ships-v2/medium/arc170starfighter/arc170.obj","ship alias 'starfighter' in path; ships-v2 location"
"SHIP-49D60C615280","g1astarfighter","G-1A Starfighter","small","DialModel",False,"review",3,78,"medium","unified25","AST-023D520F53F02178","assets/source/unified25/assets/ships-v2/medium/g1astarfighter/g1a.obj","ship alias 'g-1a starfighter' in path; ships-v2 location"
"SHIP-49D60C615280","g1astarfighter","G-1A Starfighter","small","DialModel",False,"review",4,78,"medium","unified25","AST-E2D271D62171E063","assets/source/unified25/assets/ships-v2/small/belbulab22starfighter/Belbullab.obj","ship alias 'starfighter' in path; ships-v2 location"
"SHIP-49D60C615280","g1astarfighter","G-1A Starfighter","small","DialModel",False,"review",5,78,"medium","unified25","AST-1124BCC0C29F0A3B","assets/source/unified25/assets/ships-v2/small/belbulab22starfighter/Belbullab1.obj","ship alias 'starfighter' in path; ships-v2 location"
"SHIP-49D60C615280","g1astarfighter","G-1A Starfighter","small","DialModel",False,"review",6,78,"medium","unified25","AST-A13E9F374748694B","assets/source/unified25/assets/ships-v2/small/nabooroyaln1starfighter/MandoN1.obj","ship alias 'starfighter' in path; ships-v2 location"
"SHIP-49D60C615280","g1astarfighter","G-1A Starfighter","small","DialModel",False,"review",7,78,"medium","unified25","AST-274907631B13A2DC","assets/source/unified25/assets/ships-v2/small/nabooroyaln1starfighter/N1.obj","ship alias 'starfighter' in path; ships-v2 location"
"SHIP-49D60C615280","g1astarfighter","G-1A Starfighter","small","DialModel",False,"review",8,78,"medium","unified25","AST-D5A2E07292D273B5","assets/source/unified25/assets/ships-v2/small/nabooroyaln1starfighter/Naboo_Royal_N1.obj","ship alias 'starfighter' in path; ships-v2 location"
"SHIP-49D60C615280","g1astarfighter","G-1A Starfighter","small","ShipScript",False,"missing",,,,,,,
"SHIP-97FC566A27A9","gozanticlasscruiser","Gozanti-class Cruiser","epic","ShipModel",True,"review",1,100,"high","unified25","AST-9B41135F1EEF7380","assets/source/unified25/assets/ships-v2/huge/gozanticlasscruiser/gozanti.obj","ship alias 'gozanti-class cruiser' in path; ships-v2 location; OBJ model"
"SHIP-97FC566A27A9","gozanticlasscruiser","Gozanti-class Cruiser","epic","ShipModel",True,"review",2,100,"high","unified25","AST-5228B5631F7AE1D3","assets/source/unified25/assets/ships/Huge/Gozanti-Class Cruiser/Gozanti-Class Cruiser.obj","ship alias 'gozanti-class cruiser' in path; ships location; OBJ model"
"SHIP-97FC566A27A9","gozanticlasscruiser","Gozanti-class Cruiser","epic","ShipModel",True,"review",3,88,"high","unified25","AST-0F22B23F6F4F406E","assets/source/unified25/assets/ships-v2/huge/croccruiser/croc.obj","ship alias 'cruiser' in path; ships-v2 location; OBJ model"
"SHIP-97FC566A27A9","gozanticlasscruiser","Gozanti-class Cruiser","epic","ShipModel",True,"review",4,86,"high","unified25","AST-E9B0E9F964A90008","assets/source/unified25/assets/ships/Huge/CR0C/CR0C Cruiser.obj","ship alias 'cruiser' in path; ships location; OBJ model"
"SHIP-97FC566A27A9","gozanticlasscruiser","Gozanti-class Cruiser","epic","ShipTexture",True,"review",1,100,"high","unified25","AST-A3C58F916BBE6CB7","assets/source/unified25/assets/ships-v2/huge/gozanticlasscruiser/icon.png","ship alias 'gozanti-class cruiser' in path; ships-v2 location; ship image/texture"
"SHIP-97FC566A27A9","gozanticlasscruiser","Gozanti-class Cruiser","epic","ShipTexture",True,"review",2,100,"high","unified25","AST-186FA3DAA94B0FCD","assets/source/unified25/assets/ships-v2/huge/gozanticlasscruiser/Textures/standard.jpg","ship alias 'gozanti-class cruiser' in path; ships-v2 location; ship image/texture"
"SHIP-97FC566A27A9","gozanticlasscruiser","Gozanti-class Cruiser","epic","ShipTexture",True,"review",3,98,"high","unified25","AST-8F623857533BFD7C","assets/source/unified25/assets/ships/Huge/Gozanti-Class Cruiser/FO Sympthizers.png","ship alias 'gozanti-class cruiser' in path; ships location; ship image/texture"
"SHIP-97FC566A27A9","gozanticlasscruiser","Gozanti-class Cruiser","epic","ShipTexture",True,"review",4,98,"high","unified25","AST-ECCC8FBA3C155E4F","assets/source/unified25/assets/ships/Huge/Gozanti-Class Cruiser/Gozanti-Class Cruiser.png","ship alias 'gozanti-class cruiser' in path; ships location; ship image/texture"
"SHIP-97FC566A27A9","gozanticlasscruiser","Gozanti-class Cruiser","epic","ShipTexture",True,"review",5,85,"high","unified25","AST-5B6E32FBAFCC76ED","assets/source/unified25/assets/ships-v2/huge/croccruiser/icon.png","ship alias 'cruiser' in path; ships-v2 location; ship image/texture"
"SHIP-97FC566A27A9","gozanticlasscruiser","Gozanti-class Cruiser","epic","ShipTexture",True,"review",6,85,"high","unified25","AST-587E11632BC03CFE","assets/source/unified25/assets/ships-v2/huge/croccruiser/Textures/standard.jpg","ship alias 'cruiser' in path; ships-v2 location; ship image/texture"
"SHIP-97FC566A27A9","gozanticlasscruiser","Gozanti-class Cruiser","epic","ShipTexture",True,"review",7,70,"medium","xwing-data","AST-863064460B34A0E9","assets/source/xwing-data/images/pilots/Galactic Empire/Gozanti-class Cruiser/gozanti-class-cruiser.png","ship alias 'gozanti-class cruiser' in path"
"SHIP-97FC566A27A9","gozanticlasscruiser","Gozanti-class Cruiser","epic","ShipTexture",True,"review",8,55,"low","xwing-data","AST-C77BA0CEA7DFF6EC","assets/source/xwing-data/images/pilots/Scum and Villainy/C-ROC Cruiser/c-roc-cruiser.png","ship alias 'cruiser' in path"
"SHIP-97FC566A27A9","gozanticlasscruiser","Gozanti-class Cruiser","epic","BaseToken",True,"review",1,78,"medium","unified25","AST-A3C58F916BBE6CB7","assets/source/unified25/assets/ships-v2/huge/gozanticlasscruiser/icon.png","ship alias 'gozanti-class cruiser' in path; ships-v2 location"
"SHIP-97FC566A27A9","gozanticlasscruiser","Gozanti-class Cruiser","epic","BaseToken",True,"review",2,78,"medium","unified25","AST-186FA3DAA94B0FCD","assets/source/unified25/assets/ships-v2/huge/gozanticlasscruiser/Textures/standard.jpg","ship alias 'gozanti-class cruiser' in path; ships-v2 location"
"SHIP-97FC566A27A9","gozanticlasscruiser","Gozanti-class Cruiser","epic","BaseToken",True,"review",3,76,"medium","unified25","AST-8F623857533BFD7C","assets/source/unified25/assets/ships/Huge/Gozanti-Class Cruiser/FO Sympthizers.png","ship alias 'gozanti-class cruiser' in path; ships location"
"SHIP-97FC566A27A9","gozanticlasscruiser","Gozanti-class Cruiser","epic","BaseToken",True,"review",4,76,"medium","unified25","AST-ECCC8FBA3C155E4F","assets/source/unified25/assets/ships/Huge/Gozanti-Class Cruiser/Gozanti-Class Cruiser.png","ship alias 'gozanti-class cruiser' in path; ships location"
"SHIP-97FC566A27A9","gozanticlasscruiser","Gozanti-class Cruiser","epic","BaseToken",True,"review",5,70,"medium","xwing-data","AST-863064460B34A0E9","assets/source/xwing-data/images/pilots/Galactic Empire/Gozanti-class Cruiser/gozanti-class-cruiser.png","ship alias 'gozanti-class cruiser' in path"
"SHIP-97FC566A27A9","gozanticlasscruiser","Gozanti-class Cruiser","epic","BaseToken",True,"review",6,63,"medium","unified25","AST-5B6E32FBAFCC76ED","assets/source/unified25/assets/ships-v2/huge/croccruiser/icon.png","ship alias 'cruiser' in path; ships-v2 location"
"SHIP-97FC566A27A9","gozanticlasscruiser","Gozanti-class Cruiser","epic","BaseToken",True,"review",7,63,"medium","unified25","AST-587E11632BC03CFE","assets/source/unified25/assets/ships-v2/huge/croccruiser/Textures/standard.jpg","ship alias 'cruiser' in path; ships-v2 location"
"SHIP-97FC566A27A9","gozanticlasscruiser","Gozanti-class Cruiser","epic","BaseToken",True,"review",8,55,"low","xwing-data","AST-C77BA0CEA7DFF6EC","assets/source/xwing-data/images/pilots/Scum and Villainy/C-ROC Cruiser/c-roc-cruiser.png","ship alias 'cruiser' in path"
"SHIP-97FC566A27A9","gozanticlasscruiser","Gozanti-class Cruiser","epic","DialTexture",True,"review",1,78,"medium","unified25","AST-A3C58F916BBE6CB7","assets/source/unified25/assets/ships-v2/huge/gozanticlasscruiser/icon.png","ship alias 'gozanti-class cruiser' in path; ships-v2 location"
"SHIP-97FC566A27A9","gozanticlasscruiser","Gozanti-class Cruiser","epic","DialTexture",True,"review",2,78,"medium","unified25","AST-186FA3DAA94B0FCD","assets/source/unified25/assets/ships-v2/huge/gozanticlasscruiser/Textures/standard.jpg","ship alias 'gozanti-class cruiser' in path; ships-v2 location"
"SHIP-97FC566A27A9","gozanticlasscruiser","Gozanti-class Cruiser","epic","DialTexture",True,"review",3,76,"medium","unified25","AST-8F623857533BFD7C","assets/source/unified25/assets/ships/Huge/Gozanti-Class Cruiser/FO Sympthizers.png","ship alias 'gozanti-class cruiser' in path; ships location"
"SHIP-97FC566A27A9","gozanticlasscruiser","Gozanti-class Cruiser","epic","DialTexture",True,"review",4,76,"medium","unified25","AST-ECCC8FBA3C155E4F","assets/source/unified25/assets/ships/Huge/Gozanti-Class Cruiser/Gozanti-Class Cruiser.png","ship alias 'gozanti-class cruiser' in path; ships location"
"SHIP-97FC566A27A9","gozanticlasscruiser","Gozanti-class Cruiser","epic","DialTexture",True,"review",5,70,"medium","xwing-data","AST-863064460B34A0E9","assets/source/xwing-data/images/pilots/Galactic Empire/Gozanti-class Cruiser/gozanti-class-cruiser.png","ship alias 'gozanti-class cruiser' in path"
"SHIP-97FC566A27A9","gozanticlasscruiser","Gozanti-class Cruiser","epic","DialTexture",True,"review",6,63,"medium","unified25","AST-5B6E32FBAFCC76ED","assets/source/unified25/assets/ships-v2/huge/croccruiser/icon.png","ship alias 'cruiser' in path; ships-v2 location"
"SHIP-97FC566A27A9","gozanticlasscruiser","Gozanti-class Cruiser","epic","DialTexture",True,"review",7,63,"medium","unified25","AST-587E11632BC03CFE","assets/source/unified25/assets/ships-v2/huge/croccruiser/Textures/standard.jpg","ship alias 'cruiser' in path; ships-v2 location"
"SHIP-97FC566A27A9","gozanticlasscruiser","Gozanti-class Cruiser","epic","DialTexture",True,"review",8,55,"low","xwing-data","AST-C77BA0CEA7DFF6EC","assets/source/xwing-data/images/pilots/Scum and Villainy/C-ROC Cruiser/c-roc-cruiser.png","ship alias 'cruiser' in path"
"SHIP-97FC566A27A9","gozanticlasscruiser","Gozanti-class Cruiser","epic","DialModel",False,"review",1,78,"medium","unified25","AST-9B41135F1EEF7380","assets/source/unified25/assets/ships-v2/huge/gozanticlasscruiser/gozanti.obj","ship alias 'gozanti-class cruiser' in path; ships-v2 location"
"SHIP-97FC566A27A9","gozanticlasscruiser","Gozanti-class Cruiser","epic","DialModel",False,"review",2,76,"medium","unified25","AST-5228B5631F7AE1D3","assets/source/unified25/assets/ships/Huge/Gozanti-Class Cruiser/Gozanti-Class Cruiser.obj","ship alias 'gozanti-class cruiser' in path; ships location"
"SHIP-97FC566A27A9","gozanticlasscruiser","Gozanti-class Cruiser","epic","DialModel",False,"review",3,63,"medium","unified25","AST-0F22B23F6F4F406E","assets/source/unified25/assets/ships-v2/huge/croccruiser/croc.obj","ship alias 'cruiser' in path; ships-v2 location"
"SHIP-97FC566A27A9","gozanticlasscruiser","Gozanti-class Cruiser","epic","DialModel",False,"review",4,61,"medium","unified25","AST-E9B0E9F964A90008","assets/source/unified25/assets/ships/Huge/CR0C/CR0C Cruiser.obj","ship alias 'cruiser' in path; ships location"
"SHIP-97FC566A27A9","gozanticlasscruiser","Gozanti-class Cruiser","epic","ShipScript",False,"missing",,,,,,,
"SHIP-2EDA4729AD4F","gr75mediumtransport","GR-75 Medium Transport","epic","ShipModel",True,"clear",1,100,"high","unified25","AST-BC14A915D3DA2D61","assets/source/unified25/assets/ships-v2/huge/gr75mediumtransport/gr75.obj","ship alias 'gr-75 medium transport' in path; ships-v2 location; OBJ model"
"SHIP-2EDA4729AD4F","gr75mediumtransport","GR-75 Medium Transport","epic","ShipModel",True,"clear",2,88,"high","unified25","AST-60F8E47534E3DAC8","assets/source/unified25/assets/ships-v2/bases/medium/base.obj","ship alias 'medium' in path; ships-v2 location; OBJ model"
"SHIP-2EDA4729AD4F","gr75mediumtransport","GR-75 Medium Transport","epic","ShipModel",True,"clear",3,88,"high","unified25","AST-4E61A2C7A672DFEF","assets/source/unified25/assets/ships-v2/bases/pegs/medium.obj","ship alias 'medium' in path; ships-v2 location; OBJ model"
"SHIP-2EDA4729AD4F","gr75mediumtransport","GR-75 Medium Transport","epic","ShipModel",True,"clear",4,88,"high","unified25","AST-312C95D86055232C","assets/source/unified25/assets/ships-v2/medium/aggressorassaultfighter/aggressor.obj","ship alias 'medium' in path; ships-v2 location; OBJ model"
"SHIP-2EDA4729AD4F","gr75mediumtransport","GR-75 Medium Transport","epic","ShipModel",True,"clear",5,88,"high","unified25","AST-FD504231CBB3C56A","assets/source/unified25/assets/ships-v2/medium/arc170starfighter/arc.obj","ship alias 'medium' in path; ships-v2 location; OBJ model"
"SHIP-2EDA4729AD4F","gr75mediumtransport","GR-75 Medium Transport","epic","ShipModel",True,"clear",6,88,"high","unified25","AST-22723AB2C5C4389B","assets/source/unified25/assets/ships-v2/medium/arc170starfighter/arc170.obj","ship alias 'medium' in path; ships-v2 location; OBJ model"
"SHIP-2EDA4729AD4F","gr75mediumtransport","GR-75 Medium Transport","epic","ShipModel",True,"clear",7,88,"high","unified25","AST-ACA05A0DA470B6F4","assets/source/unified25/assets/ships-v2/medium/btls8kwing/kwing.obj","ship alias 'medium' in path; ships-v2 location; OBJ model"
"SHIP-2EDA4729AD4F","gr75mediumtransport","GR-75 Medium Transport","epic","ShipModel",True,"clear",8,88,"high","unified25","AST-069F572272E201A4","assets/source/unified25/assets/ships-v2/medium/firesprayclasspatrolcraft/firespray.obj","ship alias 'medium' in path; ships-v2 location; OBJ model"
"SHIP-2EDA4729AD4F","gr75mediumtransport","GR-75 Medium Transport","epic","ShipTexture",True,"review",1,100,"high","unified25","AST-EDF14574613598BA","assets/source/unified25/assets/ships-v2/huge/gr75mediumtransport/icon.png","ship alias 'gr-75 medium transport' in path; ships-v2 location; ship image/texture"
"SHIP-2EDA4729AD4F","gr75mediumtransport","GR-75 Medium Transport","epic","ShipTexture",True,"review",2,100,"high","unified25","AST-BE5242272F848E50","assets/source/unified25/assets/ships-v2/huge/gr75mediumtransport/Textures/standard.jpg","ship alias 'gr-75 medium transport' in path; ships-v2 location; ship image/texture"
"SHIP-2EDA4729AD4F","gr75mediumtransport","GR-75 Medium Transport","epic","ShipTexture",True,"review",3,85,"high","unified25","AST-EDC62C487C8BCC5B","assets/source/unified25/assets/ships-v2/bases/medium/front/empire.png","ship alias 'medium' in path; ships-v2 location; ship image/texture"
"SHIP-2EDA4729AD4F","gr75mediumtransport","GR-75 Medium Transport","epic","ShipTexture",True,"review",4,85,"high","unified25","AST-06F7D9ED41859DDC","assets/source/unified25/assets/ships-v2/bases/medium/front/first-order.png","ship alias 'medium' in path; ships-v2 location; ship image/texture"
"SHIP-2EDA4729AD4F","gr75mediumtransport","GR-75 Medium Transport","epic","ShipTexture",True,"review",5,85,"high","unified25","AST-2B6C7B81B97023BF","assets/source/unified25/assets/ships-v2/bases/medium/front/rebel.png","ship alias 'medium' in path; ships-v2 location; ship image/texture"
"SHIP-2EDA4729AD4F","gr75mediumtransport","GR-75 Medium Transport","epic","ShipTexture",True,"review",6,85,"high","unified25","AST-9BC0F99B709FD4C9","assets/source/unified25/assets/ships-v2/bases/medium/front/republic.png","ship alias 'medium' in path; ships-v2 location; ship image/texture"
"SHIP-2EDA4729AD4F","gr75mediumtransport","GR-75 Medium Transport","epic","ShipTexture",True,"review",7,85,"high","unified25","AST-B09AB8320E1D1033","assets/source/unified25/assets/ships-v2/bases/medium/front/resistance.png","ship alias 'medium' in path; ships-v2 location; ship image/texture"
"SHIP-2EDA4729AD4F","gr75mediumtransport","GR-75 Medium Transport","epic","ShipTexture",True,"review",8,85,"high","unified25","AST-274058906459B476","assets/source/unified25/assets/ships-v2/bases/medium/front/scum.png","ship alias 'medium' in path; ships-v2 location; ship image/texture"
"SHIP-2EDA4729AD4F","gr75mediumtransport","GR-75 Medium Transport","epic","BaseToken",True,"review",1,91,"high","unified25","AST-EDC62C487C8BCC5B","assets/source/unified25/assets/ships-v2/bases/medium/front/empire.png","ship alias 'medium' in path; ships-v2 location; token/base image"
"SHIP-2EDA4729AD4F","gr75mediumtransport","GR-75 Medium Transport","epic","BaseToken",True,"review",2,91,"high","unified25","AST-06F7D9ED41859DDC","assets/source/unified25/assets/ships-v2/bases/medium/front/first-order.png","ship alias 'medium' in path; ships-v2 location; token/base image"
"SHIP-2EDA4729AD4F","gr75mediumtransport","GR-75 Medium Transport","epic","BaseToken",True,"review",3,91,"high","unified25","AST-2B6C7B81B97023BF","assets/source/unified25/assets/ships-v2/bases/medium/front/rebel.png","ship alias 'medium' in path; ships-v2 location; token/base image"
"SHIP-2EDA4729AD4F","gr75mediumtransport","GR-75 Medium Transport","epic","BaseToken",True,"review",4,91,"high","unified25","AST-9BC0F99B709FD4C9","assets/source/unified25/assets/ships-v2/bases/medium/front/republic.png","ship alias 'medium' in path; ships-v2 location; token/base image"
"SHIP-2EDA4729AD4F","gr75mediumtransport","GR-75 Medium Transport","epic","BaseToken",True,"review",5,91,"high","unified25","AST-B09AB8320E1D1033","assets/source/unified25/assets/ships-v2/bases/medium/front/resistance.png","ship alias 'medium' in path; ships-v2 location; token/base image"
"SHIP-2EDA4729AD4F","gr75mediumtransport","GR-75 Medium Transport","epic","BaseToken",True,"review",6,91,"high","unified25","AST-274058906459B476","assets/source/unified25/assets/ships-v2/bases/medium/front/scum.png","ship alias 'medium' in path; ships-v2 location; token/base image"
"SHIP-2EDA4729AD4F","gr75mediumtransport","GR-75 Medium Transport","epic","BaseToken",True,"review",7,91,"high","unified25","AST-604789FD6FA5C6D3","assets/source/unified25/assets/ships-v2/bases/medium/front/separatists.png","ship alias 'medium' in path; ships-v2 location; token/base image"
"SHIP-2EDA4729AD4F","gr75mediumtransport","GR-75 Medium Transport","epic","BaseToken",True,"review",8,91,"high","unified25","AST-69D08EF2F376B596","assets/source/unified25/assets/ships-v2/bases/medium/frontback/empire.png","ship alias 'medium' in path; ships-v2 location; token/base image"
"SHIP-2EDA4729AD4F","gr75mediumtransport","GR-75 Medium Transport","epic","DialTexture",True,"review",1,78,"medium","unified25","AST-EDF14574613598BA","assets/source/unified25/assets/ships-v2/huge/gr75mediumtransport/icon.png","ship alias 'gr-75 medium transport' in path; ships-v2 location"
"SHIP-2EDA4729AD4F","gr75mediumtransport","GR-75 Medium Transport","epic","DialTexture",True,"review",2,78,"medium","unified25","AST-BE5242272F848E50","assets/source/unified25/assets/ships-v2/huge/gr75mediumtransport/Textures/standard.jpg","ship alias 'gr-75 medium transport' in path; ships-v2 location"
"SHIP-2EDA4729AD4F","gr75mediumtransport","GR-75 Medium Transport","epic","DialTexture",True,"review",3,70,"medium","xwing-data","AST-DE9CE9C7E3082C50","assets/source/xwing-data/images/pilots/Rebel Alliance/GR-75 Medium Transport/gr-75-medium-transport.png","ship alias 'gr-75 medium transport' in path"
"SHIP-2EDA4729AD4F","gr75mediumtransport","GR-75 Medium Transport","epic","DialTexture",True,"review",4,63,"medium","unified25","AST-EDC62C487C8BCC5B","assets/source/unified25/assets/ships-v2/bases/medium/front/empire.png","ship alias 'medium' in path; ships-v2 location"
"SHIP-2EDA4729AD4F","gr75mediumtransport","GR-75 Medium Transport","epic","DialTexture",True,"review",5,63,"medium","unified25","AST-06F7D9ED41859DDC","assets/source/unified25/assets/ships-v2/bases/medium/front/first-order.png","ship alias 'medium' in path; ships-v2 location"
"SHIP-2EDA4729AD4F","gr75mediumtransport","GR-75 Medium Transport","epic","DialTexture",True,"review",6,63,"medium","unified25","AST-2B6C7B81B97023BF","assets/source/unified25/assets/ships-v2/bases/medium/front/rebel.png","ship alias 'medium' in path; ships-v2 location"
"SHIP-2EDA4729AD4F","gr75mediumtransport","GR-75 Medium Transport","epic","DialTexture",True,"review",7,63,"medium","unified25","AST-9BC0F99B709FD4C9","assets/source/unified25/assets/ships-v2/bases/medium/front/republic.png","ship alias 'medium' in path; ships-v2 location"
"SHIP-2EDA4729AD4F","gr75mediumtransport","GR-75 Medium Transport","epic","DialTexture",True,"review",8,63,"medium","unified25","AST-B09AB8320E1D1033","assets/source/unified25/assets/ships-v2/bases/medium/front/resistance.png","ship alias 'medium' in path; ships-v2 location"
"SHIP-2EDA4729AD4F","gr75mediumtransport","GR-75 Medium Transport","epic","DialModel",False,"review",1,78,"medium","unified25","AST-BC14A915D3DA2D61","assets/source/unified25/assets/ships-v2/huge/gr75mediumtransport/gr75.obj","ship alias 'gr-75 medium transport' in path; ships-v2 location"
"SHIP-2EDA4729AD4F","gr75mediumtransport","GR-75 Medium Transport","epic","DialModel",False,"review",2,63,"medium","unified25","AST-60F8E47534E3DAC8","assets/source/unified25/assets/ships-v2/bases/medium/base.obj","ship alias 'medium' in path; ships-v2 location"
"SHIP-2EDA4729AD4F","gr75mediumtransport","GR-75 Medium Transport","epic","DialModel",False,"review",3,63,"medium","unified25","AST-4E61A2C7A672DFEF","assets/source/unified25/assets/ships-v2/bases/pegs/medium.obj","ship alias 'medium' in path; ships-v2 location"
"SHIP-2EDA4729AD4F","gr75mediumtransport","GR-75 Medium Transport","epic","DialModel",False,"review",4,63,"medium","unified25","AST-312C95D86055232C","assets/source/unified25/assets/ships-v2/medium/aggressorassaultfighter/aggressor.obj","ship alias 'medium' in path; ships-v2 location"
"SHIP-2EDA4729AD4F","gr75mediumtransport","GR-75 Medium Transport","epic","DialModel",False,"review",5,63,"medium","unified25","AST-FD504231CBB3C56A","assets/source/unified25/assets/ships-v2/medium/arc170starfighter/arc.obj","ship alias 'medium' in path; ships-v2 location"
"SHIP-2EDA4729AD4F","gr75mediumtransport","GR-75 Medium Transport","epic","DialModel",False,"review",6,63,"medium","unified25","AST-22723AB2C5C4389B","assets/source/unified25/assets/ships-v2/medium/arc170starfighter/arc170.obj","ship alias 'medium' in path; ships-v2 location"
"SHIP-2EDA4729AD4F","gr75mediumtransport","GR-75 Medium Transport","epic","DialModel",False,"review",7,63,"medium","unified25","AST-ACA05A0DA470B6F4","assets/source/unified25/assets/ships-v2/medium/btls8kwing/kwing.obj","ship alias 'medium' in path; ships-v2 location"
"SHIP-2EDA4729AD4F","gr75mediumtransport","GR-75 Medium Transport","epic","DialModel",False,"review",8,63,"medium","unified25","AST-069F572272E201A4","assets/source/unified25/assets/ships-v2/medium/firesprayclasspatrolcraft/firespray.obj","ship alias 'medium' in path; ships-v2 location"
"SHIP-2EDA4729AD4F","gr75mediumtransport","GR-75 Medium Transport","epic","ShipScript",False,"review",1,75,"medium","unified25","AST-9D351BD1C164AAE3","assets/source/unified25/TTS_xwing/src/Game/HotAC/Setup/TransportFreighter.lua","ship alias 'transport' in path; Lua script"
"SHIP-A66B6C1926C9","hwk290","HWK-290","small","ShipModel",True,"review",1,100,"high","unified25","AST-2259871A23C1D545","assets/source/unified25/assets/ships-v2/small/hwk290lightfreighter/hwk.obj","ship alias 'hwk290lightfreighter' in path; ships-v2 location; OBJ model"
"SHIP-A66B6C1926C9","hwk290","HWK-290","small","ShipModel",True,"review",2,100,"high","unified25","AST-BDC9C7741CA9D909","assets/source/unified25/assets/ships-v2/small/hwk290lightfreighter/hwkv2.obj","ship alias 'hwk290lightfreighter' in path; ships-v2 location; OBJ model"
"SHIP-A66B6C1926C9","hwk290","HWK-290","small","ShipTexture",True,"review",1,100,"high","unified25","AST-A94258B8FFB68B9C","assets/source/unified25/assets/ships-v2/small/hwk290lightfreighter/Icon.png","ship alias 'hwk290lightfreighter' in path; ships-v2 location; ship image/texture"
"SHIP-A66B6C1926C9","hwk290","HWK-290","small","ShipTexture",True,"review",2,100,"high","unified25","AST-AC0414722FF15D37","assets/source/unified25/assets/ships-v2/small/hwk290lightfreighter/Textures/1/black.jpg","ship alias 'hwk290lightfreighter' in path; ships-v2 location; ship image/texture"
"SHIP-A66B6C1926C9","hwk290","HWK-290","small","ShipTexture",True,"review",3,100,"high","unified25","AST-6479D7046D9310DC","assets/source/unified25/assets/ships-v2/small/hwk290lightfreighter/Textures/1/brown.jpg","ship alias 'hwk290lightfreighter' in path; ships-v2 location; ship image/texture"
"SHIP-A66B6C1926C9","hwk290","HWK-290","small","ShipTexture",True,"review",4,100,"high","unified25","AST-FBBC76846FD5A0EB","assets/source/unified25/assets/ships-v2/small/hwk290lightfreighter/Textures/1/kasmir.png","ship alias 'hwk290lightfreighter' in path; ships-v2 location; ship image/texture"
"SHIP-A66B6C1926C9","hwk290","HWK-290","small","ShipTexture",True,"review",5,100,"high","unified25","AST-EFA44B19E14F86A4","assets/source/unified25/assets/ships-v2/small/hwk290lightfreighter/Textures/1/kyber.jpg","ship alias 'hwk290lightfreighter' in path; ships-v2 location; ship image/texture"
"SHIP-A66B6C1926C9","hwk290","HWK-290","small","ShipTexture",True,"review",6,100,"high","unified25","AST-5899ED1954EDF411","assets/source/unified25/assets/ships-v2/small/hwk290lightfreighter/Textures/1/mytho.jpg","ship alias 'hwk290lightfreighter' in path; ships-v2 location; ship image/texture"
"SHIP-A66B6C1926C9","hwk290","HWK-290","small","ShipTexture",True,"review",7,100,"high","unified25","AST-FF1514925EA29A4C","assets/source/unified25/assets/ships-v2/small/hwk290lightfreighter/Textures/1/plain.jpg","ship alias 'hwk290lightfreighter' in path; ships-v2 location; ship image/texture"
"SHIP-A66B6C1926C9","hwk290","HWK-290","small","ShipTexture",True,"review",8,100,"high","unified25","AST-425F16FF6E412328","assets/source/unified25/assets/ships-v2/small/hwk290lightfreighter/Textures/1/white.jpg","ship alias 'hwk290lightfreighter' in path; ships-v2 location; ship image/texture"
"SHIP-A66B6C1926C9","hwk290","HWK-290","small","BaseToken",True,"review",1,83,"medium","generated","AST-1A4152584FED7D4A","assets/generated/PilotBaseToken/rebelalliance/hwk290/janors__pilot-f4184700d1da.png","ship alias 'hwk-290' in path; token/base image"
"SHIP-A66B6C1926C9","hwk290","HWK-290","small","BaseToken",True,"review",2,83,"medium","generated","AST-A9F840CE74143E7D","assets/generated/PilotBaseToken/rebelalliance/hwk290/kylekatarn__pilot-feef6d0da6d8.png","ship alias 'hwk-290' in path; token/base image"
"SHIP-A66B6C1926C9","hwk290","HWK-290","small","BaseToken",True,"review",3,83,"medium","generated","AST-1CFFFFA45931A169","assets/generated/PilotBaseToken/rebelalliance/hwk290/rebeloperative__pilot-4eca0bad4998.png","ship alias 'hwk-290' in path; token/base image"
"SHIP-A66B6C1926C9","hwk290","HWK-290","small","BaseToken",True,"review",4,83,"medium","generated","AST-AAF18A38F94153DB","assets/generated/PilotBaseToken/rebelalliance/hwk290/roarkgarnet__pilot-d90034f6dcc7.png","ship alias 'hwk-290' in path; token/base image"
"SHIP-A66B6C1926C9","hwk290","HWK-290","small","BaseToken",True,"review",5,83,"medium","generated","AST-FF1AC8B9384CF808","assets/generated/PilotBaseToken/scumandvillainy/hwk290/dacebonearm__pilot-5e5a8b3d8f0a.png","ship alias 'hwk-290' in path; token/base image"
"SHIP-A66B6C1926C9","hwk290","HWK-290","small","BaseToken",True,"review",6,83,"medium","generated","AST-510788FEC877FC6F","assets/generated/PilotBaseToken/scumandvillainy/hwk290/palobgodalhi__pilot-39582d5dad5c.png","ship alias 'hwk-290' in path; token/base image"
"SHIP-A66B6C1926C9","hwk290","HWK-290","small","BaseToken",True,"review",7,83,"medium","generated","AST-46FCC9D34245AE1A","assets/generated/PilotBaseToken/scumandvillainy/hwk290/spicerunner__pilot-3ea7ff41ab8a.png","ship alias 'hwk-290' in path; token/base image"
"SHIP-A66B6C1926C9","hwk290","HWK-290","small","BaseToken",True,"review",8,83,"medium","generated","AST-B31FFB5A64FF8750","assets/generated/PilotBaseToken/scumandvillainy/hwk290/torkilmux__pilot-3e3851496a42.png","ship alias 'hwk-290' in path; token/base image"
"SHIP-A66B6C1926C9","hwk290","HWK-290","small","DialTexture",True,"review",1,85,"high","generated","AST-ED0FF4E2CCEAA1EA","assets/generated/FirstEditionDialTexture/rebelalliance/hwk290__dial-ed0ff4e2ccea.png","ship alias 'hwk-290' in path; dial image"
"SHIP-A66B6C1926C9","hwk290","HWK-290","small","DialTexture",True,"review",2,85,"high","generated","AST-04CEBE59E29711D1","assets/generated/FirstEditionDialTexture/scumandvillainy/hwk290__dial-04cebe59e297.png","ship alias 'hwk-290' in path; dial image"
"SHIP-A66B6C1926C9","hwk290","HWK-290","small","DialTexture",True,"review",3,85,"high","first-edition-dials","AST-519FD87652E02F38","assets/source/first-edition-dials/rebelalliance/hwk290.jpg","ship alias 'hwk-290' in path; dial image"
"SHIP-A66B6C1926C9","hwk290","HWK-290","small","DialTexture",True,"review",4,85,"high","first-edition-dials","AST-2A9153CCB6120003","assets/source/first-edition-dials/scumandvillainy/hwk290.jpg","ship alias 'hwk-290' in path; dial image"
"SHIP-A66B6C1926C9","hwk290","HWK-290","small","DialTexture",True,"review",5,78,"medium","unified25","AST-A94258B8FFB68B9C","assets/source/unified25/assets/ships-v2/small/hwk290lightfreighter/Icon.png","ship alias 'hwk290lightfreighter' in path; ships-v2 location"
"SHIP-A66B6C1926C9","hwk290","HWK-290","small","DialTexture",True,"review",6,78,"medium","unified25","AST-AC0414722FF15D37","assets/source/unified25/assets/ships-v2/small/hwk290lightfreighter/Textures/1/black.jpg","ship alias 'hwk290lightfreighter' in path; ships-v2 location"
"SHIP-A66B6C1926C9","hwk290","HWK-290","small","DialTexture",True,"review",7,78,"medium","unified25","AST-6479D7046D9310DC","assets/source/unified25/assets/ships-v2/small/hwk290lightfreighter/Textures/1/brown.jpg","ship alias 'hwk290lightfreighter' in path; ships-v2 location"
"SHIP-A66B6C1926C9","hwk290","HWK-290","small","DialTexture",True,"review",8,78,"medium","unified25","AST-FBBC76846FD5A0EB","assets/source/unified25/assets/ships-v2/small/hwk290lightfreighter/Textures/1/kasmir.png","ship alias 'hwk290lightfreighter' in path; ships-v2 location"
"SHIP-A66B6C1926C9","hwk290","HWK-290","small","DialModel",False,"review",1,78,"medium","unified25","AST-2259871A23C1D545","assets/source/unified25/assets/ships-v2/small/hwk290lightfreighter/hwk.obj","ship alias 'hwk290lightfreighter' in path; ships-v2 location"
"SHIP-A66B6C1926C9","hwk290","HWK-290","small","DialModel",False,"review",2,78,"medium","unified25","AST-BDC9C7741CA9D909","assets/source/unified25/assets/ships-v2/small/hwk290lightfreighter/hwkv2.obj","ship alias 'hwk290lightfreighter' in path; ships-v2 location"
"SHIP-A66B6C1926C9","hwk290","HWK-290","small","ShipScript",False,"missing",,,,,,,
"SHIP-397CC9947450","jumpmaster5000","JumpMaster 5000","large","ShipModel",True,"review",1,100,"high","unified25","AST-4E1DCEF99057B37E","assets/source/unified25/assets/ships-v2/large/jumpmaster5000/jm2k.obj","ship alias 'jumpmaster 5000' in path; ships-v2 location; OBJ model"
"SHIP-397CC9947450","jumpmaster5000","JumpMaster 5000","large","ShipModel",True,"review",2,100,"high","unified25","AST-1BC4B9C061606360","assets/source/unified25/assets/ships-v2/large/jumpmaster5000/jumpmaster.obj","ship alias 'jumpmaster 5000' in path; ships-v2 location; OBJ model"
"SHIP-397CC9947450","jumpmaster5000","JumpMaster 5000","large","ShipModel",True,"review",3,100,"high","unified25","AST-74FEBFDF21498CF3","assets/source/unified25/assets/ships/Large/SCU_jumpmaster/jumpmaster.obj","ship alias 'jumpmaster' in path; ships location; OBJ model"
"SHIP-397CC9947450","jumpmaster5000","JumpMaster 5000","large","ShipTexture",True,"review",1,100,"high","unified25","AST-84919B29F7552815","assets/source/unified25/assets/ships-v2/large/jumpmaster5000/icon.png","ship alias 'jumpmaster 5000' in path; ships-v2 location; ship image/texture"
"SHIP-397CC9947450","jumpmaster5000","JumpMaster 5000","large","ShipTexture",True,"review",2,100,"high","unified25","AST-317D03B134787F7C","assets/source/unified25/assets/ships-v2/large/jumpmaster5000/Textures/nomlumb.jpg","ship alias 'jumpmaster 5000' in path; ships-v2 location; ship image/texture"
"SHIP-397CC9947450","jumpmaster5000","JumpMaster 5000","large","ShipTexture",True,"review",3,100,"high","unified25","AST-5ABA7B2FB1121445","assets/source/unified25/assets/ships-v2/large/jumpmaster5000/Textures/NomLumb.png","ship alias 'jumpmaster 5000' in path; ships-v2 location; ship image/texture"
"SHIP-397CC9947450","jumpmaster5000","JumpMaster 5000","large","ShipTexture",True,"review",4,100,"high","unified25","AST-7184DE9ECA067A49","assets/source/unified25/assets/ships-v2/large/jumpmaster5000/Textures/plain.jpg","ship alias 'jumpmaster 5000' in path; ships-v2 location; ship image/texture"
"SHIP-397CC9947450","jumpmaster5000","JumpMaster 5000","large","ShipTexture",True,"review",5,100,"high","unified25","AST-3AFBE50D2C20AF75","assets/source/unified25/assets/ships-v2/large/jumpmaster5000/Textures/scout.jpg","ship alias 'jumpmaster 5000' in path; ships-v2 location; ship image/texture"
"SHIP-397CC9947450","jumpmaster5000","JumpMaster 5000","large","ShipTexture",True,"review",6,100,"high","unified25","AST-AADF6ECE3A671EDF","assets/source/unified25/assets/ships-v2/large/jumpmaster5000/Textures/standard.jpg","ship alias 'jumpmaster 5000' in path; ships-v2 location; ship image/texture"
"SHIP-397CC9947450","jumpmaster5000","JumpMaster 5000","large","ShipTexture",True,"review",7,100,"high","unified25","AST-2FC059AD52EC792B","assets/source/unified25/assets/ships-v2/large/jumpmaster5000/Textures/standard.png","ship alias 'jumpmaster 5000' in path; ships-v2 location; ship image/texture"
"SHIP-397CC9947450","jumpmaster5000","JumpMaster 5000","large","ShipTexture",True,"review",8,100,"high","unified25","AST-A6AD14EE9F737AAE","assets/source/unified25/assets/ships-v2/large/jumpmaster5000/Textures/teltrevura.jpg","ship alias 'jumpmaster 5000' in path; ships-v2 location; ship image/texture"
"SHIP-397CC9947450","jumpmaster5000","JumpMaster 5000","large","BaseToken",True,"review",1,98,"high","generated","AST-C772A2B282C45E0B","assets/generated/PilotBaseToken/scumandvillainy/jumpmaster5000/contractedscout__pilot-d7e3af0c1a39.png","ship alias 'jumpmaster 5000' in path; token/base image"
"SHIP-397CC9947450","jumpmaster5000","JumpMaster 5000","large","BaseToken",True,"review",2,98,"high","generated","AST-6E32883C3BFB878B","assets/generated/PilotBaseToken/scumandvillainy/jumpmaster5000/dengar__pilot-e19eaee63e13.png","ship alias 'jumpmaster 5000' in path; token/base image"
"SHIP-397CC9947450","jumpmaster5000","JumpMaster 5000","large","BaseToken",True,"review",3,98,"high","generated","AST-5A8D29FDFD4D300B","assets/generated/PilotBaseToken/scumandvillainy/jumpmaster5000/manaroo__pilot-2ff8e40f2fb9.png","ship alias 'jumpmaster 5000' in path; token/base image"
"SHIP-397CC9947450","jumpmaster5000","JumpMaster 5000","large","BaseToken",True,"review",4,98,"high","generated","AST-0E0A089873E01183","assets/generated/PilotBaseToken/scumandvillainy/jumpmaster5000/teltrevura__pilot-fbbd2835af68.png","ship alias 'jumpmaster 5000' in path; token/base image"
"SHIP-397CC9947450","jumpmaster5000","JumpMaster 5000","large","BaseToken",True,"review",5,78,"medium","unified25","AST-84919B29F7552815","assets/source/unified25/assets/ships-v2/large/jumpmaster5000/icon.png","ship alias 'jumpmaster 5000' in path; ships-v2 location"
"SHIP-397CC9947450","jumpmaster5000","JumpMaster 5000","large","BaseToken",True,"review",6,78,"medium","unified25","AST-317D03B134787F7C","assets/source/unified25/assets/ships-v2/large/jumpmaster5000/Textures/nomlumb.jpg","ship alias 'jumpmaster 5000' in path; ships-v2 location"
"SHIP-397CC9947450","jumpmaster5000","JumpMaster 5000","large","BaseToken",True,"review",7,78,"medium","unified25","AST-5ABA7B2FB1121445","assets/source/unified25/assets/ships-v2/large/jumpmaster5000/Textures/NomLumb.png","ship alias 'jumpmaster 5000' in path; ships-v2 location"
"SHIP-397CC9947450","jumpmaster5000","JumpMaster 5000","large","BaseToken",True,"review",8,78,"medium","unified25","AST-7184DE9ECA067A49","assets/source/unified25/assets/ships-v2/large/jumpmaster5000/Textures/plain.jpg","ship alias 'jumpmaster 5000' in path; ships-v2 location"
"SHIP-397CC9947450","jumpmaster5000","JumpMaster 5000","large","DialTexture",True,"review",1,100,"high","generated","AST-05858FC90BADDE88","assets/generated/FirstEditionDialTexture/scumandvillainy/jumpmaster5000__dial-05858fc90bad.png","ship alias 'jumpmaster 5000' in path; dial image"
"SHIP-397CC9947450","jumpmaster5000","JumpMaster 5000","large","DialTexture",True,"review",2,100,"high","first-edition-dials","AST-FEA81BB4FD8D7259","assets/source/first-edition-dials/scumandvillainy/jumpmaster5000.jpg","ship alias 'jumpmaster 5000' in path; dial image"
"SHIP-397CC9947450","jumpmaster5000","JumpMaster 5000","large","DialTexture",True,"review",3,78,"medium","unified25","AST-84919B29F7552815","assets/source/unified25/assets/ships-v2/large/jumpmaster5000/icon.png","ship alias 'jumpmaster 5000' in path; ships-v2 location"
"SHIP-397CC9947450","jumpmaster5000","JumpMaster 5000","large","DialTexture",True,"review",4,78,"medium","unified25","AST-317D03B134787F7C","assets/source/unified25/assets/ships-v2/large/jumpmaster5000/Textures/nomlumb.jpg","ship alias 'jumpmaster 5000' in path; ships-v2 location"
"SHIP-397CC9947450","jumpmaster5000","JumpMaster 5000","large","DialTexture",True,"review",5,78,"medium","unified25","AST-5ABA7B2FB1121445","assets/source/unified25/assets/ships-v2/large/jumpmaster5000/Textures/NomLumb.png","ship alias 'jumpmaster 5000' in path; ships-v2 location"
"SHIP-397CC9947450","jumpmaster5000","JumpMaster 5000","large","DialTexture",True,"review",6,78,"medium","unified25","AST-7184DE9ECA067A49","assets/source/unified25/assets/ships-v2/large/jumpmaster5000/Textures/plain.jpg","ship alias 'jumpmaster 5000' in path; ships-v2 location"
"SHIP-397CC9947450","jumpmaster5000","JumpMaster 5000","large","DialTexture",True,"review",7,78,"medium","unified25","AST-3AFBE50D2C20AF75","assets/source/unified25/assets/ships-v2/large/jumpmaster5000/Textures/scout.jpg","ship alias 'jumpmaster 5000' in path; ships-v2 location"
"SHIP-397CC9947450","jumpmaster5000","JumpMaster 5000","large","DialTexture",True,"review",8,78,"medium","unified25","AST-AADF6ECE3A671EDF","assets/source/unified25/assets/ships-v2/large/jumpmaster5000/Textures/standard.jpg","ship alias 'jumpmaster 5000' in path; ships-v2 location"
"SHIP-397CC9947450","jumpmaster5000","JumpMaster 5000","large","DialModel",False,"review",1,78,"medium","unified25","AST-4E1DCEF99057B37E","assets/source/unified25/assets/ships-v2/large/jumpmaster5000/jm2k.obj","ship alias 'jumpmaster 5000' in path; ships-v2 location"
"SHIP-397CC9947450","jumpmaster5000","JumpMaster 5000","large","DialModel",False,"review",2,78,"medium","unified25","AST-1BC4B9C061606360","assets/source/unified25/assets/ships-v2/large/jumpmaster5000/jumpmaster.obj","ship alias 'jumpmaster 5000' in path; ships-v2 location"
"SHIP-397CC9947450","jumpmaster5000","JumpMaster 5000","large","DialModel",False,"review",3,76,"medium","unified25","AST-74FEBFDF21498CF3","assets/source/unified25/assets/ships/Large/SCU_jumpmaster/jumpmaster.obj","ship alias 'jumpmaster' in path; ships location"
"SHIP-397CC9947450","jumpmaster5000","JumpMaster 5000","large","ShipScript",False,"missing",,,,,,,
"SHIP-ED46D4F2614F","kwing","K-wing","small","ShipModel",True,"clear",1,100,"high","unified25","AST-ACA05A0DA470B6F4","assets/source/unified25/assets/ships-v2/medium/btls8kwing/kwing.obj","ship alias 'btls8kwing' in path; ships-v2 location; OBJ model"
"SHIP-ED46D4F2614F","kwing","K-wing","small","ShipModel",True,"clear",2,86,"high","unified25","AST-244640DFED1F55EC","assets/source/unified25/assets/ships/Medium/REB_kwing/kwing.obj","ship alias 'k-wing' in path; ships location; OBJ model"
"SHIP-ED46D4F2614F","kwing","K-wing","small","ShipTexture",True,"review",1,100,"high","unified25","AST-58A18CDFD30DAFD6","assets/source/unified25/assets/ships-v2/medium/btls8kwing/Icon.png","ship alias 'btls8kwing' in path; ships-v2 location; ship image/texture"
"SHIP-ED46D4F2614F","kwing","K-wing","small","ShipTexture",True,"review",2,100,"high","unified25","AST-42E08B55DC985627","assets/source/unified25/assets/ships-v2/medium/btls8kwing/Textures/EsegeTuketu.png","ship alias 'btls8kwing' in path; ships-v2 location; ship image/texture"
"SHIP-ED46D4F2614F","kwing","K-wing","small","ShipTexture",True,"review",3,100,"high","unified25","AST-BD2BBC8D4173484B","assets/source/unified25/assets/ships-v2/medium/btls8kwing/Textures/MirandaDoni.png","ship alias 'btls8kwing' in path; ships-v2 location; ship image/texture"
"SHIP-ED46D4F2614F","kwing","K-wing","small","ShipTexture",True,"review",4,100,"high","unified25","AST-23A4A323B7E0F403","assets/source/unified25/assets/ships-v2/medium/btls8kwing/Textures/standard.png","ship alias 'btls8kwing' in path; ships-v2 location; ship image/texture"
"SHIP-ED46D4F2614F","kwing","K-wing","small","ShipTexture",True,"review",5,98,"high","unified25","AST-72D9EDF039E367F1","assets/source/unified25/assets/ships/Rebel/BTLS8KWing/esegetuketu.png","ship alias 'btls8kwing' in path; ships location; ship image/texture"
"SHIP-ED46D4F2614F","kwing","K-wing","small","ShipTexture",True,"review",6,98,"high","unified25","AST-12F03CA29943FD3D","assets/source/unified25/assets/ships/Rebel/BTLS8KWing/mirandadoni.png","ship alias 'btls8kwing' in path; ships location; ship image/texture"
"SHIP-ED46D4F2614F","kwing","K-wing","small","ShipTexture",True,"review",7,98,"high","unified25","AST-66F24E49B7B3A3AB","assets/source/unified25/assets/ships/Rebel/BTLS8KWing/wardensquadronpilot.png","ship alias 'btls8kwing' in path; ships location; ship image/texture"
"SHIP-ED46D4F2614F","kwing","K-wing","small","ShipTexture",True,"review",8,83,"medium","unified25","AST-12437322319D3E1D","assets/source/unified25/assets/ships/Medium/REB_kwing/EsegeTuketu.png","ship alias 'k-wing' in path; ships location; ship image/texture"
"SHIP-ED46D4F2614F","kwing","K-wing","small","BaseToken",True,"review",1,83,"medium","generated","AST-0C37CC7C8D78076C","assets/generated/PilotBaseToken/rebelalliance/kwing/esegetuketu__pilot-a2e41ccfab5f.png","ship alias 'k-wing' in path; token/base image"
"SHIP-ED46D4F2614F","kwing","K-wing","small","BaseToken",True,"review",2,83,"medium","generated","AST-9EB5BC779CA69515","assets/generated/PilotBaseToken/rebelalliance/kwing/guardiansquadronpilot__pilot-3b0d4b6109e8.png","ship alias 'k-wing' in path; token/base image"
"SHIP-ED46D4F2614F","kwing","K-wing","small","BaseToken",True,"review",3,83,"medium","generated","AST-DC7025F96CCE65E7","assets/generated/PilotBaseToken/rebelalliance/kwing/mirandadoni__pilot-0e181989c08c.png","ship alias 'k-wing' in path; token/base image"
"SHIP-ED46D4F2614F","kwing","K-wing","small","BaseToken",True,"review",4,83,"medium","generated","AST-B9739EB22620F78F","assets/generated/PilotBaseToken/rebelalliance/kwing/wardensquadronpilot__pilot-7d6b4693d0cc.png","ship alias 'k-wing' in path; token/base image"
"SHIP-ED46D4F2614F","kwing","K-wing","small","BaseToken",True,"review",5,78,"medium","unified25","AST-58A18CDFD30DAFD6","assets/source/unified25/assets/ships-v2/medium/btls8kwing/Icon.png","ship alias 'btls8kwing' in path; ships-v2 location"
"SHIP-ED46D4F2614F","kwing","K-wing","small","BaseToken",True,"review",6,78,"medium","unified25","AST-42E08B55DC985627","assets/source/unified25/assets/ships-v2/medium/btls8kwing/Textures/EsegeTuketu.png","ship alias 'btls8kwing' in path; ships-v2 location"
"SHIP-ED46D4F2614F","kwing","K-wing","small","BaseToken",True,"review",7,78,"medium","unified25","AST-BD2BBC8D4173484B","assets/source/unified25/assets/ships-v2/medium/btls8kwing/Textures/MirandaDoni.png","ship alias 'btls8kwing' in path; ships-v2 location"
"SHIP-ED46D4F2614F","kwing","K-wing","small","BaseToken",True,"review",8,78,"medium","unified25","AST-23A4A323B7E0F403","assets/source/unified25/assets/ships-v2/medium/btls8kwing/Textures/standard.png","ship alias 'btls8kwing' in path; ships-v2 location"
"SHIP-ED46D4F2614F","kwing","K-wing","small","DialTexture",True,"review",1,85,"high","generated","AST-618B7B8BD178546E","assets/generated/FirstEditionDialTexture/rebelalliance/kwing__dial-618b7b8bd178.png","ship alias 'k-wing' in path; dial image"
"SHIP-ED46D4F2614F","kwing","K-wing","small","DialTexture",True,"review",2,85,"high","first-edition-dials","AST-ECB12C8B2292C149","assets/source/first-edition-dials/rebelalliance/kwing.jpg","ship alias 'k-wing' in path; dial image"
"SHIP-ED46D4F2614F","kwing","K-wing","small","DialTexture",True,"review",3,78,"medium","unified25","AST-58A18CDFD30DAFD6","assets/source/unified25/assets/ships-v2/medium/btls8kwing/Icon.png","ship alias 'btls8kwing' in path; ships-v2 location"
"SHIP-ED46D4F2614F","kwing","K-wing","small","DialTexture",True,"review",4,78,"medium","unified25","AST-42E08B55DC985627","assets/source/unified25/assets/ships-v2/medium/btls8kwing/Textures/EsegeTuketu.png","ship alias 'btls8kwing' in path; ships-v2 location"
"SHIP-ED46D4F2614F","kwing","K-wing","small","DialTexture",True,"review",5,78,"medium","unified25","AST-BD2BBC8D4173484B","assets/source/unified25/assets/ships-v2/medium/btls8kwing/Textures/MirandaDoni.png","ship alias 'btls8kwing' in path; ships-v2 location"
"SHIP-ED46D4F2614F","kwing","K-wing","small","DialTexture",True,"review",6,78,"medium","unified25","AST-23A4A323B7E0F403","assets/source/unified25/assets/ships-v2/medium/btls8kwing/Textures/standard.png","ship alias 'btls8kwing' in path; ships-v2 location"
"SHIP-ED46D4F2614F","kwing","K-wing","small","DialTexture",True,"review",7,76,"medium","unified25","AST-72D9EDF039E367F1","assets/source/unified25/assets/ships/Rebel/BTLS8KWing/esegetuketu.png","ship alias 'btls8kwing' in path; ships location"
"SHIP-ED46D4F2614F","kwing","K-wing","small","DialTexture",True,"review",8,76,"medium","unified25","AST-12F03CA29943FD3D","assets/source/unified25/assets/ships/Rebel/BTLS8KWing/mirandadoni.png","ship alias 'btls8kwing' in path; ships location"
"SHIP-ED46D4F2614F","kwing","K-wing","small","DialModel",False,"review",1,78,"medium","unified25","AST-ACA05A0DA470B6F4","assets/source/unified25/assets/ships-v2/medium/btls8kwing/kwing.obj","ship alias 'btls8kwing' in path; ships-v2 location"
"SHIP-ED46D4F2614F","kwing","K-wing","small","DialModel",False,"review",2,61,"medium","unified25","AST-244640DFED1F55EC","assets/source/unified25/assets/ships/Medium/REB_kwing/kwing.obj","ship alias 'k-wing' in path; ships location"
"SHIP-ED46D4F2614F","kwing","K-wing","small","ShipScript",False,"missing",,,,,,,
"SHIP-25FCB1D83351","kihraxzfighter","Kihraxz Fighter","small","ShipModel",True,"clear",1,100,"high","unified25","AST-57F520492109DBAE","assets/source/unified25/assets/ships-v2/small/kihraxzfighter/khiraxz.obj","ship alias 'kihraxz fighter' in path; ships-v2 location; OBJ model"
"SHIP-25FCB1D83351","kihraxzfighter","Kihraxz Fighter","small","ShipTexture",True,"review",1,100,"high","unified25","AST-CB59CE2185D9BAA2","assets/source/unified25/assets/ships-v2/small/kihraxzfighter/khiraxz.png","ship alias 'kihraxz fighter' in path; ships-v2 location; ship image/texture"
"SHIP-25FCB1D83351","kihraxzfighter","Kihraxz Fighter","small","ShipTexture",True,"review",2,100,"high","unified25","AST-7CED1D9BB08C4152","assets/source/unified25/assets/ships-v2/small/kihraxzfighter/Textures/blacksun.jpg","ship alias 'kihraxz fighter' in path; ships-v2 location; ship image/texture"
"SHIP-25FCB1D83351","kihraxzfighter","Kihraxz Fighter","small","ShipTexture",True,"review",3,100,"high","unified25","AST-A469C9978DA3F6AD","assets/source/unified25/assets/ships-v2/small/kihraxzfighter/Textures/blacksun.png","ship alias 'kihraxz fighter' in path; ships-v2 location; ship image/texture"
"SHIP-25FCB1D83351","kihraxzfighter","Kihraxz Fighter","small","ShipTexture",True,"review",4,100,"high","unified25","AST-028DB3BF3FD6A947","assets/source/unified25/assets/ships-v2/small/kihraxzfighter/Textures/green.jpg","ship alias 'kihraxz fighter' in path; ships-v2 location; ship image/texture"
"SHIP-25FCB1D83351","kihraxzfighter","Kihraxz Fighter","small","ShipTexture",True,"review",5,100,"high","unified25","AST-1DC0B31A87CE4CD5","assets/source/unified25/assets/ships-v2/small/kihraxzfighter/Textures/orange.jpg","ship alias 'kihraxz fighter' in path; ships-v2 location; ship image/texture"
"SHIP-25FCB1D83351","kihraxzfighter","Kihraxz Fighter","small","ShipTexture",True,"review",6,100,"high","unified25","AST-144C7EA6CE5CA8F6","assets/source/unified25/assets/ships-v2/small/kihraxzfighter/Textures/standard.jpg","ship alias 'kihraxz fighter' in path; ships-v2 location; ship image/texture"
"SHIP-25FCB1D83351","kihraxzfighter","Kihraxz Fighter","small","ShipTexture",True,"review",7,100,"high","unified25","AST-B8963DD01A260CCF","assets/source/unified25/assets/ships-v2/small/kihraxzfighter/Textures/talonbane.jpg","ship alias 'kihraxz fighter' in path; ships-v2 location; ship image/texture"
"SHIP-25FCB1D83351","kihraxzfighter","Kihraxz Fighter","small","ShipTexture",True,"review",8,100,"high","unified25","AST-4A7F17BA29464A43","assets/source/unified25/assets/ships-v2/small/kihraxzfighter/Textures/vaksai.png","ship alias 'kihraxz fighter' in path; ships-v2 location; ship image/texture"
"SHIP-25FCB1D83351","kihraxzfighter","Kihraxz Fighter","small","BaseToken",True,"review",1,98,"high","generated","AST-D5B68593D78D170A","assets/generated/PilotBaseToken/scumandvillainy/kihraxzfighter/blacksunace__pilot-47be7dd4c303.png","ship alias 'kihraxz fighter' in path; token/base image"
"SHIP-25FCB1D83351","kihraxzfighter","Kihraxz Fighter","small","BaseToken",True,"review",2,98,"high","generated","AST-9D674A7A0BA6756B","assets/generated/PilotBaseToken/scumandvillainy/kihraxzfighter/captainjostero__pilot-2bf2dae8f20e.png","ship alias 'kihraxz fighter' in path; token/base image"
"SHIP-25FCB1D83351","kihraxzfighter","Kihraxz Fighter","small","BaseToken",True,"review",3,98,"high","generated","AST-F72A25BE41C61609","assets/generated/PilotBaseToken/scumandvillainy/kihraxzfighter/cartelmarauder__pilot-18166cd2aacd.png","ship alias 'kihraxz fighter' in path; token/base image"
"SHIP-25FCB1D83351","kihraxzfighter","Kihraxz Fighter","small","BaseToken",True,"review",4,98,"high","generated","AST-F0FFF1A83A9A1CE6","assets/generated/PilotBaseToken/scumandvillainy/kihraxzfighter/grazthehunter__pilot-ab208b707e08.png","ship alias 'kihraxz fighter' in path; token/base image"
"SHIP-25FCB1D83351","kihraxzfighter","Kihraxz Fighter","small","BaseToken",True,"review",5,98,"high","generated","AST-62E6D65B9768A119","assets/generated/PilotBaseToken/scumandvillainy/kihraxzfighter/talonbanecobra__pilot-212219b823a7.png","ship alias 'kihraxz fighter' in path; token/base image"
"SHIP-25FCB1D83351","kihraxzfighter","Kihraxz Fighter","small","BaseToken",True,"review",6,98,"high","generated","AST-CECA185B24BD7386","assets/generated/PilotBaseToken/scumandvillainy/kihraxzfighter/viktorhel__pilot-53f462b28696.png","ship alias 'kihraxz fighter' in path; token/base image"
"SHIP-25FCB1D83351","kihraxzfighter","Kihraxz Fighter","small","BaseToken",True,"review",7,78,"medium","unified25","AST-CB59CE2185D9BAA2","assets/source/unified25/assets/ships-v2/small/kihraxzfighter/khiraxz.png","ship alias 'kihraxz fighter' in path; ships-v2 location"
"SHIP-25FCB1D83351","kihraxzfighter","Kihraxz Fighter","small","BaseToken",True,"review",8,78,"medium","unified25","AST-7CED1D9BB08C4152","assets/source/unified25/assets/ships-v2/small/kihraxzfighter/Textures/blacksun.jpg","ship alias 'kihraxz fighter' in path; ships-v2 location"
"SHIP-25FCB1D83351","kihraxzfighter","Kihraxz Fighter","small","DialTexture",True,"review",1,100,"high","generated","AST-30B243B40A2A189A","assets/generated/FirstEditionDialTexture/scumandvillainy/kihraxzfighter__dial-30b243b40a2a.png","ship alias 'kihraxz fighter' in path; dial image"
"SHIP-25FCB1D83351","kihraxzfighter","Kihraxz Fighter","small","DialTexture",True,"review",2,100,"high","first-edition-dials","AST-F1F9E27036319718","assets/source/first-edition-dials/scumandvillainy/kihraxzfighter.jpg","ship alias 'kihraxz fighter' in path; dial image"
"SHIP-25FCB1D83351","kihraxzfighter","Kihraxz Fighter","small","DialTexture",True,"review",3,78,"medium","unified25","AST-CB59CE2185D9BAA2","assets/source/unified25/assets/ships-v2/small/kihraxzfighter/khiraxz.png","ship alias 'kihraxz fighter' in path; ships-v2 location"
"SHIP-25FCB1D83351","kihraxzfighter","Kihraxz Fighter","small","DialTexture",True,"review",4,78,"medium","unified25","AST-7CED1D9BB08C4152","assets/source/unified25/assets/ships-v2/small/kihraxzfighter/Textures/blacksun.jpg","ship alias 'kihraxz fighter' in path; ships-v2 location"
"SHIP-25FCB1D83351","kihraxzfighter","Kihraxz Fighter","small","DialTexture",True,"review",5,78,"medium","unified25","AST-A469C9978DA3F6AD","assets/source/unified25/assets/ships-v2/small/kihraxzfighter/Textures/blacksun.png","ship alias 'kihraxz fighter' in path; ships-v2 location"
"SHIP-25FCB1D83351","kihraxzfighter","Kihraxz Fighter","small","DialTexture",True,"review",6,78,"medium","unified25","AST-028DB3BF3FD6A947","assets/source/unified25/assets/ships-v2/small/kihraxzfighter/Textures/green.jpg","ship alias 'kihraxz fighter' in path; ships-v2 location"
"SHIP-25FCB1D83351","kihraxzfighter","Kihraxz Fighter","small","DialTexture",True,"review",7,78,"medium","unified25","AST-1DC0B31A87CE4CD5","assets/source/unified25/assets/ships-v2/small/kihraxzfighter/Textures/orange.jpg","ship alias 'kihraxz fighter' in path; ships-v2 location"
"SHIP-25FCB1D83351","kihraxzfighter","Kihraxz Fighter","small","DialTexture",True,"review",8,78,"medium","unified25","AST-144C7EA6CE5CA8F6","assets/source/unified25/assets/ships-v2/small/kihraxzfighter/Textures/standard.jpg","ship alias 'kihraxz fighter' in path; ships-v2 location"
"SHIP-25FCB1D83351","kihraxzfighter","Kihraxz Fighter","small","DialModel",False,"review",1,78,"medium","unified25","AST-57F520492109DBAE","assets/source/unified25/assets/ships-v2/small/kihraxzfighter/khiraxz.obj","ship alias 'kihraxz fighter' in path; ships-v2 location"
"SHIP-25FCB1D83351","kihraxzfighter","Kihraxz Fighter","small","ShipScript",False,"missing",,,,,,,
"SHIP-173C5CA407C6","lambdaclassshuttle","Lambda-class Shuttle","large","ShipModel",True,"review",1,100,"high","unified25","AST-1EFD2F981810CBA8","assets/source/unified25/assets/ships-v2/large/lambdaclasst4ashuttle/lambda.obj","ship alias 'lambdaclasst4ashuttle' in path; ships-v2 location; OBJ model"
"SHIP-173C5CA407C6","lambdaclassshuttle","Lambda-class Shuttle","large","ShipModel",True,"review",2,100,"high","unified25","AST-DEDF8529DDD72271","assets/source/unified25/assets/ships-v2/large/lambdaclasst4ashuttle/lambdaclass.obj","ship alias 'lambdaclasst4ashuttle' in path; ships-v2 location; OBJ model"
"SHIP-173C5CA407C6","lambdaclassshuttle","Lambda-class Shuttle","large","ShipModel",True,"review",3,88,"high","unified25","AST-66F3B9086B6E3AA4","assets/source/unified25/assets/ships-v2/large/upsilonclasscommandshuttle/Upsilon_Shuttle.obj","ship alias 'shuttle' in path; ships-v2 location; OBJ model"
"SHIP-173C5CA407C6","lambdaclassshuttle","Lambda-class Shuttle","large","ShipModel",True,"review",4,88,"high","unified25","AST-BA5F7E32E6C70CCF","assets/source/unified25/assets/ships-v2/medium/xiclasslightshuttle/XiClassLightShuttle.obj","ship alias 'shuttle' in path; ships-v2 location; OBJ model"
"SHIP-173C5CA407C6","lambdaclassshuttle","Lambda-class Shuttle","large","ShipModel",True,"review",5,88,"high","unified25","AST-1AD34DAD1DD6803F","assets/source/unified25/assets/ships-v2/small/attackshuttle/attackshuttle.obj","ship alias 'shuttle' in path; ships-v2 location; OBJ model"
"SHIP-173C5CA407C6","lambdaclassshuttle","Lambda-class Shuttle","large","ShipModel",True,"review",6,88,"high","unified25","AST-201937CD12639DC3","assets/source/unified25/assets/ships-v2/small/sheathipedeclassshuttle/sheathipede.obj","ship alias 'shuttle' in path; ships-v2 location; OBJ model"
"SHIP-173C5CA407C6","lambdaclassshuttle","Lambda-class Shuttle","large","ShipModel",True,"review",7,88,"high","unified25","AST-0B8FAA8B6815F1FE","assets/source/unified25/assets/ships-v2/small/sheathipedeclassshuttle/Sheathipede2.obj","ship alias 'shuttle' in path; ships-v2 location; OBJ model"
"SHIP-173C5CA407C6","lambdaclassshuttle","Lambda-class Shuttle","large","ShipModel",True,"review",8,86,"high","unified25","AST-8077FBB9EB2383FF","assets/source/unified25/assets/ships/Large/EMP_Lambda/lambda.obj","ship alias 'lambda' in path; ships location; OBJ model"
"SHIP-173C5CA407C6","lambdaclassshuttle","Lambda-class Shuttle","large","ShipTexture",True,"review",1,100,"high","unified25","AST-99B93B258D471246","assets/source/unified25/assets/ships-v2/large/lambdaclasst4ashuttle/icon.png","ship alias 'lambdaclasst4ashuttle' in path; ships-v2 location; ship image/texture"
"SHIP-173C5CA407C6","lambdaclassshuttle","Lambda-class Shuttle","large","ShipTexture",True,"review",2,100,"high","unified25","AST-291304AD0E856EEA","assets/source/unified25/assets/ships-v2/large/lambdaclasst4ashuttle/textures/default.png","ship alias 'lambdaclasst4ashuttle' in path; ships-v2 location; ship image/texture"
"SHIP-173C5CA407C6","lambdaclassshuttle","Lambda-class Shuttle","large","ShipTexture",True,"review",3,100,"high","unified25","AST-291304AD0E856EEA","assets/source/unified25/assets/ships-v2/large/lambdaclasst4ashuttle/textures/standard.png","ship alias 'lambdaclasst4ashuttle' in path; ships-v2 location; ship image/texture"
"SHIP-173C5CA407C6","lambdaclassshuttle","Lambda-class Shuttle","large","ShipTexture",True,"review",4,92,"high","generated","AST-CBDDA497FEFE0CFA","assets/generated/FirstEditionDialTexture/galacticempire/lambdaclassshuttle__dial-cbdda497fefe.png","ship alias 'lambda-class shuttle' in path; ship image/texture"
"SHIP-173C5CA407C6","lambdaclassshuttle","Lambda-class Shuttle","large","ShipTexture",True,"review",5,85,"high","unified25","AST-D6CE03E2E5A73995","assets/source/unified25/assets/ships-v2/large/upsilonclasscommandshuttle/icon.png","ship alias 'shuttle' in path; ships-v2 location; ship image/texture"
"SHIP-173C5CA407C6","lambdaclassshuttle","Lambda-class Shuttle","large","ShipTexture",True,"review",6,85,"high","unified25","AST-8945A7D53A756172","assets/source/unified25/assets/ships-v2/large/upsilonclasscommandshuttle/Textures/red.jpg","ship alias 'shuttle' in path; ships-v2 location; ship image/texture"
"SHIP-173C5CA407C6","lambdaclassshuttle","Lambda-class Shuttle","large","ShipTexture",True,"review",7,85,"high","unified25","AST-1B331A20D6C0FFC2","assets/source/unified25/assets/ships-v2/large/upsilonclasscommandshuttle/Textures/standard.jpg","ship alias 'shuttle' in path; ships-v2 location; ship image/texture"
"SHIP-173C5CA407C6","lambdaclassshuttle","Lambda-class Shuttle","large","ShipTexture",True,"review",8,85,"high","unified25","AST-F113B34AE5506814","assets/source/unified25/assets/ships-v2/medium/xiclasslightshuttle/Icon.png","ship alias 'shuttle' in path; ships-v2 location; ship image/texture"
"SHIP-173C5CA407C6","lambdaclassshuttle","Lambda-class Shuttle","large","BaseToken",True,"review",1,98,"high","generated","AST-52EEAC38438115B7","assets/generated/PilotBaseToken/galacticempire/lambdaclassshuttle/captainkagi__pilot-80a485dc5242.png","ship alias 'lambda-class shuttle' in path; token/base image"
"SHIP-173C5CA407C6","lambdaclassshuttle","Lambda-class Shuttle","large","BaseToken",True,"review",2,98,"high","generated","AST-67C175D31223DF74","assets/generated/PilotBaseToken/galacticempire/lambdaclassshuttle/captainyorr__pilot-43e9bd60c76a.png","ship alias 'lambda-class shuttle' in path; token/base image"
"SHIP-173C5CA407C6","lambdaclassshuttle","Lambda-class Shuttle","large","BaseToken",True,"review",3,98,"high","generated","AST-F7CB98E5EBC27DA4","assets/generated/PilotBaseToken/galacticempire/lambdaclassshuttle/coloneljendon__pilot-a4df0b594be3.png","ship alias 'lambda-class shuttle' in path; token/base image"
"SHIP-173C5CA407C6","lambdaclassshuttle","Lambda-class Shuttle","large","BaseToken",True,"review",4,98,"high","generated","AST-E3B7D1AD0DC11D4F","assets/generated/PilotBaseToken/galacticempire/lambdaclassshuttle/omicrongrouppilot__pilot-4405e8f8586f.png","ship alias 'lambda-class shuttle' in path; token/base image"
"SHIP-173C5CA407C6","lambdaclassshuttle","Lambda-class Shuttle","large","BaseToken",True,"review",5,89,"high","unified25","AST-EA3C32DFDC95A86A","assets/source/unified25/assets/ships/Large/FO_Upsilon_Shuttle/StarkillerBasePilot.png","ship alias 'shuttle' in path; ships location; token/base image"
"SHIP-173C5CA407C6","lambdaclassshuttle","Lambda-class Shuttle","large","BaseToken",True,"review",6,83,"medium","generated","AST-E56255881A7082F1","assets/generated/PilotBaseToken/firstorder/upsilonclassshuttle/kyloren__pilot-d10c643b9d5f.png","ship alias 'shuttle' in path; token/base image"
"SHIP-173C5CA407C6","lambdaclassshuttle","Lambda-class Shuttle","large","BaseToken",True,"review",7,83,"medium","generated","AST-1D42DE676CAB3B07","assets/generated/PilotBaseToken/firstorder/upsilonclassshuttle/lieutenantdormitz__pilot-ce8814af4a55.png","ship alias 'shuttle' in path; token/base image"
"SHIP-173C5CA407C6","lambdaclassshuttle","Lambda-class Shuttle","large","BaseToken",True,"review",8,83,"medium","generated","AST-1DC72C16899532DD","assets/generated/PilotBaseToken/firstorder/upsilonclassshuttle/majorstridan__pilot-ad985a4e2ce1.png","ship alias 'shuttle' in path; token/base image"
"SHIP-173C5CA407C6","lambdaclassshuttle","Lambda-class Shuttle","large","DialTexture",True,"review",1,100,"high","generated","AST-CBDDA497FEFE0CFA","assets/generated/FirstEditionDialTexture/galacticempire/lambdaclassshuttle__dial-cbdda497fefe.png","ship alias 'lambda-class shuttle' in path; dial image"
"SHIP-173C5CA407C6","lambdaclassshuttle","Lambda-class Shuttle","large","DialTexture",True,"review",2,100,"high","first-edition-dials","AST-AD115147DFF45B85","assets/source/first-edition-dials/galacticempire/lambdaclassshuttle.jpg","ship alias 'lambda-class shuttle' in path; dial image"
"SHIP-173C5CA407C6","lambdaclassshuttle","Lambda-class Shuttle","large","DialTexture",True,"review",3,85,"high","generated","AST-48BFA7DBA3B20952","assets/generated/FirstEditionDialTexture/firstorder/upsilonclassshuttle__dial-48bfa7dba3b2.png","ship alias 'shuttle' in path; dial image"
"SHIP-173C5CA407C6","lambdaclassshuttle","Lambda-class Shuttle","large","DialTexture",True,"review",4,85,"high","generated","AST-2ED6C3846B76BDE4","assets/generated/FirstEditionDialTexture/rebelalliance/attackshuttle__dial-2ed6c3846b76.png","ship alias 'shuttle' in path; dial image"
"SHIP-173C5CA407C6","lambdaclassshuttle","Lambda-class Shuttle","large","DialTexture",True,"review",5,85,"high","generated","AST-D09C0DDBF1D10B41","assets/generated/FirstEditionDialTexture/rebelalliance/sheathipedeclassshuttle__dial-f9d3cf0ce3a6.png","ship alias 'shuttle' in path; dial image"
"SHIP-173C5CA407C6","lambdaclassshuttle","Lambda-class Shuttle","large","DialTexture",True,"review",6,85,"high","first-edition-dials","AST-48BFA7DBA3B20952","assets/source/first-edition-dials/firstorder/upsilonclassshuttle.png","ship alias 'shuttle' in path; dial image"
"SHIP-173C5CA407C6","lambdaclassshuttle","Lambda-class Shuttle","large","DialTexture",True,"review",7,85,"high","first-edition-dials","AST-3E3697021F2E3592","assets/source/first-edition-dials/rebelalliance/attackshuttle.jpg","ship alias 'shuttle' in path; dial image"
"SHIP-173C5CA407C6","lambdaclassshuttle","Lambda-class Shuttle","large","DialTexture",True,"review",8,85,"high","first-edition-dials","AST-D09C0DDBF1D10B41","assets/source/first-edition-dials/rebelalliance/sheathipedeclassshuttle.png","ship alias 'shuttle' in path; dial image"
"SHIP-173C5CA407C6","lambdaclassshuttle","Lambda-class Shuttle","large","DialModel",False,"review",1,78,"medium","unified25","AST-1EFD2F981810CBA8","assets/source/unified25/assets/ships-v2/large/lambdaclasst4ashuttle/lambda.obj","ship alias 'lambdaclasst4ashuttle' in path; ships-v2 location"
"SHIP-173C5CA407C6","lambdaclassshuttle","Lambda-class Shuttle","large","DialModel",False,"review",2,78,"medium","unified25","AST-DEDF8529DDD72271","assets/source/unified25/assets/ships-v2/large/lambdaclasst4ashuttle/lambdaclass.obj","ship alias 'lambdaclasst4ashuttle' in path; ships-v2 location"
"SHIP-173C5CA407C6","lambdaclassshuttle","Lambda-class Shuttle","large","DialModel",False,"review",3,63,"medium","unified25","AST-66F3B9086B6E3AA4","assets/source/unified25/assets/ships-v2/large/upsilonclasscommandshuttle/Upsilon_Shuttle.obj","ship alias 'shuttle' in path; ships-v2 location"
"SHIP-173C5CA407C6","lambdaclassshuttle","Lambda-class Shuttle","large","DialModel",False,"review",4,63,"medium","unified25","AST-BA5F7E32E6C70CCF","assets/source/unified25/assets/ships-v2/medium/xiclasslightshuttle/XiClassLightShuttle.obj","ship alias 'shuttle' in path; ships-v2 location"
"SHIP-173C5CA407C6","lambdaclassshuttle","Lambda-class Shuttle","large","DialModel",False,"review",5,63,"medium","unified25","AST-1AD34DAD1DD6803F","assets/source/unified25/assets/ships-v2/small/attackshuttle/attackshuttle.obj","ship alias 'shuttle' in path; ships-v2 location"
"SHIP-173C5CA407C6","lambdaclassshuttle","Lambda-class Shuttle","large","DialModel",False,"review",6,63,"medium","unified25","AST-201937CD12639DC3","assets/source/unified25/assets/ships-v2/small/sheathipedeclassshuttle/sheathipede.obj","ship alias 'shuttle' in path; ships-v2 location"
"SHIP-173C5CA407C6","lambdaclassshuttle","Lambda-class Shuttle","large","DialModel",False,"review",7,63,"medium","unified25","AST-0B8FAA8B6815F1FE","assets/source/unified25/assets/ships-v2/small/sheathipedeclassshuttle/Sheathipede2.obj","ship alias 'shuttle' in path; ships-v2 location"
"SHIP-173C5CA407C6","lambdaclassshuttle","Lambda-class Shuttle","large","DialModel",False,"review",8,61,"medium","unified25","AST-8077FBB9EB2383FF","assets/source/unified25/assets/ships/Large/EMP_Lambda/lambda.obj","ship alias 'lambda' in path; ships location"
"SHIP-173C5CA407C6","lambdaclassshuttle","Lambda-class Shuttle","large","ShipScript",False,"review",1,75,"medium","unified25","AST-DCF90F677A655C91","assets/source/unified25/TTS_xwing/src/Ship/Deploy/ShuttleGizmo.lua","ship alias 'shuttle' in path; Lua script"
"SHIP-42F9FB612832","lancerclasspursuitcraft","Lancer-class Pursuit Craft","large","ShipModel",True,"clear",1,100,"high","unified25","AST-3190DC275EB673E1","assets/source/unified25/assets/ships-v2/large/lancerclasspursuitcraft/lancer.obj","ship alias 'lancer-class pursuit craft' in path; ships-v2 location; OBJ model"
"SHIP-42F9FB612832","lancerclasspursuitcraft","Lancer-class Pursuit Craft","large","ShipModel",True,"clear",2,86,"high","unified25","AST-57BEB2010FE98098","assets/source/unified25/assets/ships/Large/SCU_lancer/lancer.obj","ship alias 'lancer' in path; ships location; OBJ model"
"SHIP-42F9FB612832","lancerclasspursuitcraft","Lancer-class Pursuit Craft","large","ShipModel",True,"clear",3,86,"high","unified25","AST-060046F9345F764E","assets/source/unified25/assets/ships/Large/SCU_lancer/v2/lancer.obj","ship alias 'lancer' in path; ships location; OBJ model"
"SHIP-42F9FB612832","lancerclasspursuitcraft","Lancer-class Pursuit Craft","large","ShipModel",True,"clear",4,86,"high","unified25","AST-060046F9345F764E","assets/source/unified25/assets/ships/Large/SCU_lancer/v3/lancer.obj","ship alias 'lancer' in path; ships location; OBJ model"
"SHIP-42F9FB612832","lancerclasspursuitcraft","Lancer-class Pursuit Craft","large","ShipModel",True,"clear",5,68,"medium","unified25","AST-069F572272E201A4","assets/source/unified25/assets/ships-v2/medium/firesprayclasspatrolcraft/firespray.obj","ship alias 'craft' in path; ships-v2 location; OBJ model"
"SHIP-42F9FB612832","lancerclasspursuitcraft","Lancer-class Pursuit Craft","large","ShipModel",True,"clear",6,68,"medium","unified25","AST-9949BCE9B9663CB1","assets/source/unified25/assets/ships-v2/medium/firesprayclasspatrolcraft/firesprayV2.obj","ship alias 'craft' in path; ships-v2 location; OBJ model"
"SHIP-42F9FB612832","lancerclasspursuitcraft","Lancer-class Pursuit Craft","large","ShipModel",True,"clear",7,68,"medium","unified25","AST-E5F5F60981402D16","assets/source/unified25/assets/ships-v2/medium/firesprayclasspatrolcraft/firesprayV3-canopy.obj","ship alias 'craft' in path; ships-v2 location; OBJ model"
"SHIP-42F9FB612832","lancerclasspursuitcraft","Lancer-class Pursuit Craft","large","ShipModel",True,"clear",8,68,"medium","unified25","AST-7D53C07E6953009F","assets/source/unified25/assets/ships-v2/medium/firesprayclasspatrolcraft/firesprayV3.obj","ship alias 'craft' in path; ships-v2 location; OBJ model"
"SHIP-42F9FB612832","lancerclasspursuitcraft","Lancer-class Pursuit Craft","large","ShipTexture",True,"review",1,100,"high","unified25","AST-8D940838C1B1D0F1","assets/source/unified25/assets/ships-v2/large/lancerclasspursuitcraft/icon.png","ship alias 'lancer-class pursuit craft' in path; ships-v2 location; ship image/texture"
"SHIP-42F9FB612832","lancerclasspursuitcraft","Lancer-class Pursuit Craft","large","ShipTexture",True,"review",2,100,"high","unified25","AST-FAD11FF6F40D9250","assets/source/unified25/assets/ships-v2/large/lancerclasspursuitcraft/Textures/Standard.jpg","ship alias 'lancer-class pursuit craft' in path; ships-v2 location; ship image/texture"
"SHIP-42F9FB612832","lancerclasspursuitcraft","Lancer-class Pursuit Craft","large","ShipTexture",True,"review",3,92,"high","generated","AST-A168CF15B0947289","assets/generated/FirstEditionDialTexture/scumandvillainy/lancerclasspursuitcraft__dial-a168cf15b094.png","ship alias 'lancer-class pursuit craft' in path; ship image/texture"
"SHIP-42F9FB612832","lancerclasspursuitcraft","Lancer-class Pursuit Craft","large","ShipTexture",True,"review",4,83,"medium","unified25","AST-88EE6998B024290B","assets/source/unified25/assets/ships/Large/SCU_lancer/AsajjVentress.png","ship alias 'lancer' in path; ships location; ship image/texture"
"SHIP-42F9FB612832","lancerclasspursuitcraft","Lancer-class Pursuit Craft","large","ShipTexture",True,"review",5,83,"medium","unified25","AST-3388936B8D7F65F3","assets/source/unified25/assets/ships/Large/SCU_lancer/KetsuOnyo.png","ship alias 'lancer' in path; ships location; ship image/texture"
"SHIP-42F9FB612832","lancerclasspursuitcraft","Lancer-class Pursuit Craft","large","ShipTexture",True,"review",6,83,"medium","unified25","AST-D953D1AF638AEEE1","assets/source/unified25/assets/ships/Large/SCU_lancer/SabineWren.png","ship alias 'lancer' in path; ships location; ship image/texture"
"SHIP-42F9FB612832","lancerclasspursuitcraft","Lancer-class Pursuit Craft","large","ShipTexture",True,"review",7,83,"medium","unified25","AST-CB082C9D9378DB63","assets/source/unified25/assets/ships/Large/SCU_lancer/ShadowportHunter.png","ship alias 'lancer' in path; ships location; ship image/texture"
"SHIP-42F9FB612832","lancerclasspursuitcraft","Lancer-class Pursuit Craft","large","ShipTexture",True,"review",8,83,"medium","unified25","AST-2D164D556775C95A","assets/source/unified25/assets/ships/Large/SCU_lancer/v2/AsajjVentress.jpg","ship alias 'lancer' in path; ships location; ship image/texture"
"SHIP-42F9FB612832","lancerclasspursuitcraft","Lancer-class Pursuit Craft","large","BaseToken",True,"review",1,98,"high","generated","AST-BCA47B12555B7536","assets/generated/PilotBaseToken/scumandvillainy/lancerclasspursuitcraft/asajjventress__pilot-e73eef28dbc2.png","ship alias 'lancer-class pursuit craft' in path; token/base image"
"SHIP-42F9FB612832","lancerclasspursuitcraft","Lancer-class Pursuit Craft","large","BaseToken",True,"review",2,98,"high","generated","AST-1A688A45DD7A38E7","assets/generated/PilotBaseToken/scumandvillainy/lancerclasspursuitcraft/ketsuonyo__pilot-9f00c0ddb4e8.png","ship alias 'lancer-class pursuit craft' in path; token/base image"
"SHIP-42F9FB612832","lancerclasspursuitcraft","Lancer-class Pursuit Craft","large","BaseToken",True,"review",3,98,"high","generated","AST-5A87BE1C04907A6A","assets/generated/PilotBaseToken/scumandvillainy/lancerclasspursuitcraft/sabinewren__pilot-cd598bb7c3bd.png","ship alias 'lancer-class pursuit craft' in path; token/base image"
"SHIP-42F9FB612832","lancerclasspursuitcraft","Lancer-class Pursuit Craft","large","BaseToken",True,"review",4,98,"high","generated","AST-0DF41305BDA1FD27","assets/generated/PilotBaseToken/scumandvillainy/lancerclasspursuitcraft/shadowporthunter__pilot-8a9e83fbee45.png","ship alias 'lancer-class pursuit craft' in path; token/base image"
"SHIP-42F9FB612832","lancerclasspursuitcraft","Lancer-class Pursuit Craft","large","BaseToken",True,"review",5,83,"medium","generated","AST-3518F663C1A14419","assets/generated/PilotBaseToken/scumandvillainy/g1astarfighter/ruthlessfreelancer__pilot-f12f99b06c53.png","ship alias 'lancer' in path; token/base image"
"SHIP-42F9FB612832","lancerclasspursuitcraft","Lancer-class Pursuit Craft","large","BaseToken",True,"review",6,83,"medium","unified25","AST-E213CB032272E305","assets/source/unified25/assets/Items/condition/tokens/mercilesspursuit.png","ship alias 'pursuit' in path; token/base image"
"SHIP-42F9FB612832","lancerclasspursuitcraft","Lancer-class Pursuit Craft","large","BaseToken",True,"review",7,78,"medium","unified25","AST-8D940838C1B1D0F1","assets/source/unified25/assets/ships-v2/large/lancerclasspursuitcraft/icon.png","ship alias 'lancer-class pursuit craft' in path; ships-v2 location"
"SHIP-42F9FB612832","lancerclasspursuitcraft","Lancer-class Pursuit Craft","large","BaseToken",True,"review",8,78,"medium","unified25","AST-FAD11FF6F40D9250","assets/source/unified25/assets/ships-v2/large/lancerclasspursuitcraft/Textures/Standard.jpg","ship alias 'lancer-class pursuit craft' in path; ships-v2 location"
"SHIP-42F9FB612832","lancerclasspursuitcraft","Lancer-class Pursuit Craft","large","DialTexture",True,"review",1,100,"high","generated","AST-A168CF15B0947289","assets/generated/FirstEditionDialTexture/scumandvillainy/lancerclasspursuitcraft__dial-a168cf15b094.png","ship alias 'lancer-class pursuit craft' in path; dial image"
"SHIP-42F9FB612832","lancerclasspursuitcraft","Lancer-class Pursuit Craft","large","DialTexture",True,"review",2,100,"high","first-edition-dials","AST-8E1280D71D0C9CE7","assets/source/first-edition-dials/scumandvillainy/lancerclasspursuitcraft.jpg","ship alias 'lancer-class pursuit craft' in path; dial image"
"SHIP-42F9FB612832","lancerclasspursuitcraft","Lancer-class Pursuit Craft","large","DialTexture",True,"review",3,78,"medium","unified25","AST-8D940838C1B1D0F1","assets/source/unified25/assets/ships-v2/large/lancerclasspursuitcraft/icon.png","ship alias 'lancer-class pursuit craft' in path; ships-v2 location"
"SHIP-42F9FB612832","lancerclasspursuitcraft","Lancer-class Pursuit Craft","large","DialTexture",True,"review",4,78,"medium","unified25","AST-FAD11FF6F40D9250","assets/source/unified25/assets/ships-v2/large/lancerclasspursuitcraft/Textures/Standard.jpg","ship alias 'lancer-class pursuit craft' in path; ships-v2 location"
"SHIP-42F9FB612832","lancerclasspursuitcraft","Lancer-class Pursuit Craft","large","DialTexture",True,"review",5,70,"medium","generated","AST-BCA47B12555B7536","assets/generated/PilotBaseToken/scumandvillainy/lancerclasspursuitcraft/asajjventress__pilot-e73eef28dbc2.png","ship alias 'lancer-class pursuit craft' in path"
"SHIP-42F9FB612832","lancerclasspursuitcraft","Lancer-class Pursuit Craft","large","DialTexture",True,"review",6,70,"medium","generated","AST-1A688A45DD7A38E7","assets/generated/PilotBaseToken/scumandvillainy/lancerclasspursuitcraft/ketsuonyo__pilot-9f00c0ddb4e8.png","ship alias 'lancer-class pursuit craft' in path"
"SHIP-42F9FB612832","lancerclasspursuitcraft","Lancer-class Pursuit Craft","large","DialTexture",True,"review",7,70,"medium","generated","AST-5A87BE1C04907A6A","assets/generated/PilotBaseToken/scumandvillainy/lancerclasspursuitcraft/sabinewren__pilot-cd598bb7c3bd.png","ship alias 'lancer-class pursuit craft' in path"
"SHIP-42F9FB612832","lancerclasspursuitcraft","Lancer-class Pursuit Craft","large","DialTexture",True,"review",8,70,"medium","generated","AST-0DF41305BDA1FD27","assets/generated/PilotBaseToken/scumandvillainy/lancerclasspursuitcraft/shadowporthunter__pilot-8a9e83fbee45.png","ship alias 'lancer-class pursuit craft' in path"
"SHIP-42F9FB612832","lancerclasspursuitcraft","Lancer-class Pursuit Craft","large","DialModel",False,"review",1,78,"medium","unified25","AST-3190DC275EB673E1","assets/source/unified25/assets/ships-v2/large/lancerclasspursuitcraft/lancer.obj","ship alias 'lancer-class pursuit craft' in path; ships-v2 location"
"SHIP-42F9FB612832","lancerclasspursuitcraft","Lancer-class Pursuit Craft","large","DialModel",False,"review",2,61,"medium","unified25","AST-57BEB2010FE98098","assets/source/unified25/assets/ships/Large/SCU_lancer/lancer.obj","ship alias 'lancer' in path; ships location"
"SHIP-42F9FB612832","lancerclasspursuitcraft","Lancer-class Pursuit Craft","large","DialModel",False,"review",3,61,"medium","unified25","AST-060046F9345F764E","assets/source/unified25/assets/ships/Large/SCU_lancer/v2/lancer.obj","ship alias 'lancer' in path; ships location"
"SHIP-42F9FB612832","lancerclasspursuitcraft","Lancer-class Pursuit Craft","large","DialModel",False,"review",4,61,"medium","unified25","AST-060046F9345F764E","assets/source/unified25/assets/ships/Large/SCU_lancer/v3/lancer.obj","ship alias 'lancer' in path; ships location"
"SHIP-42F9FB612832","lancerclasspursuitcraft","Lancer-class Pursuit Craft","large","DialModel",False,"review",5,43,"low","unified25","AST-069F572272E201A4","assets/source/unified25/assets/ships-v2/medium/firesprayclasspatrolcraft/firespray.obj","ship alias 'craft' in path; ships-v2 location"
"SHIP-42F9FB612832","lancerclasspursuitcraft","Lancer-class Pursuit Craft","large","DialModel",False,"review",6,43,"low","unified25","AST-9949BCE9B9663CB1","assets/source/unified25/assets/ships-v2/medium/firesprayclasspatrolcraft/firesprayV2.obj","ship alias 'craft' in path; ships-v2 location"
"SHIP-42F9FB612832","lancerclasspursuitcraft","Lancer-class Pursuit Craft","large","DialModel",False,"review",7,43,"low","unified25","AST-E5F5F60981402D16","assets/source/unified25/assets/ships-v2/medium/firesprayclasspatrolcraft/firesprayV3-canopy.obj","ship alias 'craft' in path; ships-v2 location"
"SHIP-42F9FB612832","lancerclasspursuitcraft","Lancer-class Pursuit Craft","large","DialModel",False,"review",8,43,"low","unified25","AST-7D53C07E6953009F","assets/source/unified25/assets/ships-v2/medium/firesprayclasspatrolcraft/firesprayV3.obj","ship alias 'craft' in path; ships-v2 location"
"SHIP-42F9FB612832","lancerclasspursuitcraft","Lancer-class Pursuit Craft","large","ShipScript",False,"missing",,,,,,,
"SHIP-F3FAD61215EB","m12lkimogilafighter","M12-L Kimogila Fighter","small","ShipModel",True,"clear",1,100,"high","unified25","AST-261E45837DD6C65E","assets/source/unified25/assets/ships-v2/medium/m12lkimogilafighter/kimogila.obj","ship alias 'm12-l kimogila fighter' in path; ships-v2 location; OBJ model"
"SHIP-F3FAD61215EB","m12lkimogilafighter","M12-L Kimogila Fighter","small","ShipModel",True,"clear",2,86,"high","unified25","AST-DA459BD8C9B7BBAD","assets/source/unified25/assets/ships/Medium/SCU_kimogila/kimogila.obj","ship alias 'kimogila' in path; ships location; OBJ model"
"SHIP-F3FAD61215EB","m12lkimogilafighter","M12-L Kimogila Fighter","small","ShipTexture",True,"review",1,100,"high","unified25","AST-605330AA97631C0B","assets/source/unified25/assets/ships-v2/medium/m12lkimogilafighter/Icon.png","ship alias 'm12-l kimogila fighter' in path; ships-v2 location; ship image/texture"
"SHIP-F3FAD61215EB","m12lkimogilafighter","M12-L Kimogila Fighter","small","ShipTexture",True,"review",2,100,"high","unified25","AST-4546F43D04173361","assets/source/unified25/assets/ships-v2/medium/m12lkimogilafighter/Textures/CartelExecutioner.png","ship alias 'm12-l kimogila fighter' in path; ships-v2 location; ship image/texture"
"SHIP-F3FAD61215EB","m12lkimogilafighter","M12-L Kimogila Fighter","small","ShipTexture",True,"review",3,100,"high","unified25","AST-0E1823AE8DF54AED","assets/source/unified25/assets/ships-v2/medium/m12lkimogilafighter/Textures/DalanOberos.png","ship alias 'm12-l kimogila fighter' in path; ships-v2 location; ship image/texture"
"SHIP-F3FAD61215EB","m12lkimogilafighter","M12-L Kimogila Fighter","small","ShipTexture",True,"review",4,100,"high","unified25","AST-3B9F5809D18ED688","assets/source/unified25/assets/ships-v2/medium/m12lkimogilafighter/Textures/ToraniKulda.png","ship alias 'm12-l kimogila fighter' in path; ships-v2 location; ship image/texture"
"SHIP-F3FAD61215EB","m12lkimogilafighter","M12-L Kimogila Fighter","small","ShipTexture",True,"review",5,92,"high","generated","AST-9912CF46FD81F9A4","assets/generated/FirstEditionDialTexture/scumandvillainy/m12lkimogilafighter__dial-bf07c94d6f49.png","ship alias 'm12-l kimogila fighter' in path; ship image/texture"
"SHIP-F3FAD61215EB","m12lkimogilafighter","M12-L Kimogila Fighter","small","ShipTexture",True,"review",6,83,"medium","unified25","AST-718F44626A2FC782","assets/source/unified25/assets/ships/Medium/SCU_kimogila/CartelExecutioner.png","ship alias 'kimogila' in path; ships location; ship image/texture"
"SHIP-F3FAD61215EB","m12lkimogilafighter","M12-L Kimogila Fighter","small","ShipTexture",True,"review",7,83,"medium","unified25","AST-AC053390BD5D0A3C","assets/source/unified25/assets/ships/Medium/SCU_kimogila/DalanOberos.png","ship alias 'kimogila' in path; ships location; ship image/texture"
"SHIP-F3FAD61215EB","m12lkimogilafighter","M12-L Kimogila Fighter","small","ShipTexture",True,"review",8,83,"medium","unified25","AST-15813A7B7B650ED3","assets/source/unified25/assets/ships/Medium/SCU_kimogila/ToraniKulda.png","ship alias 'kimogila' in path; ships location; ship image/texture"
"SHIP-F3FAD61215EB","m12lkimogilafighter","M12-L Kimogila Fighter","small","BaseToken",True,"review",1,98,"high","generated","AST-327FDF9FB822B84B","assets/generated/PilotBaseToken/scumandvillainy/m12lkimogilafighter/cartelbrute__pilot-8e3388a632f5.png","ship alias 'm12-l kimogila fighter' in path; token/base image"
"SHIP-F3FAD61215EB","m12lkimogilafighter","M12-L Kimogila Fighter","small","BaseToken",True,"review",2,98,"high","generated","AST-861F64E4F28B94A8","assets/generated/PilotBaseToken/scumandvillainy/m12lkimogilafighter/cartelexecutioner__pilot-4e5b3c6c644f.png","ship alias 'm12-l kimogila fighter' in path; token/base image"
"SHIP-F3FAD61215EB","m12lkimogilafighter","M12-L Kimogila Fighter","small","BaseToken",True,"review",3,98,"high","generated","AST-BA353BA3B62CAD46","assets/generated/PilotBaseToken/scumandvillainy/m12lkimogilafighter/dalanoberos__pilot-54cd395be440.png","ship alias 'm12-l kimogila fighter' in path; token/base image"
"SHIP-F3FAD61215EB","m12lkimogilafighter","M12-L Kimogila Fighter","small","BaseToken",True,"review",4,98,"high","generated","AST-0B91D366E443B320","assets/generated/PilotBaseToken/scumandvillainy/m12lkimogilafighter/toranikulda__pilot-3d71d27165ea.png","ship alias 'm12-l kimogila fighter' in path; token/base image"
"SHIP-F3FAD61215EB","m12lkimogilafighter","M12-L Kimogila Fighter","small","BaseToken",True,"review",5,78,"medium","unified25","AST-605330AA97631C0B","assets/source/unified25/assets/ships-v2/medium/m12lkimogilafighter/Icon.png","ship alias 'm12-l kimogila fighter' in path; ships-v2 location"
"SHIP-F3FAD61215EB","m12lkimogilafighter","M12-L Kimogila Fighter","small","BaseToken",True,"review",6,78,"medium","unified25","AST-4546F43D04173361","assets/source/unified25/assets/ships-v2/medium/m12lkimogilafighter/Textures/CartelExecutioner.png","ship alias 'm12-l kimogila fighter' in path; ships-v2 location"
"SHIP-F3FAD61215EB","m12lkimogilafighter","M12-L Kimogila Fighter","small","BaseToken",True,"review",7,78,"medium","unified25","AST-0E1823AE8DF54AED","assets/source/unified25/assets/ships-v2/medium/m12lkimogilafighter/Textures/DalanOberos.png","ship alias 'm12-l kimogila fighter' in path; ships-v2 location"
"SHIP-F3FAD61215EB","m12lkimogilafighter","M12-L Kimogila Fighter","small","BaseToken",True,"review",8,78,"medium","unified25","AST-3B9F5809D18ED688","assets/source/unified25/assets/ships-v2/medium/m12lkimogilafighter/Textures/ToraniKulda.png","ship alias 'm12-l kimogila fighter' in path; ships-v2 location"
"SHIP-F3FAD61215EB","m12lkimogilafighter","M12-L Kimogila Fighter","small","DialTexture",True,"review",1,100,"high","generated","AST-9912CF46FD81F9A4","assets/generated/FirstEditionDialTexture/scumandvillainy/m12lkimogilafighter__dial-bf07c94d6f49.png","ship alias 'm12-l kimogila fighter' in path; dial image"
"SHIP-F3FAD61215EB","m12lkimogilafighter","M12-L Kimogila Fighter","small","DialTexture",True,"review",2,100,"high","first-edition-dials","AST-9912CF46FD81F9A4","assets/source/first-edition-dials/scumandvillainy/m12lkimogilafighter.png","ship alias 'm12-l kimogila fighter' in path; dial image"
"SHIP-F3FAD61215EB","m12lkimogilafighter","M12-L Kimogila Fighter","small","DialTexture",True,"review",3,78,"medium","unified25","AST-605330AA97631C0B","assets/source/unified25/assets/ships-v2/medium/m12lkimogilafighter/Icon.png","ship alias 'm12-l kimogila fighter' in path; ships-v2 location"
"SHIP-F3FAD61215EB","m12lkimogilafighter","M12-L Kimogila Fighter","small","DialTexture",True,"review",4,78,"medium","unified25","AST-4546F43D04173361","assets/source/unified25/assets/ships-v2/medium/m12lkimogilafighter/Textures/CartelExecutioner.png","ship alias 'm12-l kimogila fighter' in path; ships-v2 location"
"SHIP-F3FAD61215EB","m12lkimogilafighter","M12-L Kimogila Fighter","small","DialTexture",True,"review",5,78,"medium","unified25","AST-0E1823AE8DF54AED","assets/source/unified25/assets/ships-v2/medium/m12lkimogilafighter/Textures/DalanOberos.png","ship alias 'm12-l kimogila fighter' in path; ships-v2 location"
"SHIP-F3FAD61215EB","m12lkimogilafighter","M12-L Kimogila Fighter","small","DialTexture",True,"review",6,78,"medium","unified25","AST-3B9F5809D18ED688","assets/source/unified25/assets/ships-v2/medium/m12lkimogilafighter/Textures/ToraniKulda.png","ship alias 'm12-l kimogila fighter' in path; ships-v2 location"
"SHIP-F3FAD61215EB","m12lkimogilafighter","M12-L Kimogila Fighter","small","DialTexture",True,"review",7,70,"medium","generated","AST-327FDF9FB822B84B","assets/generated/PilotBaseToken/scumandvillainy/m12lkimogilafighter/cartelbrute__pilot-8e3388a632f5.png","ship alias 'm12-l kimogila fighter' in path"
"SHIP-F3FAD61215EB","m12lkimogilafighter","M12-L Kimogila Fighter","small","DialTexture",True,"review",8,70,"medium","generated","AST-861F64E4F28B94A8","assets/generated/PilotBaseToken/scumandvillainy/m12lkimogilafighter/cartelexecutioner__pilot-4e5b3c6c644f.png","ship alias 'm12-l kimogila fighter' in path"
"SHIP-F3FAD61215EB","m12lkimogilafighter","M12-L Kimogila Fighter","small","DialModel",False,"review",1,78,"medium","unified25","AST-261E45837DD6C65E","assets/source/unified25/assets/ships-v2/medium/m12lkimogilafighter/kimogila.obj","ship alias 'm12-l kimogila fighter' in path; ships-v2 location"
"SHIP-F3FAD61215EB","m12lkimogilafighter","M12-L Kimogila Fighter","small","DialModel",False,"review",2,61,"medium","unified25","AST-DA459BD8C9B7BBAD","assets/source/unified25/assets/ships/Medium/SCU_kimogila/kimogila.obj","ship alias 'kimogila' in path; ships location"
"SHIP-F3FAD61215EB","m12lkimogilafighter","M12-L Kimogila Fighter","small","ShipScript",False,"missing",,,,,,,
"SHIP-4FC3623ACC9A","m3ainterceptor","M3-A Interceptor","small","ShipModel",True,"review",1,100,"high","unified25","AST-6D330C84D7548093","assets/source/unified25/assets/ships-v2/small/m3ainterceptor/m3a.obj","ship alias 'm3-a interceptor' in path; ships-v2 location; OBJ model"
"SHIP-4FC3623ACC9A","m3ainterceptor","M3-A Interceptor","small","ShipModel",True,"review",2,100,"high","unified25","AST-925D5C0C1B10A6DE","assets/source/unified25/assets/ships-v2/small/tiebainterceptor/TieBa.obj","ship alias 'interceptor' in path; ships-v2 location; OBJ model"
"SHIP-4FC3623ACC9A","m3ainterceptor","M3-A Interceptor","small","ShipModel",True,"review",3,100,"high","unified25","AST-1BCE7F19C01B853A","assets/source/unified25/assets/ships-v2/small/tiebainterceptor/TieBaron.obj","ship alias 'interceptor' in path; ships-v2 location; OBJ model"
"SHIP-4FC3623ACC9A","m3ainterceptor","M3-A Interceptor","small","ShipModel",True,"review",4,100,"high","unified25","AST-A1A83EBD8CA54AC2","assets/source/unified25/assets/ships-v2/small/tieininterceptor/tieinterceptor.obj","ship alias 'interceptor' in path; ships-v2 location; OBJ model"
"SHIP-4FC3623ACC9A","m3ainterceptor","M3-A Interceptor","small","ShipModel",True,"review",5,100,"high","unified25","AST-2642883FBEE85D32","assets/source/unified25/assets/ships-v2/small/tiewiwhispermodifiedinterceptor/TIE_Wi.obj","ship alias 'interceptor' in path; ships-v2 location; OBJ model"
"SHIP-4FC3623ACC9A","m3ainterceptor","M3-A Interceptor","small","ShipModel",True,"review",6,100,"high","unified25","AST-CD5591CA0F13E433","assets/source/unified25/assets/ships-v2/small/tiewiwhispermodifiedinterceptor/TIE_Wiv2.obj","ship alias 'interceptor' in path; ships-v2 location; OBJ model"
"SHIP-4FC3623ACC9A","m3ainterceptor","M3-A Interceptor","small","ShipModel",True,"review",7,100,"high","unified25","AST-B548DB03FF5E2215","assets/source/unified25/assets/ships/Small/EMP_tieinterceptor/tieinterceptor.obj","ship alias 'interceptor' in path; ships location; OBJ model"
"SHIP-4FC3623ACC9A","m3ainterceptor","M3-A Interceptor","small","ShipTexture",True,"review",1,100,"high","unified25","AST-1DD47A4BC70D25FD","assets/source/unified25/assets/ships-v2/small/m3ainterceptor/Icon.png","ship alias 'm3-a interceptor' in path; ships-v2 location; ship image/texture"
"SHIP-4FC3623ACC9A","m3ainterceptor","M3-A Interceptor","small","ShipTexture",True,"review",2,100,"high","unified25","AST-04C3EE4BECF03161","assets/source/unified25/assets/ships-v2/small/m3ainterceptor/Textures/CartelSpacer.jpg","ship alias 'm3-a interceptor' in path; ships-v2 location; ship image/texture"
"SHIP-4FC3623ACC9A","m3ainterceptor","M3-A Interceptor","small","ShipTexture",True,"review",3,100,"high","unified25","AST-71AE91371C945BBC","assets/source/unified25/assets/ships-v2/small/m3ainterceptor/Textures/CartelSpacer.png","ship alias 'm3-a interceptor' in path; ships-v2 location; ship image/texture"
"SHIP-4FC3623ACC9A","m3ainterceptor","M3-A Interceptor","small","ShipTexture",True,"review",4,100,"high","unified25","AST-FBB53AA0825F5BD8","assets/source/unified25/assets/ships-v2/small/m3ainterceptor/Textures/G4rG0r.jpg","ship alias 'm3-a interceptor' in path; ships-v2 location; ship image/texture"
"SHIP-4FC3623ACC9A","m3ainterceptor","M3-A Interceptor","small","ShipTexture",True,"review",5,100,"high","unified25","AST-A179C7CE45DC4F39","assets/source/unified25/assets/ships-v2/small/m3ainterceptor/Textures/G4rG0r.png","ship alias 'm3-a interceptor' in path; ships-v2 location; ship image/texture"
"SHIP-4FC3623ACC9A","m3ainterceptor","M3-A Interceptor","small","ShipTexture",True,"review",6,100,"high","unified25","AST-D5ADE14AFD30BCF0","assets/source/unified25/assets/ships-v2/small/m3ainterceptor/Textures/GenesisRed.jpg","ship alias 'm3-a interceptor' in path; ships-v2 location; ship image/texture"
"SHIP-4FC3623ACC9A","m3ainterceptor","M3-A Interceptor","small","ShipTexture",True,"review",7,100,"high","unified25","AST-CBC4098E61191B37","assets/source/unified25/assets/ships-v2/small/m3ainterceptor/Textures/GenesisRed.png","ship alias 'm3-a interceptor' in path; ships-v2 location; ship image/texture"
"SHIP-4FC3623ACC9A","m3ainterceptor","M3-A Interceptor","small","ShipTexture",True,"review",8,100,"high","unified25","AST-EE2BBBA7FF0AD012","assets/source/unified25/assets/ships-v2/small/m3ainterceptor/Textures/SunnyBounder.jpg","ship alias 'm3-a interceptor' in path; ships-v2 location; ship image/texture"
"SHIP-4FC3623ACC9A","m3ainterceptor","M3-A Interceptor","small","BaseToken",True,"review",1,98,"high","generated","AST-7415A41848E9B8DE","assets/generated/PilotBaseToken/galacticempire/tieinterceptor/alphasquadronpilot__pilot-8b20dcc32738.png","ship alias 'interceptor' in path; token/base image"
"SHIP-4FC3623ACC9A","m3ainterceptor","M3-A Interceptor","small","BaseToken",True,"review",2,98,"high","generated","AST-FF44A73A31EFF5D0","assets/generated/PilotBaseToken/galacticempire/tieinterceptor/avengersquadronpilot__pilot-a62d21a2101d.png","ship alias 'interceptor' in path; token/base image"
"SHIP-4FC3623ACC9A","m3ainterceptor","M3-A Interceptor","small","BaseToken",True,"review",3,98,"high","generated","AST-0A4215C1068A2FCD","assets/generated/PilotBaseToken/galacticempire/tieinterceptor/carnorjax__pilot-566a4beecb74.png","ship alias 'interceptor' in path; token/base image"
"SHIP-4FC3623ACC9A","m3ainterceptor","M3-A Interceptor","small","BaseToken",True,"review",4,98,"high","generated","AST-839EC67AC83DFD65","assets/generated/PilotBaseToken/galacticempire/tieinterceptor/felswrath__pilot-3cbe4e95e295.png","ship alias 'interceptor' in path; token/base image"
"SHIP-4FC3623ACC9A","m3ainterceptor","M3-A Interceptor","small","BaseToken",True,"review",5,98,"high","generated","AST-B98399A4AA7504F5","assets/generated/PilotBaseToken/galacticempire/tieinterceptor/kirkanos__pilot-d869dca4c483.png","ship alias 'interceptor' in path; token/base image"
"SHIP-4FC3623ACC9A","m3ainterceptor","M3-A Interceptor","small","BaseToken",True,"review",6,98,"high","generated","AST-8D5FE868DEAF6D64","assets/generated/PilotBaseToken/galacticempire/tieinterceptor/lieutenantlorrir__pilot-f6adbd0d6a79.png","ship alias 'interceptor' in path; token/base image"
"SHIP-4FC3623ACC9A","m3ainterceptor","M3-A Interceptor","small","BaseToken",True,"review",7,98,"high","generated","AST-268EC4A567F92083","assets/generated/PilotBaseToken/galacticempire/tieinterceptor/royalguardpilot__pilot-3187e5d8cd00.png","ship alias 'interceptor' in path; token/base image"
"SHIP-4FC3623ACC9A","m3ainterceptor","M3-A Interceptor","small","BaseToken",True,"review",8,98,"high","generated","AST-083DEF13CCC0BBE9","assets/generated/PilotBaseToken/galacticempire/tieinterceptor/sabersquadronpilot__pilot-2141928f7263.png","ship alias 'interceptor' in path; token/base image"
"SHIP-4FC3623ACC9A","m3ainterceptor","M3-A Interceptor","small","DialTexture",True,"review",1,100,"high","generated","AST-2AF2ECBD24160581","assets/generated/FirstEditionDialTexture/galacticempire/tieinterceptor__dial-2af2ecbd2416.png","ship alias 'interceptor' in path; dial image"
"SHIP-4FC3623ACC9A","m3ainterceptor","M3-A Interceptor","small","DialTexture",True,"review",2,100,"high","generated","AST-B169E4C576588F5A","assets/generated/FirstEditionDialTexture/scumandvillainy/m3ainterceptor__dial-b169e4c57658.png","ship alias 'm3-a interceptor' in path; dial image"
"SHIP-4FC3623ACC9A","m3ainterceptor","M3-A Interceptor","small","DialTexture",True,"review",3,100,"high","first-edition-dials","AST-5BE4718CF1E56090","assets/source/first-edition-dials/galacticempire/tieinterceptor.jpg","ship alias 'interceptor' in path; dial image"
"SHIP-4FC3623ACC9A","m3ainterceptor","M3-A Interceptor","small","DialTexture",True,"review",4,100,"high","first-edition-dials","AST-4B479C023330F60E","assets/source/first-edition-dials/scumandvillainy/m3ainterceptor.jpg","ship alias 'm3-a interceptor' in path; dial image"
"SHIP-4FC3623ACC9A","m3ainterceptor","M3-A Interceptor","small","DialTexture",True,"review",5,78,"medium","unified25","AST-1DD47A4BC70D25FD","assets/source/unified25/assets/ships-v2/small/m3ainterceptor/Icon.png","ship alias 'm3-a interceptor' in path; ships-v2 location"
"SHIP-4FC3623ACC9A","m3ainterceptor","M3-A Interceptor","small","DialTexture",True,"review",6,78,"medium","unified25","AST-04C3EE4BECF03161","assets/source/unified25/assets/ships-v2/small/m3ainterceptor/Textures/CartelSpacer.jpg","ship alias 'm3-a interceptor' in path; ships-v2 location"
"SHIP-4FC3623ACC9A","m3ainterceptor","M3-A Interceptor","small","DialTexture",True,"review",7,78,"medium","unified25","AST-71AE91371C945BBC","assets/source/unified25/assets/ships-v2/small/m3ainterceptor/Textures/CartelSpacer.png","ship alias 'm3-a interceptor' in path; ships-v2 location"
"SHIP-4FC3623ACC9A","m3ainterceptor","M3-A Interceptor","small","DialTexture",True,"review",8,78,"medium","unified25","AST-FBB53AA0825F5BD8","assets/source/unified25/assets/ships-v2/small/m3ainterceptor/Textures/G4rG0r.jpg","ship alias 'm3-a interceptor' in path; ships-v2 location"
"SHIP-4FC3623ACC9A","m3ainterceptor","M3-A Interceptor","small","DialModel",False,"review",1,78,"medium","unified25","AST-6D330C84D7548093","assets/source/unified25/assets/ships-v2/small/m3ainterceptor/m3a.obj","ship alias 'm3-a interceptor' in path; ships-v2 location"
"SHIP-4FC3623ACC9A","m3ainterceptor","M3-A Interceptor","small","DialModel",False,"review",2,78,"medium","unified25","AST-925D5C0C1B10A6DE","assets/source/unified25/assets/ships-v2/small/tiebainterceptor/TieBa.obj","ship alias 'interceptor' in path; ships-v2 location"
"SHIP-4FC3623ACC9A","m3ainterceptor","M3-A Interceptor","small","DialModel",False,"review",3,78,"medium","unified25","AST-1BCE7F19C01B853A","assets/source/unified25/assets/ships-v2/small/tiebainterceptor/TieBaron.obj","ship alias 'interceptor' in path; ships-v2 location"
"SHIP-4FC3623ACC9A","m3ainterceptor","M3-A Interceptor","small","DialModel",False,"review",4,78,"medium","unified25","AST-A1A83EBD8CA54AC2","assets/source/unified25/assets/ships-v2/small/tieininterceptor/tieinterceptor.obj","ship alias 'interceptor' in path; ships-v2 location"
"SHIP-4FC3623ACC9A","m3ainterceptor","M3-A Interceptor","small","DialModel",False,"review",5,78,"medium","unified25","AST-2642883FBEE85D32","assets/source/unified25/assets/ships-v2/small/tiewiwhispermodifiedinterceptor/TIE_Wi.obj","ship alias 'interceptor' in path; ships-v2 location"
"SHIP-4FC3623ACC9A","m3ainterceptor","M3-A Interceptor","small","DialModel",False,"review",6,78,"medium","unified25","AST-CD5591CA0F13E433","assets/source/unified25/assets/ships-v2/small/tiewiwhispermodifiedinterceptor/TIE_Wiv2.obj","ship alias 'interceptor' in path; ships-v2 location"
"SHIP-4FC3623ACC9A","m3ainterceptor","M3-A Interceptor","small","DialModel",False,"review",7,76,"medium","unified25","AST-B548DB03FF5E2215","assets/source/unified25/assets/ships/Small/EMP_tieinterceptor/tieinterceptor.obj","ship alias 'interceptor' in path; ships location"
"SHIP-4FC3623ACC9A","m3ainterceptor","M3-A Interceptor","small","ShipScript",False,"missing",,,,,,,
"SHIP-91B1426FD17F","protectoratestarfighter","Protectorate Starfighter","small","ShipModel",True,"review",1,100,"high","unified25","AST-FD504231CBB3C56A","assets/source/unified25/assets/ships-v2/medium/arc170starfighter/arc.obj","ship alias 'starfighter' in path; ships-v2 location; OBJ model"
"SHIP-91B1426FD17F","protectoratestarfighter","Protectorate Starfighter","small","ShipModel",True,"review",2,100,"high","unified25","AST-22723AB2C5C4389B","assets/source/unified25/assets/ships-v2/medium/arc170starfighter/arc170.obj","ship alias 'starfighter' in path; ships-v2 location; OBJ model"
"SHIP-91B1426FD17F","protectoratestarfighter","Protectorate Starfighter","small","ShipModel",True,"review",3,100,"high","unified25","AST-023D520F53F02178","assets/source/unified25/assets/ships-v2/medium/g1astarfighter/g1a.obj","ship alias 'starfighter' in path; ships-v2 location; OBJ model"
"SHIP-91B1426FD17F","protectoratestarfighter","Protectorate Starfighter","small","ShipModel",True,"review",4,100,"high","unified25","AST-E2D271D62171E063","assets/source/unified25/assets/ships-v2/small/belbulab22starfighter/Belbullab.obj","ship alias 'starfighter' in path; ships-v2 location; OBJ model"
"SHIP-91B1426FD17F","protectoratestarfighter","Protectorate Starfighter","small","ShipModel",True,"review",5,100,"high","unified25","AST-1124BCC0C29F0A3B","assets/source/unified25/assets/ships-v2/small/belbulab22starfighter/Belbullab1.obj","ship alias 'starfighter' in path; ships-v2 location; OBJ model"
"SHIP-91B1426FD17F","protectoratestarfighter","Protectorate Starfighter","small","ShipModel",True,"review",6,100,"high","unified25","AST-DB8BEC636D402293","assets/source/unified25/assets/ships-v2/small/fangfighter/ship-base.obj","ship alias 'fangfighter' in path; ships-v2 location; OBJ model"
"SHIP-91B1426FD17F","protectoratestarfighter","Protectorate Starfighter","small","ShipModel",True,"review",7,100,"high","unified25","AST-A13E9F374748694B","assets/source/unified25/assets/ships-v2/small/nabooroyaln1starfighter/MandoN1.obj","ship alias 'starfighter' in path; ships-v2 location; OBJ model"
"SHIP-91B1426FD17F","protectoratestarfighter","Protectorate Starfighter","small","ShipModel",True,"review",8,100,"high","unified25","AST-274907631B13A2DC","assets/source/unified25/assets/ships-v2/small/nabooroyaln1starfighter/N1.obj","ship alias 'starfighter' in path; ships-v2 location; OBJ model"
"SHIP-91B1426FD17F","protectoratestarfighter","Protectorate Starfighter","small","ShipTexture",True,"review",1,100,"high","unified25","AST-7C9E80BE6B557BC0","assets/source/unified25/assets/ships-v2/medium/arc170starfighter/Icon.png","ship alias 'starfighter' in path; ships-v2 location; ship image/texture"
"SHIP-91B1426FD17F","protectoratestarfighter","Protectorate Starfighter","small","ShipTexture",True,"review",2,100,"high","unified25","AST-46E5080D15A965A3","assets/source/unified25/assets/ships-v2/medium/arc170starfighter/Textures/black.jpg","ship alias 'starfighter' in path; ships-v2 location; ship image/texture"
"SHIP-91B1426FD17F","protectoratestarfighter","Protectorate Starfighter","small","ShipTexture",True,"review",3,100,"high","unified25","AST-478474BB3B5771A4","assets/source/unified25/assets/ships-v2/medium/arc170starfighter/Textures/rebel.jpg","ship alias 'starfighter' in path; ships-v2 location; ship image/texture"
"SHIP-91B1426FD17F","protectoratestarfighter","Protectorate Starfighter","small","ShipTexture",True,"review",4,100,"high","unified25","AST-5F25DE37EE42049F","assets/source/unified25/assets/ships-v2/medium/arc170starfighter/Textures/rebel.png","ship alias 'starfighter' in path; ships-v2 location; ship image/texture"
"SHIP-91B1426FD17F","protectoratestarfighter","Protectorate Starfighter","small","ShipTexture",True,"review",5,100,"high","unified25","AST-7DF226716D4FF6B8","assets/source/unified25/assets/ships-v2/medium/arc170starfighter/Textures/republic-blue.jpg","ship alias 'starfighter' in path; ships-v2 location; ship image/texture"
"SHIP-91B1426FD17F","protectoratestarfighter","Protectorate Starfighter","small","ShipTexture",True,"review",6,100,"high","unified25","AST-4667B361A7A1E45F","assets/source/unified25/assets/ships-v2/medium/arc170starfighter/Textures/republic.png","ship alias 'starfighter' in path; ships-v2 location; ship image/texture"
"SHIP-91B1426FD17F","protectoratestarfighter","Protectorate Starfighter","small","ShipTexture",True,"review",7,100,"high","unified25","AST-B92A72BBC0085965","assets/source/unified25/assets/ships-v2/medium/arc170starfighter/Textures/republicblue.jpg","ship alias 'starfighter' in path; ships-v2 location; ship image/texture"
"SHIP-91B1426FD17F","protectoratestarfighter","Protectorate Starfighter","small","ShipTexture",True,"review",8,100,"high","unified25","AST-2D5C5D38D9FB9951","assets/source/unified25/assets/ships-v2/medium/arc170starfighter/Textures/republicred.jpg","ship alias 'starfighter' in path; ships-v2 location; ship image/texture"
"SHIP-91B1426FD17F","protectoratestarfighter","Protectorate Starfighter","small","BaseToken",True,"review",1,98,"high","generated","AST-675E61E911966E55","assets/generated/PilotBaseToken/scumandvillainy/g1astarfighter/4lom__pilot-3acc0b4a3795.png","ship alias 'starfighter' in path; token/base image"
"SHIP-91B1426FD17F","protectoratestarfighter","Protectorate Starfighter","small","BaseToken",True,"review",2,98,"high","generated","AST-821D2372E3E42131","assets/generated/PilotBaseToken/scumandvillainy/g1astarfighter/gandfindsman__pilot-fe672ed5ea46.png","ship alias 'starfighter' in path; token/base image"
"SHIP-91B1426FD17F","protectoratestarfighter","Protectorate Starfighter","small","BaseToken",True,"review",3,98,"high","generated","AST-3518F663C1A14419","assets/generated/PilotBaseToken/scumandvillainy/g1astarfighter/ruthlessfreelancer__pilot-f12f99b06c53.png","ship alias 'starfighter' in path; token/base image"
"SHIP-91B1426FD17F","protectoratestarfighter","Protectorate Starfighter","small","BaseToken",True,"review",4,98,"high","generated","AST-FB0B48AF54A6B3F1","assets/generated/PilotBaseToken/scumandvillainy/g1astarfighter/zuckuss__pilot-02501a6a0aa0.png","ship alias 'starfighter' in path; token/base image"
"SHIP-91B1426FD17F","protectoratestarfighter","Protectorate Starfighter","small","BaseToken",True,"review",5,98,"high","generated","AST-BE667A63CAECCBCC","assets/generated/PilotBaseToken/scumandvillainy/protectoratestarfighter/concorddawnace__pilot-f20e3c22e49d.png","ship alias 'protectorate starfighter' in path; token/base image"
"SHIP-91B1426FD17F","protectoratestarfighter","Protectorate Starfighter","small","BaseToken",True,"review",6,98,"high","generated","AST-E9BFF1EC5B566DD4","assets/generated/PilotBaseToken/scumandvillainy/protectoratestarfighter/concorddawnveteran__pilot-f98f18cc6d4d.png","ship alias 'protectorate starfighter' in path; token/base image"
"SHIP-91B1426FD17F","protectoratestarfighter","Protectorate Starfighter","small","BaseToken",True,"review",7,98,"high","generated","AST-6610A146A99123A9","assets/generated/PilotBaseToken/scumandvillainy/protectoratestarfighter/fennrau__pilot-23c52d18fcc8.png","ship alias 'protectorate starfighter' in path; token/base image"
"SHIP-91B1426FD17F","protectoratestarfighter","Protectorate Starfighter","small","BaseToken",True,"review",8,98,"high","generated","AST-4B37FDD608BA493C","assets/generated/PilotBaseToken/scumandvillainy/protectoratestarfighter/kadsolus__pilot-6be5fcd8cd1a.png","ship alias 'protectorate starfighter' in path; token/base image"
"SHIP-91B1426FD17F","protectoratestarfighter","Protectorate Starfighter","small","DialTexture",True,"review",1,100,"high","generated","AST-AA81BA1CDA121E2F","assets/generated/FirstEditionDialTexture/scumandvillainy/g1astarfighter__dial-aa81ba1cda12.png","ship alias 'starfighter' in path; dial image"
"SHIP-91B1426FD17F","protectoratestarfighter","Protectorate Starfighter","small","DialTexture",True,"review",2,100,"high","generated","AST-1DA4E16BCB7F7932","assets/generated/FirstEditionDialTexture/scumandvillainy/protectoratestarfighter__dial-1da4e16bcb7f.png","ship alias 'protectorate starfighter' in path; dial image"
"SHIP-91B1426FD17F","protectoratestarfighter","Protectorate Starfighter","small","DialTexture",True,"review",3,100,"high","first-edition-dials","AST-2764F20183D13C51","assets/source/first-edition-dials/scumandvillainy/g1astarfighter.jpg","ship alias 'starfighter' in path; dial image"
"SHIP-91B1426FD17F","protectoratestarfighter","Protectorate Starfighter","small","DialTexture",True,"review",4,100,"high","first-edition-dials","AST-FED00C5B803493C4","assets/source/first-edition-dials/scumandvillainy/protectoratestarfighter.jpg","ship alias 'protectorate starfighter' in path; dial image"
"SHIP-91B1426FD17F","protectoratestarfighter","Protectorate Starfighter","small","DialTexture",True,"review",5,78,"medium","unified25","AST-7C9E80BE6B557BC0","assets/source/unified25/assets/ships-v2/medium/arc170starfighter/Icon.png","ship alias 'starfighter' in path; ships-v2 location"
"SHIP-91B1426FD17F","protectoratestarfighter","Protectorate Starfighter","small","DialTexture",True,"review",6,78,"medium","unified25","AST-46E5080D15A965A3","assets/source/unified25/assets/ships-v2/medium/arc170starfighter/Textures/black.jpg","ship alias 'starfighter' in path; ships-v2 location"
"SHIP-91B1426FD17F","protectoratestarfighter","Protectorate Starfighter","small","DialTexture",True,"review",7,78,"medium","unified25","AST-478474BB3B5771A4","assets/source/unified25/assets/ships-v2/medium/arc170starfighter/Textures/rebel.jpg","ship alias 'starfighter' in path; ships-v2 location"
"SHIP-91B1426FD17F","protectoratestarfighter","Protectorate Starfighter","small","DialTexture",True,"review",8,78,"medium","unified25","AST-5F25DE37EE42049F","assets/source/unified25/assets/ships-v2/medium/arc170starfighter/Textures/rebel.png","ship alias 'starfighter' in path; ships-v2 location"
"SHIP-91B1426FD17F","protectoratestarfighter","Protectorate Starfighter","small","DialModel",False,"review",1,78,"medium","unified25","AST-FD504231CBB3C56A","assets/source/unified25/assets/ships-v2/medium/arc170starfighter/arc.obj","ship alias 'starfighter' in path; ships-v2 location"
"SHIP-91B1426FD17F","protectoratestarfighter","Protectorate Starfighter","small","DialModel",False,"review",2,78,"medium","unified25","AST-22723AB2C5C4389B","assets/source/unified25/assets/ships-v2/medium/arc170starfighter/arc170.obj","ship alias 'starfighter' in path; ships-v2 location"
"SHIP-91B1426FD17F","protectoratestarfighter","Protectorate Starfighter","small","DialModel",False,"review",3,78,"medium","unified25","AST-023D520F53F02178","assets/source/unified25/assets/ships-v2/medium/g1astarfighter/g1a.obj","ship alias 'starfighter' in path; ships-v2 location"
"SHIP-91B1426FD17F","protectoratestarfighter","Protectorate Starfighter","small","DialModel",False,"review",4,78,"medium","unified25","AST-E2D271D62171E063","assets/source/unified25/assets/ships-v2/small/belbulab22starfighter/Belbullab.obj","ship alias 'starfighter' in path; ships-v2 location"
"SHIP-91B1426FD17F","protectoratestarfighter","Protectorate Starfighter","small","DialModel",False,"review",5,78,"medium","unified25","AST-1124BCC0C29F0A3B","assets/source/unified25/assets/ships-v2/small/belbulab22starfighter/Belbullab1.obj","ship alias 'starfighter' in path; ships-v2 location"
"SHIP-91B1426FD17F","protectoratestarfighter","Protectorate Starfighter","small","DialModel",False,"review",6,78,"medium","unified25","AST-DB8BEC636D402293","assets/source/unified25/assets/ships-v2/small/fangfighter/ship-base.obj","ship alias 'fangfighter' in path; ships-v2 location"
"SHIP-91B1426FD17F","protectoratestarfighter","Protectorate Starfighter","small","DialModel",False,"review",7,78,"medium","unified25","AST-A13E9F374748694B","assets/source/unified25/assets/ships-v2/small/nabooroyaln1starfighter/MandoN1.obj","ship alias 'starfighter' in path; ships-v2 location"
"SHIP-91B1426FD17F","protectoratestarfighter","Protectorate Starfighter","small","DialModel",False,"review",8,78,"medium","unified25","AST-274907631B13A2DC","assets/source/unified25/assets/ships-v2/small/nabooroyaln1starfighter/N1.obj","ship alias 'starfighter' in path; ships-v2 location"
"SHIP-91B1426FD17F","protectoratestarfighter","Protectorate Starfighter","small","ShipScript",False,"missing",,,,,,,
"SHIP-1BC5599BA737","quadjumper","Quadjumper","small","ShipModel",True,"review",1,100,"high","unified25","AST-B818005FB94E6CCB","assets/source/unified25/assets/ships-v2/small/quadrijettransferspacetug/quadjumper.obj","ship alias 'quadrijettransferspacetug' in path; ships-v2 location; OBJ model"
"SHIP-1BC5599BA737","quadjumper","Quadjumper","small","ShipModel",True,"review",2,100,"high","unified25","AST-B472E3FDD7DCED40","assets/source/unified25/assets/ships/Small/S&V_quadjumper/quadjumper.obj","ship alias 'quadjumper' in path; ships location; OBJ model"
"SHIP-1BC5599BA737","quadjumper","Quadjumper","small","ShipTexture",True,"review",1,100,"high","unified25","AST-4ABFA91446B33A6C","assets/source/unified25/assets/ships-v2/small/quadrijettransferspacetug/quadjumper.png","ship alias 'quadrijettransferspacetug' in path; ships-v2 location; ship image/texture"
"SHIP-1BC5599BA737","quadjumper","Quadjumper","small","ShipTexture",True,"review",2,100,"high","unified25","AST-A2224DE21C312CF9","assets/source/unified25/assets/ships-v2/small/quadrijettransferspacetug/Textures/mining.jpg","ship alias 'quadrijettransferspacetug' in path; ships-v2 location; ship image/texture"
"SHIP-1BC5599BA737","quadjumper","Quadjumper","small","ShipTexture",True,"review",3,100,"high","unified25","AST-EC12B3254B16D8E2","assets/source/unified25/assets/ships-v2/small/quadrijettransferspacetug/Textures/standard.jpg","ship alias 'quadrijettransferspacetug' in path; ships-v2 location; ship image/texture"
"SHIP-1BC5599BA737","quadjumper","Quadjumper","small","ShipTexture",True,"review",4,98,"high","unified25","AST-28C0080E681BFD7A","assets/source/unified25/assets/ships/Small/S&V_quadjumper/quadjumper.png","ship alias 'quadjumper' in path; ships location; ship image/texture"
"SHIP-1BC5599BA737","quadjumper","Quadjumper","small","ShipTexture",True,"review",5,92,"high","generated","AST-4CC5CB8515DC638F","assets/generated/FirstEditionDialTexture/scumandvillainy/quadjumper__dial-4cc5cb8515dc.png","ship alias 'quadjumper' in path; ship image/texture"
"SHIP-1BC5599BA737","quadjumper","Quadjumper","small","ShipTexture",True,"review",6,70,"medium","generated","AST-AC042E8F24DCDD7D","assets/generated/PilotBaseToken/scumandvillainy/quadjumper/constablezuvio__pilot-5c3e62a09db1.png","ship alias 'quadjumper' in path"
"SHIP-1BC5599BA737","quadjumper","Quadjumper","small","ShipTexture",True,"review",7,70,"medium","generated","AST-434088C9421ACF1D","assets/generated/PilotBaseToken/scumandvillainy/quadjumper/jakkugunrunner__pilot-a3c94dea1fdd.png","ship alias 'quadjumper' in path"
"SHIP-1BC5599BA737","quadjumper","Quadjumper","small","ShipTexture",True,"review",8,70,"medium","generated","AST-4D8D3EEAA78C43A1","assets/generated/PilotBaseToken/scumandvillainy/quadjumper/sarcoplank__pilot-ad0af9f4fada.png","ship alias 'quadjumper' in path"
"SHIP-1BC5599BA737","quadjumper","Quadjumper","small","BaseToken",True,"review",1,98,"high","generated","AST-AC042E8F24DCDD7D","assets/generated/PilotBaseToken/scumandvillainy/quadjumper/constablezuvio__pilot-5c3e62a09db1.png","ship alias 'quadjumper' in path; token/base image"
"SHIP-1BC5599BA737","quadjumper","Quadjumper","small","BaseToken",True,"review",2,98,"high","generated","AST-434088C9421ACF1D","assets/generated/PilotBaseToken/scumandvillainy/quadjumper/jakkugunrunner__pilot-a3c94dea1fdd.png","ship alias 'quadjumper' in path; token/base image"
"SHIP-1BC5599BA737","quadjumper","Quadjumper","small","BaseToken",True,"review",3,98,"high","generated","AST-4D8D3EEAA78C43A1","assets/generated/PilotBaseToken/scumandvillainy/quadjumper/sarcoplank__pilot-ad0af9f4fada.png","ship alias 'quadjumper' in path; token/base image"
"SHIP-1BC5599BA737","quadjumper","Quadjumper","small","BaseToken",True,"review",4,98,"high","generated","AST-2DA0B6548D1A8131","assets/generated/PilotBaseToken/scumandvillainy/quadjumper/unkarplutt__pilot-92cc97d0c2a9.png","ship alias 'quadjumper' in path; token/base image"
"SHIP-1BC5599BA737","quadjumper","Quadjumper","small","BaseToken",True,"review",5,78,"medium","unified25","AST-4ABFA91446B33A6C","assets/source/unified25/assets/ships-v2/small/quadrijettransferspacetug/quadjumper.png","ship alias 'quadrijettransferspacetug' in path; ships-v2 location"
"SHIP-1BC5599BA737","quadjumper","Quadjumper","small","BaseToken",True,"review",6,78,"medium","unified25","AST-A2224DE21C312CF9","assets/source/unified25/assets/ships-v2/small/quadrijettransferspacetug/Textures/mining.jpg","ship alias 'quadrijettransferspacetug' in path; ships-v2 location"
"SHIP-1BC5599BA737","quadjumper","Quadjumper","small","BaseToken",True,"review",7,78,"medium","unified25","AST-EC12B3254B16D8E2","assets/source/unified25/assets/ships-v2/small/quadrijettransferspacetug/Textures/standard.jpg","ship alias 'quadrijettransferspacetug' in path; ships-v2 location"
"SHIP-1BC5599BA737","quadjumper","Quadjumper","small","BaseToken",True,"review",8,76,"medium","unified25","AST-28C0080E681BFD7A","assets/source/unified25/assets/ships/Small/S&V_quadjumper/quadjumper.png","ship alias 'quadjumper' in path; ships location"
"SHIP-1BC5599BA737","quadjumper","Quadjumper","small","DialTexture",True,"review",1,100,"high","generated","AST-4CC5CB8515DC638F","assets/generated/FirstEditionDialTexture/scumandvillainy/quadjumper__dial-4cc5cb8515dc.png","ship alias 'quadjumper' in path; dial image"
"SHIP-1BC5599BA737","quadjumper","Quadjumper","small","DialTexture",True,"review",2,100,"high","first-edition-dials","AST-F2D2E699F74307AF","assets/source/first-edition-dials/scumandvillainy/quadjumper.jpg","ship alias 'quadjumper' in path; dial image"
"SHIP-1BC5599BA737","quadjumper","Quadjumper","small","DialTexture",True,"review",3,78,"medium","unified25","AST-4ABFA91446B33A6C","assets/source/unified25/assets/ships-v2/small/quadrijettransferspacetug/quadjumper.png","ship alias 'quadrijettransferspacetug' in path; ships-v2 location"
"SHIP-1BC5599BA737","quadjumper","Quadjumper","small","DialTexture",True,"review",4,78,"medium","unified25","AST-A2224DE21C312CF9","assets/source/unified25/assets/ships-v2/small/quadrijettransferspacetug/Textures/mining.jpg","ship alias 'quadrijettransferspacetug' in path; ships-v2 location"
"SHIP-1BC5599BA737","quadjumper","Quadjumper","small","DialTexture",True,"review",5,78,"medium","unified25","AST-EC12B3254B16D8E2","assets/source/unified25/assets/ships-v2/small/quadrijettransferspacetug/Textures/standard.jpg","ship alias 'quadrijettransferspacetug' in path; ships-v2 location"
"SHIP-1BC5599BA737","quadjumper","Quadjumper","small","DialTexture",True,"review",6,76,"medium","unified25","AST-28C0080E681BFD7A","assets/source/unified25/assets/ships/Small/S&V_quadjumper/quadjumper.png","ship alias 'quadjumper' in path; ships location"
"SHIP-1BC5599BA737","quadjumper","Quadjumper","small","DialTexture",True,"review",7,70,"medium","generated","AST-AC042E8F24DCDD7D","assets/generated/PilotBaseToken/scumandvillainy/quadjumper/constablezuvio__pilot-5c3e62a09db1.png","ship alias 'quadjumper' in path"
"SHIP-1BC5599BA737","quadjumper","Quadjumper","small","DialTexture",True,"review",8,70,"medium","generated","AST-434088C9421ACF1D","assets/generated/PilotBaseToken/scumandvillainy/quadjumper/jakkugunrunner__pilot-a3c94dea1fdd.png","ship alias 'quadjumper' in path"
"SHIP-1BC5599BA737","quadjumper","Quadjumper","small","DialModel",False,"review",1,78,"medium","unified25","AST-B818005FB94E6CCB","assets/source/unified25/assets/ships-v2/small/quadrijettransferspacetug/quadjumper.obj","ship alias 'quadrijettransferspacetug' in path; ships-v2 location"
"SHIP-1BC5599BA737","quadjumper","Quadjumper","small","DialModel",False,"review",2,76,"medium","unified25","AST-B472E3FDD7DCED40","assets/source/unified25/assets/ships/Small/S&V_quadjumper/quadjumper.obj","ship alias 'quadjumper' in path; ships location"
"SHIP-1BC5599BA737","quadjumper","Quadjumper","small","ShipScript",False,"missing",,,,,,,
"SHIP-4C64DF0C9D6A","scurrgh6bomber","Scurrg H-6 Bomber","small","ShipModel",True,"clear",1,100,"high","unified25","AST-CB1CB2E162869313","assets/source/unified25/assets/ships-v2/medium/scurrgh6bomber/scurrg.obj","ship alias 'scurrg h-6 bomber' in path; ships-v2 location; OBJ model"
"SHIP-4C64DF0C9D6A","scurrgh6bomber","Scurrg H-6 Bomber","small","ShipModel",True,"clear",2,88,"high","unified25","AST-93755A2F557F6328","assets/source/unified25/assets/ships-v2/small/hyenaclassdroidbomber/Hyena_Closed.obj","ship alias 'bomber' in path; ships-v2 location; OBJ model"
"SHIP-4C64DF0C9D6A","scurrgh6bomber","Scurrg H-6 Bomber","small","ShipModel",True,"clear",3,88,"high","unified25","AST-66170B41E04CC7C7","assets/source/unified25/assets/ships-v2/small/hyenaclassdroidbomber/Hyena_Closedv2.obj","ship alias 'bomber' in path; ships-v2 location; OBJ model"
"SHIP-4C64DF0C9D6A","scurrgh6bomber","Scurrg H-6 Bomber","small","ShipModel",True,"clear",4,88,"high","unified25","AST-1CFF57FF3FBBA556","assets/source/unified25/assets/ships-v2/small/hyenaclassdroidbomber/Hyena_Open.obj","ship alias 'bomber' in path; ships-v2 location; OBJ model"
"SHIP-4C64DF0C9D6A","scurrgh6bomber","Scurrg H-6 Bomber","small","ShipModel",True,"clear",5,88,"high","unified25","AST-B2601CDD1FB1ED80","assets/source/unified25/assets/ships-v2/small/hyenaclassdroidbomber/Hyena_Openv2.obj","ship alias 'bomber' in path; ships-v2 location; OBJ model"
"SHIP-4C64DF0C9D6A","scurrgh6bomber","Scurrg H-6 Bomber","small","ShipModel",True,"clear",6,88,"high","unified25","AST-F92EB13A99D5AD31","assets/source/unified25/assets/ships-v2/small/tiesabomber/tiebomber.obj","ship alias 'bomber' in path; ships-v2 location; OBJ model"
"SHIP-4C64DF0C9D6A","scurrgh6bomber","Scurrg H-6 Bomber","small","ShipModel",True,"clear",7,88,"high","unified25","AST-0E72DDD18B7EE498","assets/source/unified25/assets/ships-v2/small/tiesebomber/tie_se.obj","ship alias 'bomber' in path; ships-v2 location; OBJ model"
"SHIP-4C64DF0C9D6A","scurrgh6bomber","Scurrg H-6 Bomber","small","ShipModel",True,"clear",8,88,"high","unified25","AST-30D0BAE49A1F1DB1","assets/source/unified25/assets/ships-v2/small/tiesebomber/tie_sev2.obj","ship alias 'bomber' in path; ships-v2 location; OBJ model"
"SHIP-4C64DF0C9D6A","scurrgh6bomber","Scurrg H-6 Bomber","small","ShipTexture",True,"review",1,100,"high","unified25","AST-58D5E94CD38FA4E1","assets/source/unified25/assets/ships-v2/medium/scurrgh6bomber/Icon.png","ship alias 'scurrg h-6 bomber' in path; ships-v2 location; ship image/texture"
"SHIP-4C64DF0C9D6A","scurrgh6bomber","Scurrg H-6 Bomber","small","ShipTexture",True,"review",2,100,"high","unified25","AST-C82706889C98976D","assets/source/unified25/assets/ships-v2/medium/scurrgh6bomber/Textures/orange.png","ship alias 'scurrg h-6 bomber' in path; ships-v2 location; ship image/texture"
"SHIP-4C64DF0C9D6A","scurrgh6bomber","Scurrg H-6 Bomber","small","ShipTexture",True,"review",3,100,"high","unified25","AST-39AEAB75991D7A05","assets/source/unified25/assets/ships-v2/medium/scurrgh6bomber/Textures/red.png","ship alias 'scurrg h-6 bomber' in path; ships-v2 location; ship image/texture"
"SHIP-4C64DF0C9D6A","scurrgh6bomber","Scurrg H-6 Bomber","small","ShipTexture",True,"review",4,92,"high","generated","AST-E6214398975A3801","assets/generated/FirstEditionDialTexture/rebelalliance/scurrgh6bomber__dial-e6214398975a.png","ship alias 'scurrg h-6 bomber' in path; ship image/texture"
"SHIP-4C64DF0C9D6A","scurrgh6bomber","Scurrg H-6 Bomber","small","ShipTexture",True,"review",5,92,"high","generated","AST-4EEB41563190AC4F","assets/generated/FirstEditionDialTexture/scumandvillainy/scurrgh6bomber__dial-4eeb41563190.png","ship alias 'scurrg h-6 bomber' in path; ship image/texture"
"SHIP-4C64DF0C9D6A","scurrgh6bomber","Scurrg H-6 Bomber","small","ShipTexture",True,"review",6,85,"high","unified25","AST-14FD5B9A53FA00AB","assets/source/unified25/assets/ships-v2/small/hyenaclassdroidbomber/Icon.png","ship alias 'bomber' in path; ships-v2 location; ship image/texture"
"SHIP-4C64DF0C9D6A","scurrgh6bomber","Scurrg H-6 Bomber","small","ShipTexture",True,"review",7,85,"high","unified25","AST-906BF425A95B17B7","assets/source/unified25/assets/ships-v2/small/hyenaclassdroidbomber/Textures/1/baktoid.jpg","ship alias 'bomber' in path; ships-v2 location; ship image/texture"
"SHIP-4C64DF0C9D6A","scurrgh6bomber","Scurrg H-6 Bomber","small","ShipTexture",True,"review",8,85,"high","unified25","AST-49E08FD09FA19151","assets/source/unified25/assets/ships-v2/small/hyenaclassdroidbomber/Textures/1/fourohfour.jpg","ship alias 'bomber' in path; ships-v2 location; ship image/texture"
"SHIP-4C64DF0C9D6A","scurrgh6bomber","Scurrg H-6 Bomber","small","BaseToken",True,"review",1,98,"high","generated","AST-0D8B75CB192EE51A","assets/generated/PilotBaseToken/rebelalliance/scurrgh6bomber/captainnym__pilot-443467780783.png","ship alias 'scurrg h-6 bomber' in path; token/base image"
"SHIP-4C64DF0C9D6A","scurrgh6bomber","Scurrg H-6 Bomber","small","BaseToken",True,"review",2,98,"high","generated","AST-313F01EFD370DB26","assets/generated/PilotBaseToken/scumandvillainy/scurrgh6bomber/captainnym__pilot-40a82a73b01f.png","ship alias 'scurrg h-6 bomber' in path; token/base image"
"SHIP-4C64DF0C9D6A","scurrgh6bomber","Scurrg H-6 Bomber","small","BaseToken",True,"review",3,98,"high","generated","AST-22CCFE364952692B","assets/generated/PilotBaseToken/scumandvillainy/scurrgh6bomber/karthakkpirate__pilot-fa5e5d36dbca.png","ship alias 'scurrg h-6 bomber' in path; token/base image"
"SHIP-4C64DF0C9D6A","scurrgh6bomber","Scurrg H-6 Bomber","small","BaseToken",True,"review",4,98,"high","generated","AST-457344B5DD62AC1F","assets/generated/PilotBaseToken/scumandvillainy/scurrgh6bomber/lokrevenant__pilot-43214c180796.png","ship alias 'scurrg h-6 bomber' in path; token/base image"
"SHIP-4C64DF0C9D6A","scurrgh6bomber","Scurrg H-6 Bomber","small","BaseToken",True,"review",5,98,"high","generated","AST-D5371D3708AB7D11","assets/generated/PilotBaseToken/scumandvillainy/scurrgh6bomber/solsixxa__pilot-39658d5b350b.png","ship alias 'scurrg h-6 bomber' in path; token/base image"
"SHIP-4C64DF0C9D6A","scurrgh6bomber","Scurrg H-6 Bomber","small","BaseToken",True,"review",6,83,"medium","generated","AST-EEB9EEBE6FCD379C","assets/generated/PilotBaseToken/galacticempire/tiebomber/captainjonus__pilot-bdaa55ad958f.png","ship alias 'bomber' in path; token/base image"
"SHIP-4C64DF0C9D6A","scurrgh6bomber","Scurrg H-6 Bomber","small","BaseToken",True,"review",7,83,"medium","generated","AST-02B3AFB01C02B8B4","assets/generated/PilotBaseToken/galacticempire/tiebomber/deathfire__pilot-1b8c5d844954.png","ship alias 'bomber' in path; token/base image"
"SHIP-4C64DF0C9D6A","scurrgh6bomber","Scurrg H-6 Bomber","small","BaseToken",True,"review",8,83,"medium","generated","AST-C43F2C889533E113","assets/generated/PilotBaseToken/galacticempire/tiebomber/gammasquadronpilot__pilot-b8141f8d7b11.png","ship alias 'bomber' in path; token/base image"
"SHIP-4C64DF0C9D6A","scurrgh6bomber","Scurrg H-6 Bomber","small","DialTexture",True,"review",1,100,"high","generated","AST-E6214398975A3801","assets/generated/FirstEditionDialTexture/rebelalliance/scurrgh6bomber__dial-e6214398975a.png","ship alias 'scurrg h-6 bomber' in path; dial image"
"SHIP-4C64DF0C9D6A","scurrgh6bomber","Scurrg H-6 Bomber","small","DialTexture",True,"review",2,100,"high","generated","AST-4EEB41563190AC4F","assets/generated/FirstEditionDialTexture/scumandvillainy/scurrgh6bomber__dial-4eeb41563190.png","ship alias 'scurrg h-6 bomber' in path; dial image"
"SHIP-4C64DF0C9D6A","scurrgh6bomber","Scurrg H-6 Bomber","small","DialTexture",True,"review",3,100,"high","first-edition-dials","AST-7B513AF80403C218","assets/source/first-edition-dials/rebelalliance/scurrgh6bomber.jpg","ship alias 'scurrg h-6 bomber' in path; dial image"
"SHIP-4C64DF0C9D6A","scurrgh6bomber","Scurrg H-6 Bomber","small","DialTexture",True,"review",4,100,"high","first-edition-dials","AST-3DDCDE505258236A","assets/source/first-edition-dials/scumandvillainy/scurrgh6bomber.jpg","ship alias 'scurrg h-6 bomber' in path; dial image"
"SHIP-4C64DF0C9D6A","scurrgh6bomber","Scurrg H-6 Bomber","small","DialTexture",True,"review",5,85,"high","generated","AST-CF8BA079EF2C744C","assets/generated/FirstEditionDialTexture/galacticempire/tiebomber__dial-cf8ba079ef2c.png","ship alias 'bomber' in path; dial image"
"SHIP-4C64DF0C9D6A","scurrgh6bomber","Scurrg H-6 Bomber","small","DialTexture",True,"review",6,85,"high","generated","AST-5A868CF6CF681EFF","assets/generated/FirstEditionDialTexture/resistance/bsf17bomber__dial-0a81758056f1.png","ship alias 'bomber' in path; dial image"
"SHIP-4C64DF0C9D6A","scurrgh6bomber","Scurrg H-6 Bomber","small","DialTexture",True,"review",7,85,"high","first-edition-dials","AST-2D7D1550DD9C921C","assets/source/first-edition-dials/galacticempire/tiebomber.jpg","ship alias 'bomber' in path; dial image"
"SHIP-4C64DF0C9D6A","scurrgh6bomber","Scurrg H-6 Bomber","small","DialTexture",True,"review",8,85,"high","first-edition-dials","AST-5A868CF6CF681EFF","assets/source/first-edition-dials/resistance/bsf17bomber.png","ship alias 'bomber' in path; dial image"
"SHIP-4C64DF0C9D6A","scurrgh6bomber","Scurrg H-6 Bomber","small","DialModel",False,"review",1,78,"medium","unified25","AST-CB1CB2E162869313","assets/source/unified25/assets/ships-v2/medium/scurrgh6bomber/scurrg.obj","ship alias 'scurrg h-6 bomber' in path; ships-v2 location"
"SHIP-4C64DF0C9D6A","scurrgh6bomber","Scurrg H-6 Bomber","small","DialModel",False,"review",2,63,"medium","unified25","AST-93755A2F557F6328","assets/source/unified25/assets/ships-v2/small/hyenaclassdroidbomber/Hyena_Closed.obj","ship alias 'bomber' in path; ships-v2 location"
"SHIP-4C64DF0C9D6A","scurrgh6bomber","Scurrg H-6 Bomber","small","DialModel",False,"review",3,63,"medium","unified25","AST-66170B41E04CC7C7","assets/source/unified25/assets/ships-v2/small/hyenaclassdroidbomber/Hyena_Closedv2.obj","ship alias 'bomber' in path; ships-v2 location"
"SHIP-4C64DF0C9D6A","scurrgh6bomber","Scurrg H-6 Bomber","small","DialModel",False,"review",4,63,"medium","unified25","AST-1CFF57FF3FBBA556","assets/source/unified25/assets/ships-v2/small/hyenaclassdroidbomber/Hyena_Open.obj","ship alias 'bomber' in path; ships-v2 location"
"SHIP-4C64DF0C9D6A","scurrgh6bomber","Scurrg H-6 Bomber","small","DialModel",False,"review",5,63,"medium","unified25","AST-B2601CDD1FB1ED80","assets/source/unified25/assets/ships-v2/small/hyenaclassdroidbomber/Hyena_Openv2.obj","ship alias 'bomber' in path; ships-v2 location"
"SHIP-4C64DF0C9D6A","scurrgh6bomber","Scurrg H-6 Bomber","small","DialModel",False,"review",6,63,"medium","unified25","AST-F92EB13A99D5AD31","assets/source/unified25/assets/ships-v2/small/tiesabomber/tiebomber.obj","ship alias 'bomber' in path; ships-v2 location"
"SHIP-4C64DF0C9D6A","scurrgh6bomber","Scurrg H-6 Bomber","small","DialModel",False,"review",7,63,"medium","unified25","AST-0E72DDD18B7EE498","assets/source/unified25/assets/ships-v2/small/tiesebomber/tie_se.obj","ship alias 'bomber' in path; ships-v2 location"
"SHIP-4C64DF0C9D6A","scurrgh6bomber","Scurrg H-6 Bomber","small","DialModel",False,"review",8,63,"medium","unified25","AST-30D0BAE49A1F1DB1","assets/source/unified25/assets/ships-v2/small/tiesebomber/tie_sev2.obj","ship alias 'bomber' in path; ships-v2 location"
"SHIP-4C64DF0C9D6A","scurrgh6bomber","Scurrg H-6 Bomber","small","ShipScript",False,"missing",,,,,,,
"SHIP-7ECDEFD3C896","sheathipedeclassshuttle","Sheathipede-class Shuttle","small","ShipModel",True,"review",1,100,"high","unified25","AST-201937CD12639DC3","assets/source/unified25/assets/ships-v2/small/sheathipedeclassshuttle/sheathipede.obj","ship alias 'sheathipede-class shuttle' in path; ships-v2 location; OBJ model"
"SHIP-7ECDEFD3C896","sheathipedeclassshuttle","Sheathipede-class Shuttle","small","ShipModel",True,"review",2,100,"high","unified25","AST-0B8FAA8B6815F1FE","assets/source/unified25/assets/ships-v2/small/sheathipedeclassshuttle/Sheathipede2.obj","ship alias 'sheathipede-class shuttle' in path; ships-v2 location; OBJ model"
"SHIP-7ECDEFD3C896","sheathipedeclassshuttle","Sheathipede-class Shuttle","small","ShipModel",True,"review",3,100,"high","unified25","AST-62375C8F1CD41C17","assets/source/unified25/assets/ships/Small/REB_sheathipede/sheathipede.obj","ship alias 'sheathipede' in path; ships location; OBJ model"
"SHIP-7ECDEFD3C896","sheathipedeclassshuttle","Sheathipede-class Shuttle","small","ShipModel",True,"review",4,88,"high","unified25","AST-1EFD2F981810CBA8","assets/source/unified25/assets/ships-v2/large/lambdaclasst4ashuttle/lambda.obj","ship alias 'shuttle' in path; ships-v2 location; OBJ model"
"SHIP-7ECDEFD3C896","sheathipedeclassshuttle","Sheathipede-class Shuttle","small","ShipModel",True,"review",5,88,"high","unified25","AST-DEDF8529DDD72271","assets/source/unified25/assets/ships-v2/large/lambdaclasst4ashuttle/lambdaclass.obj","ship alias 'shuttle' in path; ships-v2 location; OBJ model"
"SHIP-7ECDEFD3C896","sheathipedeclassshuttle","Sheathipede-class Shuttle","small","ShipModel",True,"review",6,88,"high","unified25","AST-66F3B9086B6E3AA4","assets/source/unified25/assets/ships-v2/large/upsilonclasscommandshuttle/Upsilon_Shuttle.obj","ship alias 'shuttle' in path; ships-v2 location; OBJ model"
"SHIP-7ECDEFD3C896","sheathipedeclassshuttle","Sheathipede-class Shuttle","small","ShipModel",True,"review",7,88,"high","unified25","AST-BA5F7E32E6C70CCF","assets/source/unified25/assets/ships-v2/medium/xiclasslightshuttle/XiClassLightShuttle.obj","ship alias 'shuttle' in path; ships-v2 location; OBJ model"
"SHIP-7ECDEFD3C896","sheathipedeclassshuttle","Sheathipede-class Shuttle","small","ShipModel",True,"review",8,88,"high","unified25","AST-1AD34DAD1DD6803F","assets/source/unified25/assets/ships-v2/small/attackshuttle/attackshuttle.obj","ship alias 'shuttle' in path; ships-v2 location; OBJ model"
"SHIP-7ECDEFD3C896","sheathipedeclassshuttle","Sheathipede-class Shuttle","small","ShipTexture",True,"review",1,100,"high","unified25","AST-0CD46B078D0D048E","assets/source/unified25/assets/ships-v2/small/sheathipedeclassshuttle/Sheathipede.png","ship alias 'sheathipede-class shuttle' in path; ships-v2 location; ship image/texture"
"SHIP-7ECDEFD3C896","sheathipedeclassshuttle","Sheathipede-class Shuttle","small","ShipTexture",True,"review",2,100,"high","unified25","AST-FBEF5DD1EB8E9098","assets/source/unified25/assets/ships-v2/small/sheathipedeclassshuttle/Textures/standard.jpg","ship alias 'sheathipede-class shuttle' in path; ships-v2 location; ship image/texture"
"SHIP-7ECDEFD3C896","sheathipedeclassshuttle","Sheathipede-class Shuttle","small","ShipTexture",True,"review",3,100,"high","unified25","AST-0757FE668CCE126E","assets/source/unified25/assets/ships-v2/small/sheathipedeclassshuttle/Textures/standard.png","ship alias 'sheathipede-class shuttle' in path; ships-v2 location; ship image/texture"
"SHIP-7ECDEFD3C896","sheathipedeclassshuttle","Sheathipede-class Shuttle","small","ShipTexture",True,"review",4,98,"high","unified25","AST-13B67F5B40B32567","assets/source/unified25/assets/ships/Rebel/Sheathipede/ap5.png","ship alias 'sheathipede' in path; ships location; ship image/texture"
"SHIP-7ECDEFD3C896","sheathipedeclassshuttle","Sheathipede-class Shuttle","small","ShipTexture",True,"review",5,98,"high","unified25","AST-327FECBB4C763822","assets/source/unified25/assets/ships/Rebel/Sheathipede/ezrabridger.png","ship alias 'sheathipede' in path; ships location; ship image/texture"
"SHIP-7ECDEFD3C896","sheathipedeclassshuttle","Sheathipede-class Shuttle","small","ShipTexture",True,"review",6,98,"high","unified25","AST-7411D1134D9E6DBA","assets/source/unified25/assets/ships/Rebel/Sheathipede/fennrau.png","ship alias 'sheathipede' in path; ships location; ship image/texture"
"SHIP-7ECDEFD3C896","sheathipedeclassshuttle","Sheathipede-class Shuttle","small","ShipTexture",True,"review",7,98,"high","unified25","AST-14BCE44CF15DF383","assets/source/unified25/assets/ships/Rebel/Sheathipede/zeborrelios.png","ship alias 'sheathipede' in path; ships location; ship image/texture"
"SHIP-7ECDEFD3C896","sheathipedeclassshuttle","Sheathipede-class Shuttle","small","ShipTexture",True,"review",8,92,"high","generated","AST-D09C0DDBF1D10B41","assets/generated/FirstEditionDialTexture/rebelalliance/sheathipedeclassshuttle__dial-f9d3cf0ce3a6.png","ship alias 'sheathipede-class shuttle' in path; ship image/texture"
"SHIP-7ECDEFD3C896","sheathipedeclassshuttle","Sheathipede-class Shuttle","small","BaseToken",True,"review",1,98,"high","generated","AST-8D0D2B668979F912","assets/generated/PilotBaseToken/rebelalliance/sheathipedeclassshuttle/ap5__pilot-24eed7fb9599.png","ship alias 'sheathipede-class shuttle' in path; token/base image"
"SHIP-7ECDEFD3C896","sheathipedeclassshuttle","Sheathipede-class Shuttle","small","BaseToken",True,"review",2,98,"high","generated","AST-1E89A5988C947E9C","assets/generated/PilotBaseToken/rebelalliance/sheathipedeclassshuttle/ezrabridger__pilot-a1fb4cd13d43.png","ship alias 'sheathipede-class shuttle' in path; token/base image"
"SHIP-7ECDEFD3C896","sheathipedeclassshuttle","Sheathipede-class Shuttle","small","BaseToken",True,"review",3,98,"high","generated","AST-2F3684BFDC718BA5","assets/generated/PilotBaseToken/rebelalliance/sheathipedeclassshuttle/fennrau__pilot-6736e13c64b7.png","ship alias 'sheathipede-class shuttle' in path; token/base image"
"SHIP-7ECDEFD3C896","sheathipedeclassshuttle","Sheathipede-class Shuttle","small","BaseToken",True,"review",4,98,"high","generated","AST-BD6AB90CCDF81045","assets/generated/PilotBaseToken/rebelalliance/sheathipedeclassshuttle/zeborrelios__pilot-6252cb094efa.png","ship alias 'sheathipede-class shuttle' in path; token/base image"
"SHIP-7ECDEFD3C896","sheathipedeclassshuttle","Sheathipede-class Shuttle","small","BaseToken",True,"review",5,89,"high","unified25","AST-EA3C32DFDC95A86A","assets/source/unified25/assets/ships/Large/FO_Upsilon_Shuttle/StarkillerBasePilot.png","ship alias 'shuttle' in path; ships location; token/base image"
"SHIP-7ECDEFD3C896","sheathipedeclassshuttle","Sheathipede-class Shuttle","small","BaseToken",True,"review",6,83,"medium","generated","AST-E56255881A7082F1","assets/generated/PilotBaseToken/firstorder/upsilonclassshuttle/kyloren__pilot-d10c643b9d5f.png","ship alias 'shuttle' in path; token/base image"
"SHIP-7ECDEFD3C896","sheathipedeclassshuttle","Sheathipede-class Shuttle","small","BaseToken",True,"review",7,83,"medium","generated","AST-1D42DE676CAB3B07","assets/generated/PilotBaseToken/firstorder/upsilonclassshuttle/lieutenantdormitz__pilot-ce8814af4a55.png","ship alias 'shuttle' in path; token/base image"
"SHIP-7ECDEFD3C896","sheathipedeclassshuttle","Sheathipede-class Shuttle","small","BaseToken",True,"review",8,83,"medium","generated","AST-1DC72C16899532DD","assets/generated/PilotBaseToken/firstorder/upsilonclassshuttle/majorstridan__pilot-ad985a4e2ce1.png","ship alias 'shuttle' in path; token/base image"
"SHIP-7ECDEFD3C896","sheathipedeclassshuttle","Sheathipede-class Shuttle","small","DialTexture",True,"review",1,100,"high","generated","AST-D09C0DDBF1D10B41","assets/generated/FirstEditionDialTexture/rebelalliance/sheathipedeclassshuttle__dial-f9d3cf0ce3a6.png","ship alias 'sheathipede-class shuttle' in path; dial image"
"SHIP-7ECDEFD3C896","sheathipedeclassshuttle","Sheathipede-class Shuttle","small","DialTexture",True,"review",2,100,"high","first-edition-dials","AST-D09C0DDBF1D10B41","assets/source/first-edition-dials/rebelalliance/sheathipedeclassshuttle.png","ship alias 'sheathipede-class shuttle' in path; dial image"
"SHIP-7ECDEFD3C896","sheathipedeclassshuttle","Sheathipede-class Shuttle","small","DialTexture",True,"review",3,85,"high","generated","AST-48BFA7DBA3B20952","assets/generated/FirstEditionDialTexture/firstorder/upsilonclassshuttle__dial-48bfa7dba3b2.png","ship alias 'shuttle' in path; dial image"
"SHIP-7ECDEFD3C896","sheathipedeclassshuttle","Sheathipede-class Shuttle","small","DialTexture",True,"review",4,85,"high","generated","AST-CBDDA497FEFE0CFA","assets/generated/FirstEditionDialTexture/galacticempire/lambdaclassshuttle__dial-cbdda497fefe.png","ship alias 'shuttle' in path; dial image"
"SHIP-7ECDEFD3C896","sheathipedeclassshuttle","Sheathipede-class Shuttle","small","DialTexture",True,"review",5,85,"high","generated","AST-2ED6C3846B76BDE4","assets/generated/FirstEditionDialTexture/rebelalliance/attackshuttle__dial-2ed6c3846b76.png","ship alias 'shuttle' in path; dial image"
"SHIP-7ECDEFD3C896","sheathipedeclassshuttle","Sheathipede-class Shuttle","small","DialTexture",True,"review",6,85,"high","first-edition-dials","AST-48BFA7DBA3B20952","assets/source/first-edition-dials/firstorder/upsilonclassshuttle.png","ship alias 'shuttle' in path; dial image"
"SHIP-7ECDEFD3C896","sheathipedeclassshuttle","Sheathipede-class Shuttle","small","DialTexture",True,"review",7,85,"high","first-edition-dials","AST-AD115147DFF45B85","assets/source/first-edition-dials/galacticempire/lambdaclassshuttle.jpg","ship alias 'shuttle' in path; dial image"
"SHIP-7ECDEFD3C896","sheathipedeclassshuttle","Sheathipede-class Shuttle","small","DialTexture",True,"review",8,85,"high","first-edition-dials","AST-3E3697021F2E3592","assets/source/first-edition-dials/rebelalliance/attackshuttle.jpg","ship alias 'shuttle' in path; dial image"
"SHIP-7ECDEFD3C896","sheathipedeclassshuttle","Sheathipede-class Shuttle","small","DialModel",False,"review",1,78,"medium","unified25","AST-201937CD12639DC3","assets/source/unified25/assets/ships-v2/small/sheathipedeclassshuttle/sheathipede.obj","ship alias 'sheathipede-class shuttle' in path; ships-v2 location"
"SHIP-7ECDEFD3C896","sheathipedeclassshuttle","Sheathipede-class Shuttle","small","DialModel",False,"review",2,78,"medium","unified25","AST-0B8FAA8B6815F1FE","assets/source/unified25/assets/ships-v2/small/sheathipedeclassshuttle/Sheathipede2.obj","ship alias 'sheathipede-class shuttle' in path; ships-v2 location"
"SHIP-7ECDEFD3C896","sheathipedeclassshuttle","Sheathipede-class Shuttle","small","DialModel",False,"review",3,76,"medium","unified25","AST-62375C8F1CD41C17","assets/source/unified25/assets/ships/Small/REB_sheathipede/sheathipede.obj","ship alias 'sheathipede' in path; ships location"
"SHIP-7ECDEFD3C896","sheathipedeclassshuttle","Sheathipede-class Shuttle","small","DialModel",False,"review",4,63,"medium","unified25","AST-1EFD2F981810CBA8","assets/source/unified25/assets/ships-v2/large/lambdaclasst4ashuttle/lambda.obj","ship alias 'shuttle' in path; ships-v2 location"
"SHIP-7ECDEFD3C896","sheathipedeclassshuttle","Sheathipede-class Shuttle","small","DialModel",False,"review",5,63,"medium","unified25","AST-DEDF8529DDD72271","assets/source/unified25/assets/ships-v2/large/lambdaclasst4ashuttle/lambdaclass.obj","ship alias 'shuttle' in path; ships-v2 location"
"SHIP-7ECDEFD3C896","sheathipedeclassshuttle","Sheathipede-class Shuttle","small","DialModel",False,"review",6,63,"medium","unified25","AST-66F3B9086B6E3AA4","assets/source/unified25/assets/ships-v2/large/upsilonclasscommandshuttle/Upsilon_Shuttle.obj","ship alias 'shuttle' in path; ships-v2 location"
"SHIP-7ECDEFD3C896","sheathipedeclassshuttle","Sheathipede-class Shuttle","small","DialModel",False,"review",7,63,"medium","unified25","AST-BA5F7E32E6C70CCF","assets/source/unified25/assets/ships-v2/medium/xiclasslightshuttle/XiClassLightShuttle.obj","ship alias 'shuttle' in path; ships-v2 location"
"SHIP-7ECDEFD3C896","sheathipedeclassshuttle","Sheathipede-class Shuttle","small","DialModel",False,"review",8,63,"medium","unified25","AST-1AD34DAD1DD6803F","assets/source/unified25/assets/ships-v2/small/attackshuttle/attackshuttle.obj","ship alias 'shuttle' in path; ships-v2 location"
"SHIP-7ECDEFD3C896","sheathipedeclassshuttle","Sheathipede-class Shuttle","small","ShipScript",False,"review",1,75,"medium","unified25","AST-DCF90F677A655C91","assets/source/unified25/TTS_xwing/src/Ship/Deploy/ShuttleGizmo.lua","ship alias 'shuttle' in path; Lua script"
"SHIP-7769CA39E15D","starviper","StarViper","small","ShipModel",True,"review",1,100,"high","unified25","AST-531821FC6A1C4714","assets/source/unified25/assets/ships-v2/small/starviperclassattackplatform/starviper.obj","ship alias 'starviperclassattackplatform' in path; ships-v2 location; OBJ model"
"SHIP-7769CA39E15D","starviper","StarViper","small","ShipModel",True,"review",2,100,"high","unified25","AST-0A86896D413D3144","assets/source/unified25/assets/ships-v2/small/starviperclassattackplatform/starviper2.obj","ship alias 'starviperclassattackplatform' in path; ships-v2 location; OBJ model"
"SHIP-7769CA39E15D","starviper","StarViper","small","ShipModel",True,"review",3,86,"high","unified25","AST-677156EBE83435D3","assets/source/unified25/assets/ships/Small/S&V_starviper/starviper.obj","ship alias 'starviper' in path; ships location; OBJ model"
"SHIP-7769CA39E15D","starviper","StarViper","small","ShipTexture",True,"review",1,100,"high","unified25","AST-410FCA103F1A3F2E","assets/source/unified25/assets/ships-v2/small/starviperclassattackplatform/Icon.png","ship alias 'starviperclassattackplatform' in path; ships-v2 location; ship image/texture"
"SHIP-7769CA39E15D","starviper","StarViper","small","ShipTexture",True,"review",2,100,"high","unified25","AST-FC7CC2E1AA6E396A","assets/source/unified25/assets/ships-v2/small/starviperclassattackplatform/Textures/blacksunassassin.jpg","ship alias 'starviperclassattackplatform' in path; ships-v2 location; ship image/texture"
"SHIP-7769CA39E15D","starviper","StarViper","small","ShipTexture",True,"review",3,100,"high","unified25","AST-135CE6AFDBA7B716","assets/source/unified25/assets/ships-v2/small/starviperclassattackplatform/Textures/blacksunassassin.png","ship alias 'starviperclassattackplatform' in path; ships-v2 location; ship image/texture"
"SHIP-7769CA39E15D","starviper","StarViper","small","ShipTexture",True,"review",4,100,"high","unified25","AST-6AB5F2089FF50000","assets/source/unified25/assets/ships-v2/small/starviperclassattackplatform/Textures/blacksunenforcer.jpg","ship alias 'starviperclassattackplatform' in path; ships-v2 location; ship image/texture"
"SHIP-7769CA39E15D","starviper","StarViper","small","ShipTexture",True,"review",5,100,"high","unified25","AST-ACF4F4759EBB0646","assets/source/unified25/assets/ships-v2/small/starviperclassattackplatform/Textures/blacksunenforcer.png","ship alias 'starviperclassattackplatform' in path; ships-v2 location; ship image/texture"
"SHIP-7769CA39E15D","starviper","StarViper","small","ShipTexture",True,"review",6,83,"medium","unified25","AST-8E37903E126496E3","assets/source/unified25/assets/ships/Scum/Starviper/blacksunassassin.png","ship alias 'starviper' in path; ships location; ship image/texture"
"SHIP-7769CA39E15D","starviper","StarViper","small","ShipTexture",True,"review",7,83,"medium","unified25","AST-E36E4FD4EB8C6B7F","assets/source/unified25/assets/ships/Scum/Starviper/blacksunenforcer.png","ship alias 'starviper' in path; ships location; ship image/texture"
"SHIP-7769CA39E15D","starviper","StarViper","small","ShipTexture",True,"review",8,83,"medium","unified25","AST-AF7812B37823017B","assets/source/unified25/assets/ships/Scum/Starviper/dalanoberos.png","ship alias 'starviper' in path; ships location; ship image/texture"
"SHIP-7769CA39E15D","starviper","StarViper","small","BaseToken",True,"review",1,83,"medium","generated","AST-F560E5ACA4E25C4A","assets/generated/PilotBaseToken/scumandvillainy/starviper/blacksunassassin__pilot-e8e9694b8d34.png","ship alias 'starviper' in path; token/base image"
"SHIP-7769CA39E15D","starviper","StarViper","small","BaseToken",True,"review",2,83,"medium","generated","AST-91946484DC24E83F","assets/generated/PilotBaseToken/scumandvillainy/starviper/blacksunenforcer__pilot-f72aa964c4de.png","ship alias 'starviper' in path; token/base image"
"SHIP-7769CA39E15D","starviper","StarViper","small","BaseToken",True,"review",3,83,"medium","generated","AST-4D55ED7F8A2777EF","assets/generated/PilotBaseToken/scumandvillainy/starviper/blacksunvigo__pilot-6163bfc10154.png","ship alias 'starviper' in path; token/base image"
"SHIP-7769CA39E15D","starviper","StarViper","small","BaseToken",True,"review",4,83,"medium","generated","AST-7B88A12F16038BBF","assets/generated/PilotBaseToken/scumandvillainy/starviper/dalanoberos__pilot-4324fb797b41.png","ship alias 'starviper' in path; token/base image"
"SHIP-7769CA39E15D","starviper","StarViper","small","BaseToken",True,"review",5,83,"medium","generated","AST-42331185821C15F7","assets/generated/PilotBaseToken/scumandvillainy/starviper/guri__pilot-0175b6fff67d.png","ship alias 'starviper' in path; token/base image"
"SHIP-7769CA39E15D","starviper","StarViper","small","BaseToken",True,"review",6,83,"medium","generated","AST-175B1FD28A13F6AF","assets/generated/PilotBaseToken/scumandvillainy/starviper/princexizor__pilot-37d736f37a40.png","ship alias 'starviper' in path; token/base image"
"SHIP-7769CA39E15D","starviper","StarViper","small","BaseToken",True,"review",7,83,"medium","generated","AST-D507012C40D1733C","assets/generated/PilotBaseToken/scumandvillainy/starviper/thweek__pilot-c91ee69af970.png","ship alias 'starviper' in path; token/base image"
"SHIP-7769CA39E15D","starviper","StarViper","small","BaseToken",True,"review",8,83,"medium","unified25","AST-08BD44A295674C92","assets/source/unified25/assets/Items/tokens/new/starviper-mkii-roll-token-texture.png","ship alias 'starviper' in path; token/base image"
"SHIP-7769CA39E15D","starviper","StarViper","small","DialTexture",True,"review",1,85,"high","generated","AST-DB598857BB0483A0","assets/generated/FirstEditionDialTexture/scumandvillainy/starviper__dial-db598857bb04.png","ship alias 'starviper' in path; dial image"
"SHIP-7769CA39E15D","starviper","StarViper","small","DialTexture",True,"review",2,85,"high","first-edition-dials","AST-2B71C1086FDD5854","assets/source/first-edition-dials/scumandvillainy/starviper.jpg","ship alias 'starviper' in path; dial image"
"SHIP-7769CA39E15D","starviper","StarViper","small","DialTexture",True,"review",3,78,"medium","unified25","AST-410FCA103F1A3F2E","assets/source/unified25/assets/ships-v2/small/starviperclassattackplatform/Icon.png","ship alias 'starviperclassattackplatform' in path; ships-v2 location"
"SHIP-7769CA39E15D","starviper","StarViper","small","DialTexture",True,"review",4,78,"medium","unified25","AST-FC7CC2E1AA6E396A","assets/source/unified25/assets/ships-v2/small/starviperclassattackplatform/Textures/blacksunassassin.jpg","ship alias 'starviperclassattackplatform' in path; ships-v2 location"
"SHIP-7769CA39E15D","starviper","StarViper","small","DialTexture",True,"review",5,78,"medium","unified25","AST-135CE6AFDBA7B716","assets/source/unified25/assets/ships-v2/small/starviperclassattackplatform/Textures/blacksunassassin.png","ship alias 'starviperclassattackplatform' in path; ships-v2 location"
"SHIP-7769CA39E15D","starviper","StarViper","small","DialTexture",True,"review",6,78,"medium","unified25","AST-6AB5F2089FF50000","assets/source/unified25/assets/ships-v2/small/starviperclassattackplatform/Textures/blacksunenforcer.jpg","ship alias 'starviperclassattackplatform' in path; ships-v2 location"
"SHIP-7769CA39E15D","starviper","StarViper","small","DialTexture",True,"review",7,78,"medium","unified25","AST-ACF4F4759EBB0646","assets/source/unified25/assets/ships-v2/small/starviperclassattackplatform/Textures/blacksunenforcer.png","ship alias 'starviperclassattackplatform' in path; ships-v2 location"
"SHIP-7769CA39E15D","starviper","StarViper","small","DialTexture",True,"review",8,61,"medium","unified25","AST-8E37903E126496E3","assets/source/unified25/assets/ships/Scum/Starviper/blacksunassassin.png","ship alias 'starviper' in path; ships location"
"SHIP-7769CA39E15D","starviper","StarViper","small","DialModel",False,"review",1,78,"medium","unified25","AST-531821FC6A1C4714","assets/source/unified25/assets/ships-v2/small/starviperclassattackplatform/starviper.obj","ship alias 'starviperclassattackplatform' in path; ships-v2 location"
"SHIP-7769CA39E15D","starviper","StarViper","small","DialModel",False,"review",2,78,"medium","unified25","AST-0A86896D413D3144","assets/source/unified25/assets/ships-v2/small/starviperclassattackplatform/starviper2.obj","ship alias 'starviperclassattackplatform' in path; ships-v2 location"
"SHIP-7769CA39E15D","starviper","StarViper","small","DialModel",False,"review",3,61,"medium","unified25","AST-677156EBE83435D3","assets/source/unified25/assets/ships/Small/S&V_starviper/starviper.obj","ship alias 'starviper' in path; ships location"
"SHIP-7769CA39E15D","starviper","StarViper","small","ShipScript",False,"review",1,75,"medium","unified25","AST-A45B2C2F6795B1CC","assets/source/unified25/TTS_xwing/src/Ship/Maneuver/StarViperMkIIRollGizmo.lua","ship alias 'starviper' in path; Lua script"
"SHIP-25737E8F5AE8","t70xwing","T-70 X-wing","small","ShipModel",True,"review",1,100,"high","unified25","AST-CC2716B2D1B764A0","assets/source/unified25/assets/ships-v2/small/t70xwing/t70_base.obj","ship alias 't-70 x-wing' in path; ships-v2 location; OBJ model"
"SHIP-25737E8F5AE8","t70xwing","T-70 X-wing","small","ShipModel",True,"review",2,100,"high","unified25","AST-10DB768997C8D905","assets/source/unified25/assets/ships-v2/small/t70xwing/t70_basev2.obj","ship alias 't-70 x-wing' in path; ships-v2 location; OBJ model"
"SHIP-25737E8F5AE8","t70xwing","T-70 X-wing","small","ShipModel",True,"review",3,100,"high","unified25","AST-8C163297E48342B7","assets/source/unified25/assets/ships-v2/small/t70xwing/t70_closed.obj","ship alias 't-70 x-wing' in path; ships-v2 location; OBJ model"
"SHIP-25737E8F5AE8","t70xwing","T-70 X-wing","small","ShipModel",True,"review",4,100,"high","unified25","AST-D4F97BA3ED4B722E","assets/source/unified25/assets/ships-v2/small/t70xwing/t70_closedv2.obj","ship alias 't-70 x-wing' in path; ships-v2 location; OBJ model"
"SHIP-25737E8F5AE8","t70xwing","T-70 X-wing","small","ShipModel",True,"review",5,100,"high","unified25","AST-0E99391B973AB58F","assets/source/unified25/assets/ships-v2/small/t70xwing/t70_open.obj","ship alias 't-70 x-wing' in path; ships-v2 location; OBJ model"
"SHIP-25737E8F5AE8","t70xwing","T-70 X-wing","small","ShipModel",True,"review",6,100,"high","unified25","AST-EDB27F75D734B29E","assets/source/unified25/assets/ships-v2/small/t70xwing/t70_openv2.obj","ship alias 't-70 x-wing' in path; ships-v2 location; OBJ model"
"SHIP-25737E8F5AE8","t70xwing","T-70 X-wing","small","ShipModel",True,"review",7,100,"high","unified25","AST-B21C9A49E7E6A60D","assets/source/unified25/assets/ships/Small/RIS_T70Xwing/t70xwing.obj","ship alias 't-70 x-wing' in path; ships location; OBJ model"
"SHIP-25737E8F5AE8","t70xwing","T-70 X-wing","small","ShipModel",True,"review",8,100,"high","unified25","AST-5D8CAB342BEEB784","assets/source/unified25/assets/ships/Small/RIS_T70Xwing/t70_base.obj","ship alias 't-70 x-wing' in path; ships location; OBJ model"
"SHIP-25737E8F5AE8","t70xwing","T-70 X-wing","small","ShipTexture",True,"review",1,100,"high","unified25","AST-840C03FE4F2C64EE","assets/source/unified25/assets/ships-v2/small/t70xwing/t70.png","ship alias 't-70 x-wing' in path; ships-v2 location; ship image/texture"
"SHIP-25737E8F5AE8","t70xwing","T-70 X-wing","small","ShipTexture",True,"review",2,100,"high","unified25","AST-39016FF762D6E2C4","assets/source/unified25/assets/ships-v2/small/t70xwing/Textures/1/blue.jpg","ship alias 't-70 x-wing' in path; ships-v2 location; ship image/texture"
"SHIP-25737E8F5AE8","t70xwing","T-70 X-wing","small","ShipTexture",True,"review",3,100,"high","unified25","AST-6C6182896CA6D78A","assets/source/unified25/assets/ships-v2/small/t70xwing/Textures/1/plain.jpg","ship alias 't-70 x-wing' in path; ships-v2 location; ship image/texture"
"SHIP-25737E8F5AE8","t70xwing","T-70 X-wing","small","ShipTexture",True,"review",4,100,"high","unified25","AST-615DBAD82A3F0F18","assets/source/unified25/assets/ships-v2/small/t70xwing/Textures/1/poe.jpg","ship alias 't-70 x-wing' in path; ships-v2 location; ship image/texture"
"SHIP-25737E8F5AE8","t70xwing","T-70 X-wing","small","ShipTexture",True,"review",5,100,"high","unified25","AST-B2D28FEED24ABBD6","assets/source/unified25/assets/ships-v2/small/t70xwing/Textures/1/poeHoH.jpg","ship alias 't-70 x-wing' in path; ships-v2 location; ship image/texture"
"SHIP-25737E8F5AE8","t70xwing","T-70 X-wing","small","ShipTexture",True,"review",6,100,"high","unified25","AST-CF233286574FF32E","assets/source/unified25/assets/ships-v2/small/t70xwing/Textures/1/snap.jpg","ship alias 't-70 x-wing' in path; ships-v2 location; ship image/texture"
"SHIP-25737E8F5AE8","t70xwing","T-70 X-wing","small","ShipTexture",True,"review",7,100,"high","unified25","AST-2F9155B15189AC5B","assets/source/unified25/assets/ships-v2/small/t70xwing/Textures/PoeDameron.png","ship alias 't-70 x-wing' in path; ships-v2 location; ship image/texture"
"SHIP-25737E8F5AE8","t70xwing","T-70 X-wing","small","ShipTexture",True,"review",8,100,"high","unified25","AST-0598CC8910090D98","assets/source/unified25/assets/ships-v2/small/t70xwing/Textures/PoeHoH.png","ship alias 't-70 x-wing' in path; ships-v2 location; ship image/texture"
"SHIP-25737E8F5AE8","t70xwing","T-70 X-wing","small","BaseToken",True,"review",1,98,"high","generated","AST-CC7ACC5FE7071B86","assets/generated/PilotBaseToken/resistance/t70xwing/blueace__pilot-239a2913649d.png","ship alias 't-70 x-wing' in path; token/base image"
"SHIP-25737E8F5AE8","t70xwing","T-70 X-wing","small","BaseToken",True,"review",2,98,"high","generated","AST-E4F53353C15B36AB","assets/generated/PilotBaseToken/resistance/t70xwing/bluesquadronnovice__pilot-a00822d36976.png","ship alias 't-70 x-wing' in path; token/base image"
"SHIP-25737E8F5AE8","t70xwing","T-70 X-wing","small","BaseToken",True,"review",3,98,"high","generated","AST-1740813F45372FC7","assets/generated/PilotBaseToken/resistance/t70xwing/elloasty__pilot-037c78baf9e1.png","ship alias 't-70 x-wing' in path; token/base image"
"SHIP-25737E8F5AE8","t70xwing","T-70 X-wing","small","BaseToken",True,"review",4,98,"high","generated","AST-C9ADA10D9EF2A53F","assets/generated/PilotBaseToken/resistance/t70xwing/jesspava__pilot-d2179eefc44b.png","ship alias 't-70 x-wing' in path; token/base image"
"SHIP-25737E8F5AE8","t70xwing","T-70 X-wing","small","BaseToken",True,"review",5,98,"high","generated","AST-8C282BBD905E19D4","assets/generated/PilotBaseToken/resistance/t70xwing/niennunb__pilot-dca9ee93e622.png","ship alias 't-70 x-wing' in path; token/base image"
"SHIP-25737E8F5AE8","t70xwing","T-70 X-wing","small","BaseToken",True,"review",6,98,"high","generated","AST-B7C5440B8FC3187B","assets/generated/PilotBaseToken/resistance/t70xwing/poedameron-swx57__pilot-6f908e59d57f.png","ship alias 't-70 x-wing' in path; token/base image"
"SHIP-25737E8F5AE8","t70xwing","T-70 X-wing","small","BaseToken",True,"review",7,98,"high","generated","AST-0E2D194E85B34919","assets/generated/PilotBaseToken/resistance/t70xwing/poedameron__pilot-37807f1567d3.png","ship alias 't-70 x-wing' in path; token/base image"
"SHIP-25737E8F5AE8","t70xwing","T-70 X-wing","small","BaseToken",True,"review",8,98,"high","generated","AST-74B19535ED647F56","assets/generated/PilotBaseToken/resistance/t70xwing/redace__pilot-89695cd3445a.png","ship alias 't-70 x-wing' in path; token/base image"
"SHIP-25737E8F5AE8","t70xwing","T-70 X-wing","small","DialTexture",True,"review",1,100,"high","generated","AST-94DC9B64E755B7BD","assets/generated/FirstEditionDialTexture/resistance/t70xwing__dial-d59278db151e.png","ship alias 't-70 x-wing' in path; dial image"
"SHIP-25737E8F5AE8","t70xwing","T-70 X-wing","small","DialTexture",True,"review",2,100,"high","first-edition-dials","AST-94DC9B64E755B7BD","assets/source/first-edition-dials/resistance/t70xwing.png","ship alias 't-70 x-wing' in path; dial image"
"SHIP-25737E8F5AE8","t70xwing","T-70 X-wing","small","DialTexture",True,"review",3,78,"medium","unified25","AST-840C03FE4F2C64EE","assets/source/unified25/assets/ships-v2/small/t70xwing/t70.png","ship alias 't-70 x-wing' in path; ships-v2 location"
"SHIP-25737E8F5AE8","t70xwing","T-70 X-wing","small","DialTexture",True,"review",4,78,"medium","unified25","AST-39016FF762D6E2C4","assets/source/unified25/assets/ships-v2/small/t70xwing/Textures/1/blue.jpg","ship alias 't-70 x-wing' in path; ships-v2 location"
"SHIP-25737E8F5AE8","t70xwing","T-70 X-wing","small","DialTexture",True,"review",5,78,"medium","unified25","AST-6C6182896CA6D78A","assets/source/unified25/assets/ships-v2/small/t70xwing/Textures/1/plain.jpg","ship alias 't-70 x-wing' in path; ships-v2 location"
"SHIP-25737E8F5AE8","t70xwing","T-70 X-wing","small","DialTexture",True,"review",6,78,"medium","unified25","AST-615DBAD82A3F0F18","assets/source/unified25/assets/ships-v2/small/t70xwing/Textures/1/poe.jpg","ship alias 't-70 x-wing' in path; ships-v2 location"
"SHIP-25737E8F5AE8","t70xwing","T-70 X-wing","small","DialTexture",True,"review",7,78,"medium","unified25","AST-B2D28FEED24ABBD6","assets/source/unified25/assets/ships-v2/small/t70xwing/Textures/1/poeHoH.jpg","ship alias 't-70 x-wing' in path; ships-v2 location"
"SHIP-25737E8F5AE8","t70xwing","T-70 X-wing","small","DialTexture",True,"review",8,78,"medium","unified25","AST-CF233286574FF32E","assets/source/unified25/assets/ships-v2/small/t70xwing/Textures/1/snap.jpg","ship alias 't-70 x-wing' in path; ships-v2 location"
"SHIP-25737E8F5AE8","t70xwing","T-70 X-wing","small","DialModel",False,"review",1,78,"medium","unified25","AST-CC2716B2D1B764A0","assets/source/unified25/assets/ships-v2/small/t70xwing/t70_base.obj","ship alias 't-70 x-wing' in path; ships-v2 location"
"SHIP-25737E8F5AE8","t70xwing","T-70 X-wing","small","DialModel",False,"review",2,78,"medium","unified25","AST-10DB768997C8D905","assets/source/unified25/assets/ships-v2/small/t70xwing/t70_basev2.obj","ship alias 't-70 x-wing' in path; ships-v2 location"
"SHIP-25737E8F5AE8","t70xwing","T-70 X-wing","small","DialModel",False,"review",3,78,"medium","unified25","AST-8C163297E48342B7","assets/source/unified25/assets/ships-v2/small/t70xwing/t70_closed.obj","ship alias 't-70 x-wing' in path; ships-v2 location"
"SHIP-25737E8F5AE8","t70xwing","T-70 X-wing","small","DialModel",False,"review",4,78,"medium","unified25","AST-D4F97BA3ED4B722E","assets/source/unified25/assets/ships-v2/small/t70xwing/t70_closedv2.obj","ship alias 't-70 x-wing' in path; ships-v2 location"
"SHIP-25737E8F5AE8","t70xwing","T-70 X-wing","small","DialModel",False,"review",5,78,"medium","unified25","AST-0E99391B973AB58F","assets/source/unified25/assets/ships-v2/small/t70xwing/t70_open.obj","ship alias 't-70 x-wing' in path; ships-v2 location"
"SHIP-25737E8F5AE8","t70xwing","T-70 X-wing","small","DialModel",False,"review",6,78,"medium","unified25","AST-EDB27F75D734B29E","assets/source/unified25/assets/ships-v2/small/t70xwing/t70_openv2.obj","ship alias 't-70 x-wing' in path; ships-v2 location"
"SHIP-25737E8F5AE8","t70xwing","T-70 X-wing","small","DialModel",False,"review",7,76,"medium","unified25","AST-B21C9A49E7E6A60D","assets/source/unified25/assets/ships/Small/RIS_T70Xwing/t70xwing.obj","ship alias 't-70 x-wing' in path; ships location"
"SHIP-25737E8F5AE8","t70xwing","T-70 X-wing","small","DialModel",False,"review",8,76,"medium","unified25","AST-5D8CAB342BEEB784","assets/source/unified25/assets/ships/Small/RIS_T70Xwing/t70_base.obj","ship alias 't-70 x-wing' in path; ships location"
"SHIP-25737E8F5AE8","t70xwing","T-70 X-wing","small","ShipScript",False,"missing",,,,,,,
"SHIP-85E1B20DFB63","tieadvprototype","TIE Adv. Prototype","small","ShipModel",True,"review",1,100,"high","unified25","AST-43E5A4473CB2B511","assets/source/unified25/assets/ships-v2/small/tieadvancedv1/tieadvv1.obj","ship alias 'tieadvancedv1' in path; ships-v2 location; OBJ model"
"SHIP-85E1B20DFB63","tieadvprototype","TIE Adv. Prototype","small","ShipModel",True,"review",2,100,"high","unified25","AST-498BA545C1345166","assets/source/unified25/assets/ships-v2/small/tieadvancedv1/tieadvv1v2.obj","ship alias 'tieadvancedv1' in path; ships-v2 location; OBJ model"
"SHIP-85E1B20DFB63","tieadvprototype","TIE Adv. Prototype","small","ShipTexture",True,"review",1,100,"high","unified25","AST-D031855F52EB1D42","assets/source/unified25/assets/ships-v2/small/tieadvancedv1/icon.png","ship alias 'tieadvancedv1' in path; ships-v2 location; ship image/texture"
"SHIP-85E1B20DFB63","tieadvprototype","TIE Adv. Prototype","small","ShipTexture",True,"review",2,100,"high","unified25","AST-40E8E8289E93A7E1","assets/source/unified25/assets/ships-v2/small/tieadvancedv1/textures/1/tieadvancedv1blue.jpg","ship alias 'tieadvancedv1' in path; ships-v2 location; ship image/texture"
"SHIP-85E1B20DFB63","tieadvprototype","TIE Adv. Prototype","small","ShipTexture",True,"review",3,100,"high","unified25","AST-310B1628F7CFC093","assets/source/unified25/assets/ships-v2/small/tieadvancedv1/textures/1/tieadvancedv1grey.jpg","ship alias 'tieadvancedv1' in path; ships-v2 location; ship image/texture"
"SHIP-85E1B20DFB63","tieadvprototype","TIE Adv. Prototype","small","ShipTexture",True,"review",4,100,"high","unified25","AST-4413C79D04E0D847","assets/source/unified25/assets/ships-v2/small/tieadvancedv1/textures/tieadvancedv1blue.jpg","ship alias 'tieadvancedv1' in path; ships-v2 location; ship image/texture"
"SHIP-85E1B20DFB63","tieadvprototype","TIE Adv. Prototype","small","ShipTexture",True,"review",5,100,"high","unified25","AST-718B1CF34559E1F6","assets/source/unified25/assets/ships-v2/small/tieadvancedv1/textures/tieadvancedv1grey.jpg","ship alias 'tieadvancedv1' in path; ships-v2 location; ship image/texture"
"SHIP-85E1B20DFB63","tieadvprototype","TIE Adv. Prototype","small","ShipTexture",True,"review",6,98,"high","unified25","AST-9CBF957D7AD80FA7","assets/source/unified25/assets/ships/Empire/TIEAdvancedV1/baronoftheempire.png","ship alias 'tieadvancedv1' in path; ships location; ship image/texture"
"SHIP-85E1B20DFB63","tieadvprototype","TIE Adv. Prototype","small","ShipTexture",True,"review",7,98,"high","unified25","AST-4D2587678A22AB68","assets/source/unified25/assets/ships/Empire/TIEAdvancedV1/grandinquisitor.png","ship alias 'tieadvancedv1' in path; ships location; ship image/texture"
"SHIP-85E1B20DFB63","tieadvprototype","TIE Adv. Prototype","small","ShipTexture",True,"review",8,98,"high","unified25","AST-C28F8537363DE9DB","assets/source/unified25/assets/ships/Empire/TIEAdvancedV1/inquisitor.png","ship alias 'tieadvancedv1' in path; ships location; ship image/texture"
"SHIP-85E1B20DFB63","tieadvprototype","TIE Adv. Prototype","small","BaseToken",True,"review",1,98,"high","generated","AST-6BE4A2178F8E276D","assets/generated/PilotBaseToken/galacticempire/tieadvprototype/baronoftheempire__pilot-65747e26907e.png","ship alias 'tie adv. prototype' in path; token/base image"
"SHIP-85E1B20DFB63","tieadvprototype","TIE Adv. Prototype","small","BaseToken",True,"review",2,98,"high","generated","AST-6136F4F98DA345C4","assets/generated/PilotBaseToken/galacticempire/tieadvprototype/sienartestpilot__pilot-70260e3c6ef9.png","ship alias 'tie adv. prototype' in path; token/base image"
"SHIP-85E1B20DFB63","tieadvprototype","TIE Adv. Prototype","small","BaseToken",True,"review",3,98,"high","generated","AST-B3EE77D13DDED881","assets/generated/PilotBaseToken/galacticempire/tieadvprototype/theinquisitor__pilot-54b4081dbab0.png","ship alias 'tie adv. prototype' in path; token/base image"
"SHIP-85E1B20DFB63","tieadvprototype","TIE Adv. Prototype","small","BaseToken",True,"review",4,98,"high","generated","AST-3BA5D1DA1C632B32","assets/generated/PilotBaseToken/galacticempire/tieadvprototype/valenrudor__pilot-074deab3b7c3.png","ship alias 'tie adv. prototype' in path; token/base image"
"SHIP-85E1B20DFB63","tieadvprototype","TIE Adv. Prototype","small","BaseToken",True,"review",5,83,"medium","generated","AST-EE45D8550A97160C","assets/generated/PilotBaseToken/rebelalliance/awing/prototypepilot__pilot-a371331d793e.png","ship alias 'prototype' in path; token/base image"
"SHIP-85E1B20DFB63","tieadvprototype","TIE Adv. Prototype","small","BaseToken",True,"review",6,83,"medium","generated-pilot-tokens","AST-EE45D8550A97160C","assets/source/generated-pilot-tokens/rebelalliance/awing/prototypepilot.png","ship alias 'prototype' in path; token/base image"
"SHIP-85E1B20DFB63","tieadvprototype","TIE Adv. Prototype","small","BaseToken",True,"review",7,83,"medium","unified25","AST-04B99D4D791B3D40","assets/source/unified25/assets/Items/condition/tokens/optimized-prototype-texture.png","ship alias 'prototype' in path; token/base image"
"SHIP-85E1B20DFB63","tieadvprototype","TIE Adv. Prototype","small","BaseToken",True,"review",8,78,"medium","unified25","AST-D031855F52EB1D42","assets/source/unified25/assets/ships-v2/small/tieadvancedv1/icon.png","ship alias 'tieadvancedv1' in path; ships-v2 location"
"SHIP-85E1B20DFB63","tieadvprototype","TIE Adv. Prototype","small","DialTexture",True,"review",1,100,"high","generated","AST-829CFEC0C1ADDBFF","assets/generated/FirstEditionDialTexture/galacticempire/tieadvprototype__dial-829cfec0c1ad.png","ship alias 'tie adv. prototype' in path; dial image"
"SHIP-85E1B20DFB63","tieadvprototype","TIE Adv. Prototype","small","DialTexture",True,"review",2,100,"high","first-edition-dials","AST-E909ACE47C539425","assets/source/first-edition-dials/galacticempire/tieadvprototype.jpg","ship alias 'tie adv. prototype' in path; dial image"
"SHIP-85E1B20DFB63","tieadvprototype","TIE Adv. Prototype","small","DialTexture",True,"review",3,78,"medium","unified25","AST-D031855F52EB1D42","assets/source/unified25/assets/ships-v2/small/tieadvancedv1/icon.png","ship alias 'tieadvancedv1' in path; ships-v2 location"
"SHIP-85E1B20DFB63","tieadvprototype","TIE Adv. Prototype","small","DialTexture",True,"review",4,78,"medium","unified25","AST-40E8E8289E93A7E1","assets/source/unified25/assets/ships-v2/small/tieadvancedv1/textures/1/tieadvancedv1blue.jpg","ship alias 'tieadvancedv1' in path; ships-v2 location"
"SHIP-85E1B20DFB63","tieadvprototype","TIE Adv. Prototype","small","DialTexture",True,"review",5,78,"medium","unified25","AST-310B1628F7CFC093","assets/source/unified25/assets/ships-v2/small/tieadvancedv1/textures/1/tieadvancedv1grey.jpg","ship alias 'tieadvancedv1' in path; ships-v2 location"
"SHIP-85E1B20DFB63","tieadvprototype","TIE Adv. Prototype","small","DialTexture",True,"review",6,78,"medium","unified25","AST-4413C79D04E0D847","assets/source/unified25/assets/ships-v2/small/tieadvancedv1/textures/tieadvancedv1blue.jpg","ship alias 'tieadvancedv1' in path; ships-v2 location"
"SHIP-85E1B20DFB63","tieadvprototype","TIE Adv. Prototype","small","DialTexture",True,"review",7,78,"medium","unified25","AST-718B1CF34559E1F6","assets/source/unified25/assets/ships-v2/small/tieadvancedv1/textures/tieadvancedv1grey.jpg","ship alias 'tieadvancedv1' in path; ships-v2 location"
"SHIP-85E1B20DFB63","tieadvprototype","TIE Adv. Prototype","small","DialTexture",True,"review",8,76,"medium","unified25","AST-9CBF957D7AD80FA7","assets/source/unified25/assets/ships/Empire/TIEAdvancedV1/baronoftheempire.png","ship alias 'tieadvancedv1' in path; ships location"
"SHIP-85E1B20DFB63","tieadvprototype","TIE Adv. Prototype","small","DialModel",False,"review",1,78,"medium","unified25","AST-43E5A4473CB2B511","assets/source/unified25/assets/ships-v2/small/tieadvancedv1/tieadvv1.obj","ship alias 'tieadvancedv1' in path; ships-v2 location"
"SHIP-85E1B20DFB63","tieadvprototype","TIE Adv. Prototype","small","DialModel",False,"review",2,78,"medium","unified25","AST-498BA545C1345166","assets/source/unified25/assets/ships-v2/small/tieadvancedv1/tieadvv1v2.obj","ship alias 'tieadvancedv1' in path; ships-v2 location"
"SHIP-85E1B20DFB63","tieadvprototype","TIE Adv. Prototype","small","ShipScript",False,"missing",,,,,,,
"SHIP-3F106789B007","tieadvanced","TIE Advanced","small","ShipModel",True,"review",1,100,"high","unified25","AST-43E5A4473CB2B511","assets/source/unified25/assets/ships-v2/small/tieadvancedv1/tieadvv1.obj","ship alias 'tie advanced' in path; ships-v2 location; OBJ model"
"SHIP-3F106789B007","tieadvanced","TIE Advanced","small","ShipModel",True,"review",2,100,"high","unified25","AST-498BA545C1345166","assets/source/unified25/assets/ships-v2/small/tieadvancedv1/tieadvv1v2.obj","ship alias 'tie advanced' in path; ships-v2 location; OBJ model"
"SHIP-3F106789B007","tieadvanced","TIE Advanced","small","ShipModel",True,"review",3,100,"high","unified25","AST-C37DF3A744FD3500","assets/source/unified25/assets/ships-v2/small/tieadvancedx1/tieadvancedx1.obj","ship alias 'tieadvancedx1' in path; ships-v2 location; OBJ model"
"SHIP-3F106789B007","tieadvanced","TIE Advanced","small","ShipModel",True,"review",4,100,"high","unified25","AST-84C6B8D1C01F79CF","assets/source/unified25/assets/ships-v2/small/tieadvancedx1/tieadvancedx1v2.obj","ship alias 'tieadvancedx1' in path; ships-v2 location; OBJ model"
"SHIP-3F106789B007","tieadvanced","TIE Advanced","small","ShipTexture",True,"review",1,100,"high","unified25","AST-D031855F52EB1D42","assets/source/unified25/assets/ships-v2/small/tieadvancedv1/icon.png","ship alias 'tie advanced' in path; ships-v2 location; ship image/texture"
"SHIP-3F106789B007","tieadvanced","TIE Advanced","small","ShipTexture",True,"review",2,100,"high","unified25","AST-40E8E8289E93A7E1","assets/source/unified25/assets/ships-v2/small/tieadvancedv1/textures/1/tieadvancedv1blue.jpg","ship alias 'tie advanced' in path; ships-v2 location; ship image/texture"
"SHIP-3F106789B007","tieadvanced","TIE Advanced","small","ShipTexture",True,"review",3,100,"high","unified25","AST-310B1628F7CFC093","assets/source/unified25/assets/ships-v2/small/tieadvancedv1/textures/1/tieadvancedv1grey.jpg","ship alias 'tie advanced' in path; ships-v2 location; ship image/texture"
"SHIP-3F106789B007","tieadvanced","TIE Advanced","small","ShipTexture",True,"review",4,100,"high","unified25","AST-4413C79D04E0D847","assets/source/unified25/assets/ships-v2/small/tieadvancedv1/textures/tieadvancedv1blue.jpg","ship alias 'tie advanced' in path; ships-v2 location; ship image/texture"
"SHIP-3F106789B007","tieadvanced","TIE Advanced","small","ShipTexture",True,"review",5,100,"high","unified25","AST-718B1CF34559E1F6","assets/source/unified25/assets/ships-v2/small/tieadvancedv1/textures/tieadvancedv1grey.jpg","ship alias 'tie advanced' in path; ships-v2 location; ship image/texture"
"SHIP-3F106789B007","tieadvanced","TIE Advanced","small","ShipTexture",True,"review",6,100,"high","unified25","AST-508E90C6296115DB","assets/source/unified25/assets/ships-v2/small/tieadvancedx1/icon.png","ship alias 'tieadvancedx1' in path; ships-v2 location; ship image/texture"
"SHIP-3F106789B007","tieadvanced","TIE Advanced","small","ShipTexture",True,"review",7,100,"high","unified25","AST-CAA07E4966F337FA","assets/source/unified25/assets/ships-v2/small/tieadvancedx1/textures/1/tieadvancedx1blue.jpg","ship alias 'tieadvancedx1' in path; ships-v2 location; ship image/texture"
"SHIP-3F106789B007","tieadvanced","TIE Advanced","small","ShipTexture",True,"review",8,100,"high","unified25","AST-37953184EBD358A8","assets/source/unified25/assets/ships-v2/small/tieadvancedx1/textures/1/tieadvancedx1grey.jpg","ship alias 'tieadvancedx1' in path; ships-v2 location; ship image/texture"
"SHIP-3F106789B007","tieadvanced","TIE Advanced","small","BaseToken",True,"review",1,98,"high","generated","AST-3DCBEF708F7D89DD","assets/generated/PilotBaseToken/galacticempire/tieadvanced/commanderalozen__pilot-334fb2377134.png","ship alias 'tie advanced' in path; token/base image"
"SHIP-3F106789B007","tieadvanced","TIE Advanced","small","BaseToken",True,"review",2,98,"high","generated","AST-7D724641D1D13A7A","assets/generated/PilotBaseToken/galacticempire/tieadvanced/darthvader__pilot-31738df69b79.png","ship alias 'tie advanced' in path; token/base image"
"SHIP-3F106789B007","tieadvanced","TIE Advanced","small","BaseToken",True,"review",3,98,"high","generated","AST-80404CD4653104C0","assets/generated/PilotBaseToken/galacticempire/tieadvanced/junoeclipse__pilot-3c24070f17df.png","ship alias 'tie advanced' in path; token/base image"
"SHIP-3F106789B007","tieadvanced","TIE Advanced","small","BaseToken",True,"review",4,98,"high","generated","AST-7CE681E363146701","assets/generated/PilotBaseToken/galacticempire/tieadvanced/lieutenantcolzet__pilot-0caeec7560f8.png","ship alias 'tie advanced' in path; token/base image"
"SHIP-3F106789B007","tieadvanced","TIE Advanced","small","BaseToken",True,"review",5,98,"high","generated","AST-71C79FEC4BEC62E2","assets/generated/PilotBaseToken/galacticempire/tieadvanced/maarekstele__pilot-d3947c6f77df.png","ship alias 'tie advanced' in path; token/base image"
"SHIP-3F106789B007","tieadvanced","TIE Advanced","small","BaseToken",True,"review",6,98,"high","generated","AST-8DC0A3C388510536","assets/generated/PilotBaseToken/galacticempire/tieadvanced/stormsquadronpilot__pilot-135a0eb16ce4.png","ship alias 'tie advanced' in path; token/base image"
"SHIP-3F106789B007","tieadvanced","TIE Advanced","small","BaseToken",True,"review",7,98,"high","generated","AST-E38F0A9E00360111","assets/generated/PilotBaseToken/galacticempire/tieadvanced/tempestsquadronpilot__pilot-666d323b9384.png","ship alias 'tie advanced' in path; token/base image"
"SHIP-3F106789B007","tieadvanced","TIE Advanced","small","BaseToken",True,"review",8,98,"high","generated","AST-06CDB4B4825A1353","assets/generated/PilotBaseToken/galacticempire/tieadvanced/zertikstrom__pilot-9a7add2621bf.png","ship alias 'tie advanced' in path; token/base image"
"SHIP-3F106789B007","tieadvanced","TIE Advanced","small","DialTexture",True,"review",1,100,"high","generated","AST-1A736DE536F2332B","assets/generated/FirstEditionDialTexture/galacticempire/tieadvanced__dial-1a736de536f2.png","ship alias 'tie advanced' in path; dial image"
"SHIP-3F106789B007","tieadvanced","TIE Advanced","small","DialTexture",True,"review",2,100,"high","first-edition-dials","AST-8095EB24613A33D9","assets/source/first-edition-dials/galacticempire/tieadvanced.jpg","ship alias 'tie advanced' in path; dial image"
"SHIP-3F106789B007","tieadvanced","TIE Advanced","small","DialTexture",True,"review",3,78,"medium","unified25","AST-D031855F52EB1D42","assets/source/unified25/assets/ships-v2/small/tieadvancedv1/icon.png","ship alias 'tie advanced' in path; ships-v2 location"
"SHIP-3F106789B007","tieadvanced","TIE Advanced","small","DialTexture",True,"review",4,78,"medium","unified25","AST-40E8E8289E93A7E1","assets/source/unified25/assets/ships-v2/small/tieadvancedv1/textures/1/tieadvancedv1blue.jpg","ship alias 'tie advanced' in path; ships-v2 location"
"SHIP-3F106789B007","tieadvanced","TIE Advanced","small","DialTexture",True,"review",5,78,"medium","unified25","AST-310B1628F7CFC093","assets/source/unified25/assets/ships-v2/small/tieadvancedv1/textures/1/tieadvancedv1grey.jpg","ship alias 'tie advanced' in path; ships-v2 location"
"SHIP-3F106789B007","tieadvanced","TIE Advanced","small","DialTexture",True,"review",6,78,"medium","unified25","AST-4413C79D04E0D847","assets/source/unified25/assets/ships-v2/small/tieadvancedv1/textures/tieadvancedv1blue.jpg","ship alias 'tie advanced' in path; ships-v2 location"
"SHIP-3F106789B007","tieadvanced","TIE Advanced","small","DialTexture",True,"review",7,78,"medium","unified25","AST-718B1CF34559E1F6","assets/source/unified25/assets/ships-v2/small/tieadvancedv1/textures/tieadvancedv1grey.jpg","ship alias 'tie advanced' in path; ships-v2 location"
"SHIP-3F106789B007","tieadvanced","TIE Advanced","small","DialTexture",True,"review",8,78,"medium","unified25","AST-508E90C6296115DB","assets/source/unified25/assets/ships-v2/small/tieadvancedx1/icon.png","ship alias 'tieadvancedx1' in path; ships-v2 location"
"SHIP-3F106789B007","tieadvanced","TIE Advanced","small","DialModel",False,"review",1,78,"medium","unified25","AST-43E5A4473CB2B511","assets/source/unified25/assets/ships-v2/small/tieadvancedv1/tieadvv1.obj","ship alias 'tie advanced' in path; ships-v2 location"
"SHIP-3F106789B007","tieadvanced","TIE Advanced","small","DialModel",False,"review",2,78,"medium","unified25","AST-498BA545C1345166","assets/source/unified25/assets/ships-v2/small/tieadvancedv1/tieadvv1v2.obj","ship alias 'tie advanced' in path; ships-v2 location"
"SHIP-3F106789B007","tieadvanced","TIE Advanced","small","DialModel",False,"review",3,78,"medium","unified25","AST-C37DF3A744FD3500","assets/source/unified25/assets/ships-v2/small/tieadvancedx1/tieadvancedx1.obj","ship alias 'tieadvancedx1' in path; ships-v2 location"
"SHIP-3F106789B007","tieadvanced","TIE Advanced","small","DialModel",False,"review",4,78,"medium","unified25","AST-84C6B8D1C01F79CF","assets/source/unified25/assets/ships-v2/small/tieadvancedx1/tieadvancedx1v2.obj","ship alias 'tieadvancedx1' in path; ships-v2 location"
"SHIP-3F106789B007","tieadvanced","TIE Advanced","small","ShipScript",False,"missing",,,,,,,
"SHIP-D37C351E2E7F","tieaggressor","TIE Aggressor","small","ShipModel",True,"review",1,100,"high","unified25","AST-D721EC1C4A47B044","assets/source/unified25/assets/ships-v2/small/tieagaggressor/Tie Aggressor.obj","ship alias 'tieagaggressor' in path; ships-v2 location; OBJ model"
"SHIP-D37C351E2E7F","tieaggressor","TIE Aggressor","small","ShipModel",True,"review",2,100,"high","unified25","AST-D721EC1C4A47B044","assets/source/unified25/assets/ships-v2/small/tieagaggressor/tieagaggressor.obj","ship alias 'tieagaggressor' in path; ships-v2 location; OBJ model"
"SHIP-D37C351E2E7F","tieaggressor","TIE Aggressor","small","ShipModel",True,"review",3,100,"high","unified25","AST-BFA3049FF4531AA7","assets/source/unified25/assets/ships/Small/EMP_tieaggressor/tieaggressor.obj","ship alias 'tie aggressor' in path; ships location; OBJ model"
"SHIP-D37C351E2E7F","tieaggressor","TIE Aggressor","small","ShipModel",True,"review",4,88,"high","unified25","AST-312C95D86055232C","assets/source/unified25/assets/ships-v2/medium/aggressorassaultfighter/aggressor.obj","ship alias 'aggressor' in path; ships-v2 location; OBJ model"
"SHIP-D37C351E2E7F","tieaggressor","TIE Aggressor","small","ShipTexture",True,"review",1,100,"high","unified25","AST-9ACAD4D27817EB68","assets/source/unified25/assets/ships-v2/small/tieagaggressor/icon.png","ship alias 'tieagaggressor' in path; ships-v2 location; ship image/texture"
"SHIP-D37C351E2E7F","tieaggressor","TIE Aggressor","small","ShipTexture",True,"review",2,100,"high","unified25","AST-72CFB07F5FB859AB","assets/source/unified25/assets/ships-v2/small/tieagaggressor/textures/Tie-Aggressor-blue.jpg","ship alias 'tieagaggressor' in path; ships-v2 location; ship image/texture"
"SHIP-D37C351E2E7F","tieaggressor","TIE Aggressor","small","ShipTexture",True,"review",3,100,"high","unified25","AST-F5CFE5650F917DC4","assets/source/unified25/assets/ships-v2/small/tieagaggressor/textures/Tie-Aggressor-grey.jpg","ship alias 'tieagaggressor' in path; ships-v2 location; ship image/texture"
"SHIP-D37C351E2E7F","tieaggressor","TIE Aggressor","small","ShipTexture",True,"review",4,100,"high","unified25","AST-72CFB07F5FB859AB","assets/source/unified25/assets/ships-v2/small/tieagaggressor/textures/tieagaggressorblue.jpg","ship alias 'tieagaggressor' in path; ships-v2 location; ship image/texture"
"SHIP-D37C351E2E7F","tieaggressor","TIE Aggressor","small","ShipTexture",True,"review",5,100,"high","unified25","AST-F5CFE5650F917DC4","assets/source/unified25/assets/ships-v2/small/tieagaggressor/textures/tieagaggressorgrey.jpg","ship alias 'tieagaggressor' in path; ships-v2 location; ship image/texture"
"SHIP-D37C351E2E7F","tieaggressor","TIE Aggressor","small","ShipTexture",True,"review",6,98,"high","unified25","AST-3EA2BE8CED670FDF","assets/source/unified25/assets/ships/Small/EMP_tieaggressor/DoubleEdge.png","ship alias 'tie aggressor' in path; ships location; ship image/texture"
"SHIP-D37C351E2E7F","tieaggressor","TIE Aggressor","small","ShipTexture",True,"review",7,98,"high","unified25","AST-7EA53C27E25755BC","assets/source/unified25/assets/ships/Small/EMP_tieaggressor/LieutenantKestal.png","ship alias 'tie aggressor' in path; ships location; ship image/texture"
"SHIP-D37C351E2E7F","tieaggressor","TIE Aggressor","small","ShipTexture",True,"review",8,98,"high","unified25","AST-865E7DB972E5A361","assets/source/unified25/assets/ships/Small/EMP_tieaggressor/OnyxSquadronScout.png","ship alias 'tie aggressor' in path; ships location; ship image/texture"
"SHIP-D37C351E2E7F","tieaggressor","TIE Aggressor","small","BaseToken",True,"review",1,98,"high","generated","AST-10E4EB65141106E1","assets/generated/PilotBaseToken/galacticempire/tieaggressor/doubleedge__pilot-29c434698216.png","ship alias 'tie aggressor' in path; token/base image"
"SHIP-D37C351E2E7F","tieaggressor","TIE Aggressor","small","BaseToken",True,"review",2,98,"high","generated","AST-A5F155CD0D1655DE","assets/generated/PilotBaseToken/galacticempire/tieaggressor/lieutenantkestal__pilot-0ccb6dea3e06.png","ship alias 'tie aggressor' in path; token/base image"
"SHIP-D37C351E2E7F","tieaggressor","TIE Aggressor","small","BaseToken",True,"review",3,98,"high","generated","AST-94B88BFE36E73FD9","assets/generated/PilotBaseToken/galacticempire/tieaggressor/onyxsquadronescort__pilot-11ec1b262bd8.png","ship alias 'tie aggressor' in path; token/base image"
"SHIP-D37C351E2E7F","tieaggressor","TIE Aggressor","small","BaseToken",True,"review",4,98,"high","generated","AST-F8E8E8E16F49ECD5","assets/generated/PilotBaseToken/galacticempire/tieaggressor/sienarspecialist__pilot-7274e5f48e24.png","ship alias 'tie aggressor' in path; token/base image"
"SHIP-D37C351E2E7F","tieaggressor","TIE Aggressor","small","BaseToken",True,"review",5,83,"medium","generated","AST-25AD73F5B8B622E2","assets/generated/PilotBaseToken/scumandvillainy/aggressor/ig88a__pilot-386ee2761a70.png","ship alias 'aggressor' in path; token/base image"
"SHIP-D37C351E2E7F","tieaggressor","TIE Aggressor","small","BaseToken",True,"review",6,83,"medium","generated","AST-67BB613C73B6F09F","assets/generated/PilotBaseToken/scumandvillainy/aggressor/ig88b__pilot-22931f77e0c5.png","ship alias 'aggressor' in path; token/base image"
"SHIP-D37C351E2E7F","tieaggressor","TIE Aggressor","small","BaseToken",True,"review",7,83,"medium","generated","AST-A1BFAB2D7FDAF3DF","assets/generated/PilotBaseToken/scumandvillainy/aggressor/ig88c__pilot-f3936ab17701.png","ship alias 'aggressor' in path; token/base image"
"SHIP-D37C351E2E7F","tieaggressor","TIE Aggressor","small","BaseToken",True,"review",8,83,"medium","generated","AST-6F6385A3025D5343","assets/generated/PilotBaseToken/scumandvillainy/aggressor/ig88d__pilot-2e5d2cad25b4.png","ship alias 'aggressor' in path; token/base image"
"SHIP-D37C351E2E7F","tieaggressor","TIE Aggressor","small","DialTexture",True,"review",1,100,"high","generated","AST-0007BEDEDB5F4C58","assets/generated/FirstEditionDialTexture/galacticempire/tieaggressor__dial-0007bededb5f.png","ship alias 'tie aggressor' in path; dial image"
"SHIP-D37C351E2E7F","tieaggressor","TIE Aggressor","small","DialTexture",True,"review",2,100,"high","first-edition-dials","AST-D703E4CC7D71038E","assets/source/first-edition-dials/galacticempire/tieaggressor.jpg","ship alias 'tie aggressor' in path; dial image"
"SHIP-D37C351E2E7F","tieaggressor","TIE Aggressor","small","DialTexture",True,"review",3,85,"high","generated","AST-7BF1092954225FD0","assets/generated/FirstEditionDialTexture/scumandvillainy/aggressor__dial-7bf109295422.png","ship alias 'aggressor' in path; dial image"
"SHIP-D37C351E2E7F","tieaggressor","TIE Aggressor","small","DialTexture",True,"review",4,85,"high","first-edition-dials","AST-F319AE3328BBA0B9","assets/source/first-edition-dials/scumandvillainy/aggressor.jpg","ship alias 'aggressor' in path; dial image"
"SHIP-D37C351E2E7F","tieaggressor","TIE Aggressor","small","DialTexture",True,"review",5,78,"medium","unified25","AST-9ACAD4D27817EB68","assets/source/unified25/assets/ships-v2/small/tieagaggressor/icon.png","ship alias 'tieagaggressor' in path; ships-v2 location"
"SHIP-D37C351E2E7F","tieaggressor","TIE Aggressor","small","DialTexture",True,"review",6,78,"medium","unified25","AST-72CFB07F5FB859AB","assets/source/unified25/assets/ships-v2/small/tieagaggressor/textures/Tie-Aggressor-blue.jpg","ship alias 'tieagaggressor' in path; ships-v2 location"
"SHIP-D37C351E2E7F","tieaggressor","TIE Aggressor","small","DialTexture",True,"review",7,78,"medium","unified25","AST-F5CFE5650F917DC4","assets/source/unified25/assets/ships-v2/small/tieagaggressor/textures/Tie-Aggressor-grey.jpg","ship alias 'tieagaggressor' in path; ships-v2 location"
"SHIP-D37C351E2E7F","tieaggressor","TIE Aggressor","small","DialTexture",True,"review",8,78,"medium","unified25","AST-72CFB07F5FB859AB","assets/source/unified25/assets/ships-v2/small/tieagaggressor/textures/tieagaggressorblue.jpg","ship alias 'tieagaggressor' in path; ships-v2 location"
"SHIP-D37C351E2E7F","tieaggressor","TIE Aggressor","small","DialModel",False,"review",1,78,"medium","unified25","AST-D721EC1C4A47B044","assets/source/unified25/assets/ships-v2/small/tieagaggressor/Tie Aggressor.obj","ship alias 'tieagaggressor' in path; ships-v2 location"
"SHIP-D37C351E2E7F","tieaggressor","TIE Aggressor","small","DialModel",False,"review",2,78,"medium","unified25","AST-D721EC1C4A47B044","assets/source/unified25/assets/ships-v2/small/tieagaggressor/tieagaggressor.obj","ship alias 'tieagaggressor' in path; ships-v2 location"
"SHIP-D37C351E2E7F","tieaggressor","TIE Aggressor","small","DialModel",False,"review",3,76,"medium","unified25","AST-BFA3049FF4531AA7","assets/source/unified25/assets/ships/Small/EMP_tieaggressor/tieaggressor.obj","ship alias 'tie aggressor' in path; ships location"
"SHIP-D37C351E2E7F","tieaggressor","TIE Aggressor","small","DialModel",False,"review",4,63,"medium","unified25","AST-312C95D86055232C","assets/source/unified25/assets/ships-v2/medium/aggressorassaultfighter/aggressor.obj","ship alias 'aggressor' in path; ships-v2 location"
"SHIP-D37C351E2E7F","tieaggressor","TIE Aggressor","small","ShipScript",False,"missing",,,,,,,
"SHIP-533870BAA09A","tiebomber","TIE Bomber","small","ShipModel",True,"review",1,100,"high","unified25","AST-F92EB13A99D5AD31","assets/source/unified25/assets/ships-v2/small/tiesabomber/tiebomber.obj","ship alias 'tiesabomber' in path; ships-v2 location; OBJ model"
"SHIP-533870BAA09A","tiebomber","TIE Bomber","small","ShipModel",True,"review",2,100,"high","unified25","AST-CECB993D25FAB8D3","assets/source/unified25/assets/ships/Small/EMP_tiebomber/tiebomber.obj","ship alias 'tie bomber' in path; ships location; OBJ model"
"SHIP-533870BAA09A","tiebomber","TIE Bomber","small","ShipModel",True,"review",3,88,"high","unified25","AST-CB1CB2E162869313","assets/source/unified25/assets/ships-v2/medium/scurrgh6bomber/scurrg.obj","ship alias 'bomber' in path; ships-v2 location; OBJ model"
"SHIP-533870BAA09A","tiebomber","TIE Bomber","small","ShipModel",True,"review",4,88,"high","unified25","AST-93755A2F557F6328","assets/source/unified25/assets/ships-v2/small/hyenaclassdroidbomber/Hyena_Closed.obj","ship alias 'bomber' in path; ships-v2 location; OBJ model"
"SHIP-533870BAA09A","tiebomber","TIE Bomber","small","ShipModel",True,"review",5,88,"high","unified25","AST-66170B41E04CC7C7","assets/source/unified25/assets/ships-v2/small/hyenaclassdroidbomber/Hyena_Closedv2.obj","ship alias 'bomber' in path; ships-v2 location; OBJ model"
"SHIP-533870BAA09A","tiebomber","TIE Bomber","small","ShipModel",True,"review",6,88,"high","unified25","AST-1CFF57FF3FBBA556","assets/source/unified25/assets/ships-v2/small/hyenaclassdroidbomber/Hyena_Open.obj","ship alias 'bomber' in path; ships-v2 location; OBJ model"
"SHIP-533870BAA09A","tiebomber","TIE Bomber","small","ShipModel",True,"review",7,88,"high","unified25","AST-B2601CDD1FB1ED80","assets/source/unified25/assets/ships-v2/small/hyenaclassdroidbomber/Hyena_Openv2.obj","ship alias 'bomber' in path; ships-v2 location; OBJ model"
"SHIP-533870BAA09A","tiebomber","TIE Bomber","small","ShipModel",True,"review",8,88,"high","unified25","AST-0E72DDD18B7EE498","assets/source/unified25/assets/ships-v2/small/tiesebomber/tie_se.obj","ship alias 'bomber' in path; ships-v2 location; OBJ model"
"SHIP-533870BAA09A","tiebomber","TIE Bomber","small","ShipTexture",True,"review",1,100,"high","unified25","AST-04D49172072654E9","assets/source/unified25/assets/ships-v2/small/tiesabomber/icon.png","ship alias 'tiesabomber' in path; ships-v2 location; ship image/texture"
"SHIP-533870BAA09A","tiebomber","TIE Bomber","small","ShipTexture",True,"review",2,100,"high","unified25","AST-893996346E366A4C","assets/source/unified25/assets/ships-v2/small/tiesabomber/textures/tiesabomberblue.jpg","ship alias 'tiesabomber' in path; ships-v2 location; ship image/texture"
"SHIP-533870BAA09A","tiebomber","TIE Bomber","small","ShipTexture",True,"review",3,100,"high","unified25","AST-F998823017010FC6","assets/source/unified25/assets/ships-v2/small/tiesabomber/textures/tiesabombergrey.jpg","ship alias 'tiesabomber' in path; ships-v2 location; ship image/texture"
"SHIP-533870BAA09A","tiebomber","TIE Bomber","small","ShipTexture",True,"review",4,98,"high","unified25","AST-180F21C145631CE9","assets/source/unified25/assets/ships/Small/EMP_tiebomber/CaptainJonus.png","ship alias 'tie bomber' in path; ships location; ship image/texture"
"SHIP-533870BAA09A","tiebomber","TIE Bomber","small","ShipTexture",True,"review",5,98,"high","unified25","AST-5F5A8CD99D0A3F7F","assets/source/unified25/assets/ships/Small/EMP_tiebomber/Deathfire.png","ship alias 'tie bomber' in path; ships location; ship image/texture"
"SHIP-533870BAA09A","tiebomber","TIE Bomber","small","ShipTexture",True,"review",6,98,"high","unified25","AST-9F5615E5D1303A53","assets/source/unified25/assets/ships/Small/EMP_tiebomber/GammaSquadronAce.png","ship alias 'tie bomber' in path; ships location; ship image/texture"
"SHIP-533870BAA09A","tiebomber","TIE Bomber","small","ShipTexture",True,"review",7,98,"high","unified25","AST-6FA0FFFC7EA05173","assets/source/unified25/assets/ships/Small/EMP_tiebomber/MajorRhymer.png","ship alias 'tie bomber' in path; ships location; ship image/texture"
"SHIP-533870BAA09A","tiebomber","TIE Bomber","small","ShipTexture",True,"review",8,98,"high","unified25","AST-D80AE1A37FCF545C","assets/source/unified25/assets/ships/Small/EMP_tiebomber/ScimitarSquadronPilot.png","ship alias 'tie bomber' in path; ships location; ship image/texture"
"SHIP-533870BAA09A","tiebomber","TIE Bomber","small","BaseToken",True,"review",1,98,"high","generated","AST-EEB9EEBE6FCD379C","assets/generated/PilotBaseToken/galacticempire/tiebomber/captainjonus__pilot-bdaa55ad958f.png","ship alias 'tie bomber' in path; token/base image"
"SHIP-533870BAA09A","tiebomber","TIE Bomber","small","BaseToken",True,"review",2,98,"high","generated","AST-02B3AFB01C02B8B4","assets/generated/PilotBaseToken/galacticempire/tiebomber/deathfire__pilot-1b8c5d844954.png","ship alias 'tie bomber' in path; token/base image"
"SHIP-533870BAA09A","tiebomber","TIE Bomber","small","BaseToken",True,"review",3,98,"high","generated","AST-C43F2C889533E113","assets/generated/PilotBaseToken/galacticempire/tiebomber/gammasquadronpilot__pilot-b8141f8d7b11.png","ship alias 'tie bomber' in path; token/base image"
"SHIP-533870BAA09A","tiebomber","TIE Bomber","small","BaseToken",True,"review",4,98,"high","generated","AST-35A3EB3CBB66F7D5","assets/generated/PilotBaseToken/galacticempire/tiebomber/gammasquadronveteran__pilot-c1b278be03e2.png","ship alias 'tie bomber' in path; token/base image"
"SHIP-533870BAA09A","tiebomber","TIE Bomber","small","BaseToken",True,"review",5,98,"high","generated","AST-DFB22E30F77DE508","assets/generated/PilotBaseToken/galacticempire/tiebomber/majorrhymer__pilot-2699bb62e4da.png","ship alias 'tie bomber' in path; token/base image"
"SHIP-533870BAA09A","tiebomber","TIE Bomber","small","BaseToken",True,"review",6,98,"high","generated","AST-A2F924C51BE10F67","assets/generated/PilotBaseToken/galacticempire/tiebomber/scimitarsquadronpilot__pilot-6bca69aa2e6f.png","ship alias 'tie bomber' in path; token/base image"
"SHIP-533870BAA09A","tiebomber","TIE Bomber","small","BaseToken",True,"review",7,98,"high","generated","AST-1D6C62DFDB0672DF","assets/generated/PilotBaseToken/galacticempire/tiebomber/tomaxbren__pilot-78154c684a5d.png","ship alias 'tie bomber' in path; token/base image"
"SHIP-533870BAA09A","tiebomber","TIE Bomber","small","BaseToken",True,"review",8,83,"medium","generated","AST-0D8B75CB192EE51A","assets/generated/PilotBaseToken/rebelalliance/scurrgh6bomber/captainnym__pilot-443467780783.png","ship alias 'bomber' in path; token/base image"
"SHIP-533870BAA09A","tiebomber","TIE Bomber","small","DialTexture",True,"review",1,100,"high","generated","AST-CF8BA079EF2C744C","assets/generated/FirstEditionDialTexture/galacticempire/tiebomber__dial-cf8ba079ef2c.png","ship alias 'tie bomber' in path; dial image"
"SHIP-533870BAA09A","tiebomber","TIE Bomber","small","DialTexture",True,"review",2,100,"high","first-edition-dials","AST-2D7D1550DD9C921C","assets/source/first-edition-dials/galacticempire/tiebomber.jpg","ship alias 'tie bomber' in path; dial image"
"SHIP-533870BAA09A","tiebomber","TIE Bomber","small","DialTexture",True,"review",3,85,"high","generated","AST-E6214398975A3801","assets/generated/FirstEditionDialTexture/rebelalliance/scurrgh6bomber__dial-e6214398975a.png","ship alias 'bomber' in path; dial image"
"SHIP-533870BAA09A","tiebomber","TIE Bomber","small","DialTexture",True,"review",4,85,"high","generated","AST-5A868CF6CF681EFF","assets/generated/FirstEditionDialTexture/resistance/bsf17bomber__dial-0a81758056f1.png","ship alias 'bomber' in path; dial image"
"SHIP-533870BAA09A","tiebomber","TIE Bomber","small","DialTexture",True,"review",5,85,"high","generated","AST-4EEB41563190AC4F","assets/generated/FirstEditionDialTexture/scumandvillainy/scurrgh6bomber__dial-4eeb41563190.png","ship alias 'bomber' in path; dial image"
"SHIP-533870BAA09A","tiebomber","TIE Bomber","small","DialTexture",True,"review",6,85,"high","first-edition-dials","AST-7B513AF80403C218","assets/source/first-edition-dials/rebelalliance/scurrgh6bomber.jpg","ship alias 'bomber' in path; dial image"
"SHIP-533870BAA09A","tiebomber","TIE Bomber","small","DialTexture",True,"review",7,85,"high","first-edition-dials","AST-5A868CF6CF681EFF","assets/source/first-edition-dials/resistance/bsf17bomber.png","ship alias 'bomber' in path; dial image"
"SHIP-533870BAA09A","tiebomber","TIE Bomber","small","DialTexture",True,"review",8,85,"high","first-edition-dials","AST-3DDCDE505258236A","assets/source/first-edition-dials/scumandvillainy/scurrgh6bomber.jpg","ship alias 'bomber' in path; dial image"
"SHIP-533870BAA09A","tiebomber","TIE Bomber","small","DialModel",False,"review",1,78,"medium","unified25","AST-F92EB13A99D5AD31","assets/source/unified25/assets/ships-v2/small/tiesabomber/tiebomber.obj","ship alias 'tiesabomber' in path; ships-v2 location"
"SHIP-533870BAA09A","tiebomber","TIE Bomber","small","DialModel",False,"review",2,76,"medium","unified25","AST-CECB993D25FAB8D3","assets/source/unified25/assets/ships/Small/EMP_tiebomber/tiebomber.obj","ship alias 'tie bomber' in path; ships location"
"SHIP-533870BAA09A","tiebomber","TIE Bomber","small","DialModel",False,"review",3,63,"medium","unified25","AST-CB1CB2E162869313","assets/source/unified25/assets/ships-v2/medium/scurrgh6bomber/scurrg.obj","ship alias 'bomber' in path; ships-v2 location"
"SHIP-533870BAA09A","tiebomber","TIE Bomber","small","DialModel",False,"review",4,63,"medium","unified25","AST-93755A2F557F6328","assets/source/unified25/assets/ships-v2/small/hyenaclassdroidbomber/Hyena_Closed.obj","ship alias 'bomber' in path; ships-v2 location"
"SHIP-533870BAA09A","tiebomber","TIE Bomber","small","DialModel",False,"review",5,63,"medium","unified25","AST-66170B41E04CC7C7","assets/source/unified25/assets/ships-v2/small/hyenaclassdroidbomber/Hyena_Closedv2.obj","ship alias 'bomber' in path; ships-v2 location"
"SHIP-533870BAA09A","tiebomber","TIE Bomber","small","DialModel",False,"review",6,63,"medium","unified25","AST-1CFF57FF3FBBA556","assets/source/unified25/assets/ships-v2/small/hyenaclassdroidbomber/Hyena_Open.obj","ship alias 'bomber' in path; ships-v2 location"
"SHIP-533870BAA09A","tiebomber","TIE Bomber","small","DialModel",False,"review",7,63,"medium","unified25","AST-B2601CDD1FB1ED80","assets/source/unified25/assets/ships-v2/small/hyenaclassdroidbomber/Hyena_Openv2.obj","ship alias 'bomber' in path; ships-v2 location"
"SHIP-533870BAA09A","tiebomber","TIE Bomber","small","DialModel",False,"review",8,63,"medium","unified25","AST-0E72DDD18B7EE498","assets/source/unified25/assets/ships-v2/small/tiesebomber/tie_se.obj","ship alias 'bomber' in path; ships-v2 location"
"SHIP-533870BAA09A","tiebomber","TIE Bomber","small","ShipScript",False,"missing",,,,,,,
"SHIP-2287759F7AD8","tiedefender","TIE Defender","small","ShipModel",True,"review",1,100,"high","unified25","AST-CCE0E64FBDDCC735","assets/source/unified25/assets/ships-v2/small/tiededefender/defender.obj","ship alias 'tiededefender' in path; ships-v2 location; OBJ model"
"SHIP-2287759F7AD8","tiedefender","TIE Defender","small","ShipModel",True,"review",2,100,"high","unified25","AST-2894CABBAD2D0322","assets/source/unified25/assets/ships/Small/EMP_tiedefender/defender.obj","ship alias 'tie defender' in path; ships location; OBJ model"
"SHIP-2287759F7AD8","tiedefender","TIE Defender","small","ShipTexture",True,"review",1,100,"high","unified25","AST-96F1921164EDF0DA","assets/source/unified25/assets/ships-v2/small/tiededefender/icon.png","ship alias 'tiededefender' in path; ships-v2 location; ship image/texture"
"SHIP-2287759F7AD8","tiedefender","TIE Defender","small","ShipTexture",True,"review",2,100,"high","unified25","AST-A945C65204ECCEDB","assets/source/unified25/assets/ships-v2/small/tiededefender/textures/Kyber.jpg","ship alias 'tiededefender' in path; ships-v2 location; ship image/texture"
"SHIP-2287759F7AD8","tiedefender","TIE Defender","small","ShipTexture",True,"review",3,100,"high","unified25","AST-D90D53A6DDC6B2EF","assets/source/unified25/assets/ships-v2/small/tiededefender/textures/tiededefenderblue.jpg","ship alias 'tiededefender' in path; ships-v2 location; ship image/texture"
"SHIP-2287759F7AD8","tiedefender","TIE Defender","small","ShipTexture",True,"review",4,100,"high","unified25","AST-DD5BEF391C7908A8","assets/source/unified25/assets/ships-v2/small/tiededefender/textures/tiededefendergrey.jpg","ship alias 'tiededefender' in path; ships-v2 location; ship image/texture"
"SHIP-2287759F7AD8","tiedefender","TIE Defender","small","ShipTexture",True,"review",5,100,"high","unified25","AST-8C916E7638C498B8","assets/source/unified25/assets/ships-v2/small/tiededefender/textures/tiededefenderred.jpg","ship alias 'tiededefender' in path; ships-v2 location; ship image/texture"
"SHIP-2287759F7AD8","tiedefender","TIE Defender","small","ShipTexture",True,"review",6,100,"high","unified25","AST-49452BD3E92057A4","assets/source/unified25/assets/ships-v2/small/tiededefender/textures/tiededefenderss.jpg","ship alias 'tiededefender' in path; ships-v2 location; ship image/texture"
"SHIP-2287759F7AD8","tiedefender","TIE Defender","small","ShipTexture",True,"review",7,100,"high","unified25","AST-2A9202D9A7BBF8F2","assets/source/unified25/assets/ships-v2/small/tiededefender/textures/tiededefendervader.jpg","ship alias 'tiededefender' in path; ships-v2 location; ship image/texture"
"SHIP-2287759F7AD8","tiedefender","TIE Defender","small","ShipTexture",True,"review",8,98,"high","unified25","AST-1417D2A5805A5523","assets/source/unified25/assets/ships/Empire/TIEDefender/colonelvessery.png","ship alias 'tie defender' in path; ships location; ship image/texture"
"SHIP-2287759F7AD8","tiedefender","TIE Defender","small","BaseToken",True,"review",1,98,"high","generated","AST-AF31D1B62ADC8B73","assets/generated/PilotBaseToken/galacticempire/tiedefender/colonelvessery__pilot-67211d993ab3.png","ship alias 'tie defender' in path; token/base image"
"SHIP-2287759F7AD8","tiedefender","TIE Defender","small","BaseToken",True,"review",2,98,"high","generated","AST-6A86E5CD77A59AF7","assets/generated/PilotBaseToken/galacticempire/tiedefender/countessryad__pilot-0eee1974b721.png","ship alias 'tie defender' in path; token/base image"
"SHIP-2287759F7AD8","tiedefender","TIE Defender","small","BaseToken",True,"review",3,98,"high","generated","AST-588DED3A92DA32E9","assets/generated/PilotBaseToken/galacticempire/tiedefender/deltasquadronpilot__pilot-697f037e14a6.png","ship alias 'tie defender' in path; token/base image"
"SHIP-2287759F7AD8","tiedefender","TIE Defender","small","BaseToken",True,"review",4,98,"high","generated","AST-D4D569D73DEB68D0","assets/generated/PilotBaseToken/galacticempire/tiedefender/glaivesquadronpilot__pilot-b20f99e8b056.png","ship alias 'tie defender' in path; token/base image"
"SHIP-2287759F7AD8","tiedefender","TIE Defender","small","BaseToken",True,"review",5,98,"high","generated","AST-B4798977345FB6C7","assets/generated/PilotBaseToken/galacticempire/tiedefender/maarekstele__pilot-bf753aa35aef.png","ship alias 'tie defender' in path; token/base image"
"SHIP-2287759F7AD8","tiedefender","TIE Defender","small","BaseToken",True,"review",6,98,"high","generated","AST-2FFBCD539886E706","assets/generated/PilotBaseToken/galacticempire/tiedefender/onyxsquadronpilot__pilot-b34f5c2ddf3e.png","ship alias 'tie defender' in path; token/base image"
"SHIP-2287759F7AD8","tiedefender","TIE Defender","small","BaseToken",True,"review",7,98,"high","generated","AST-048815D00D3EE713","assets/generated/PilotBaseToken/galacticempire/tiedefender/rexlerbrath__pilot-c43bae681f2f.png","ship alias 'tie defender' in path; token/base image"
"SHIP-2287759F7AD8","tiedefender","TIE Defender","small","BaseToken",True,"review",8,83,"medium","generated","AST-4A0BB4646162AECB","assets/generated/PilotBaseToken/galacticempire/tiestriker/scarifdefender__pilot-2f134b09193e.png","ship alias 'defender' in path; token/base image"
"SHIP-2287759F7AD8","tiedefender","TIE Defender","small","DialTexture",True,"review",1,100,"high","generated","AST-ADF83F12D299D8AE","assets/generated/FirstEditionDialTexture/galacticempire/tiedefender__dial-adf83f12d299.png","ship alias 'tie defender' in path; dial image"
"SHIP-2287759F7AD8","tiedefender","TIE Defender","small","DialTexture",True,"review",2,100,"high","first-edition-dials","AST-9669858FC02A91E2","assets/source/first-edition-dials/galacticempire/tiedefender.jpg","ship alias 'tie defender' in path; dial image"
"SHIP-2287759F7AD8","tiedefender","TIE Defender","small","DialTexture",True,"review",3,78,"medium","unified25","AST-96F1921164EDF0DA","assets/source/unified25/assets/ships-v2/small/tiededefender/icon.png","ship alias 'tiededefender' in path; ships-v2 location"
"SHIP-2287759F7AD8","tiedefender","TIE Defender","small","DialTexture",True,"review",4,78,"medium","unified25","AST-A945C65204ECCEDB","assets/source/unified25/assets/ships-v2/small/tiededefender/textures/Kyber.jpg","ship alias 'tiededefender' in path; ships-v2 location"
"SHIP-2287759F7AD8","tiedefender","TIE Defender","small","DialTexture",True,"review",5,78,"medium","unified25","AST-D90D53A6DDC6B2EF","assets/source/unified25/assets/ships-v2/small/tiededefender/textures/tiededefenderblue.jpg","ship alias 'tiededefender' in path; ships-v2 location"
"SHIP-2287759F7AD8","tiedefender","TIE Defender","small","DialTexture",True,"review",6,78,"medium","unified25","AST-DD5BEF391C7908A8","assets/source/unified25/assets/ships-v2/small/tiededefender/textures/tiededefendergrey.jpg","ship alias 'tiededefender' in path; ships-v2 location"
"SHIP-2287759F7AD8","tiedefender","TIE Defender","small","DialTexture",True,"review",7,78,"medium","unified25","AST-8C916E7638C498B8","assets/source/unified25/assets/ships-v2/small/tiededefender/textures/tiededefenderred.jpg","ship alias 'tiededefender' in path; ships-v2 location"
"SHIP-2287759F7AD8","tiedefender","TIE Defender","small","DialTexture",True,"review",8,78,"medium","unified25","AST-49452BD3E92057A4","assets/source/unified25/assets/ships-v2/small/tiededefender/textures/tiededefenderss.jpg","ship alias 'tiededefender' in path; ships-v2 location"
"SHIP-2287759F7AD8","tiedefender","TIE Defender","small","DialModel",False,"review",1,78,"medium","unified25","AST-CCE0E64FBDDCC735","assets/source/unified25/assets/ships-v2/small/tiededefender/defender.obj","ship alias 'tiededefender' in path; ships-v2 location"
"SHIP-2287759F7AD8","tiedefender","TIE Defender","small","DialModel",False,"review",2,76,"medium","unified25","AST-2894CABBAD2D0322","assets/source/unified25/assets/ships/Small/EMP_tiedefender/defender.obj","ship alias 'tie defender' in path; ships location"
"SHIP-2287759F7AD8","tiedefender","TIE Defender","small","ShipScript",False,"missing",,,,,,,
"SHIP-346E9CB0AAE8","tiefighter","TIE Fighter","small","ShipModel",True,"review",1,100,"high","unified25","AST-0B6D6D62A77FB06E","assets/source/unified25/assets/ships-v2/small/modifiedtielnfighter/miningguildtie.obj","ship alias 'tielnfighter' in path; ships-v2 location; OBJ model"
"SHIP-346E9CB0AAE8","tiefighter","TIE Fighter","small","ShipModel",True,"review",2,100,"high","unified25","AST-05FAE6754363F472","assets/source/unified25/assets/ships-v2/small/tielnfighter/TIE_LN.obj","ship alias 'tielnfighter' in path; ships-v2 location; OBJ model"
"SHIP-346E9CB0AAE8","tiefighter","TIE Fighter","small","ShipTexture",True,"review",1,100,"high","unified25","AST-D37C7743A4063666","assets/source/unified25/assets/ships-v2/small/modifiedtielnfighter/Icon.png","ship alias 'tielnfighter' in path; ships-v2 location; ship image/texture"
"SHIP-346E9CB0AAE8","tiefighter","TIE Fighter","small","ShipTexture",True,"review",2,100,"high","unified25","AST-088458018B8CB1E7","assets/source/unified25/assets/ships-v2/small/modifiedtielnfighter/Textures/standard.png","ship alias 'tielnfighter' in path; ships-v2 location; ship image/texture"
"SHIP-346E9CB0AAE8","tiefighter","TIE Fighter","small","ShipTexture",True,"review",3,100,"high","unified25","AST-070433AB129F1331","assets/source/unified25/assets/ships-v2/small/tielnfighter/textures/Tie-Fighter-Blue2.jpg","ship alias 'tielnfighter' in path; ships-v2 location; ship image/texture"
"SHIP-346E9CB0AAE8","tiefighter","TIE Fighter","small","ShipTexture",True,"review",4,100,"high","unified25","AST-8975CDD3CEFDA2D7","assets/source/unified25/assets/ships-v2/small/tielnfighter/textures/Tie-Fighter-Grey2.jpg","ship alias 'tielnfighter' in path; ships-v2 location; ship image/texture"
"SHIP-346E9CB0AAE8","tiefighter","TIE Fighter","small","ShipTexture",True,"review",5,100,"high","unified25","AST-2CBF88D63AE7BAA8","assets/source/unified25/assets/ships-v2/small/tielnfighter/textures/Tie-Fighter-Inferno2.jpg","ship alias 'tielnfighter' in path; ships-v2 location; ship image/texture"
"SHIP-346E9CB0AAE8","tiefighter","TIE Fighter","small","ShipTexture",True,"review",6,100,"high","unified25","AST-B6B8E46A10744708","assets/source/unified25/assets/ships-v2/small/tielnfighter/textures/Tie-Fighter-Rebel.jpg","ship alias 'tielnfighter' in path; ships-v2 location; ship image/texture"
"SHIP-346E9CB0AAE8","tiefighter","TIE Fighter","small","ShipTexture",True,"review",7,100,"high","unified25","AST-CEB8A7FFD8BD4C8B","assets/source/unified25/assets/ships-v2/small/tielnfighter/tielnicon.png","ship alias 'tielnfighter' in path; ships-v2 location; ship image/texture"
"SHIP-346E9CB0AAE8","tiefighter","TIE Fighter","small","ShipTexture",True,"review",8,92,"high","generated","AST-ACDAE99EB5736D34","assets/generated/FirstEditionDialTexture/galacticempire/tiefighter__dial-acdae99eb573.png","ship alias 'tie fighter' in path; ship image/texture"
"SHIP-346E9CB0AAE8","tiefighter","TIE Fighter","small","BaseToken",True,"review",1,98,"high","generated","AST-8EC9D57CBDC1D058","assets/generated/PilotBaseToken/galacticempire/tiefighter/academypilot__pilot-da5161ba5569.png","ship alias 'tie fighter' in path; token/base image"
"SHIP-346E9CB0AAE8","tiefighter","TIE Fighter","small","BaseToken",True,"review",2,98,"high","generated","AST-12B278D879DC54A9","assets/generated/PilotBaseToken/galacticempire/tiefighter/backstabber__pilot-9508f007b8de.png","ship alias 'tie fighter' in path; token/base image"
"SHIP-346E9CB0AAE8","tiefighter","TIE Fighter","small","BaseToken",True,"review",3,98,"high","generated","AST-F566FC641274347F","assets/generated/PilotBaseToken/galacticempire/tiefighter/blacksquadronpilot__pilot-7e5376cb86f1.png","ship alias 'tie fighter' in path; token/base image"
"SHIP-346E9CB0AAE8","tiefighter","TIE Fighter","small","BaseToken",True,"review",4,98,"high","generated","AST-28F3B71421A26672","assets/generated/PilotBaseToken/galacticempire/tiefighter/chaser__pilot-1641d4c10891.png","ship alias 'tie fighter' in path; token/base image"
"SHIP-346E9CB0AAE8","tiefighter","TIE Fighter","small","BaseToken",True,"review",5,98,"high","generated","AST-0613547CA9B1A3CB","assets/generated/PilotBaseToken/galacticempire/tiefighter/darkcurse__pilot-7f08d82863da.png","ship alias 'tie fighter' in path; token/base image"
"SHIP-346E9CB0AAE8","tiefighter","TIE Fighter","small","BaseToken",True,"review",6,98,"high","generated","AST-F3822B6E13CDBAF7","assets/generated/PilotBaseToken/galacticempire/tiefighter/howlrunner__pilot-25f20c6b5aba.png","ship alias 'tie fighter' in path; token/base image"
"SHIP-346E9CB0AAE8","tiefighter","TIE Fighter","small","BaseToken",True,"review",7,98,"high","generated","AST-C36B4B37C53EAF69","assets/generated/PilotBaseToken/galacticempire/tiefighter/maulermithel__pilot-0c207b0c74cf.png","ship alias 'tie fighter' in path; token/base image"
"SHIP-346E9CB0AAE8","tiefighter","TIE Fighter","small","BaseToken",True,"review",8,98,"high","generated","AST-5AD3177181CB9274","assets/generated/PilotBaseToken/galacticempire/tiefighter/nightbeast__pilot-85511699241b.png","ship alias 'tie fighter' in path; token/base image"
"SHIP-346E9CB0AAE8","tiefighter","TIE Fighter","small","DialTexture",True,"review",1,100,"high","generated","AST-ACDAE99EB5736D34","assets/generated/FirstEditionDialTexture/galacticempire/tiefighter__dial-acdae99eb573.png","ship alias 'tie fighter' in path; dial image"
"SHIP-346E9CB0AAE8","tiefighter","TIE Fighter","small","DialTexture",True,"review",2,100,"high","generated","AST-FF9C58A42A7057D8","assets/generated/FirstEditionDialTexture/rebelalliance/tiefighter__dial-ff9c58a42a70.png","ship alias 'tie fighter' in path; dial image"
"SHIP-346E9CB0AAE8","tiefighter","TIE Fighter","small","DialTexture",True,"review",3,100,"high","first-edition-dials","AST-9545AECE5D720EAD","assets/source/first-edition-dials/galacticempire/tiefighter.jpg","ship alias 'tie fighter' in path; dial image"
"SHIP-346E9CB0AAE8","tiefighter","TIE Fighter","small","DialTexture",True,"review",4,100,"high","first-edition-dials","AST-08494DC1242D5728","assets/source/first-edition-dials/rebelalliance/tiefighter.jpg","ship alias 'tie fighter' in path; dial image"
"SHIP-346E9CB0AAE8","tiefighter","TIE Fighter","small","DialTexture",True,"review",5,78,"medium","unified25","AST-D37C7743A4063666","assets/source/unified25/assets/ships-v2/small/modifiedtielnfighter/Icon.png","ship alias 'tielnfighter' in path; ships-v2 location"
"SHIP-346E9CB0AAE8","tiefighter","TIE Fighter","small","DialTexture",True,"review",6,78,"medium","unified25","AST-088458018B8CB1E7","assets/source/unified25/assets/ships-v2/small/modifiedtielnfighter/Textures/standard.png","ship alias 'tielnfighter' in path; ships-v2 location"
"SHIP-346E9CB0AAE8","tiefighter","TIE Fighter","small","DialTexture",True,"review",7,78,"medium","unified25","AST-070433AB129F1331","assets/source/unified25/assets/ships-v2/small/tielnfighter/textures/Tie-Fighter-Blue2.jpg","ship alias 'tielnfighter' in path; ships-v2 location"
"SHIP-346E9CB0AAE8","tiefighter","TIE Fighter","small","DialTexture",True,"review",8,78,"medium","unified25","AST-8975CDD3CEFDA2D7","assets/source/unified25/assets/ships-v2/small/tielnfighter/textures/Tie-Fighter-Grey2.jpg","ship alias 'tielnfighter' in path; ships-v2 location"
"SHIP-346E9CB0AAE8","tiefighter","TIE Fighter","small","DialModel",False,"review",1,78,"medium","unified25","AST-0B6D6D62A77FB06E","assets/source/unified25/assets/ships-v2/small/modifiedtielnfighter/miningguildtie.obj","ship alias 'tielnfighter' in path; ships-v2 location"
"SHIP-346E9CB0AAE8","tiefighter","TIE Fighter","small","DialModel",False,"review",2,78,"medium","unified25","AST-05FAE6754363F472","assets/source/unified25/assets/ships-v2/small/tielnfighter/TIE_LN.obj","ship alias 'tielnfighter' in path; ships-v2 location"
"SHIP-346E9CB0AAE8","tiefighter","TIE Fighter","small","ShipScript",False,"missing",,,,,,,
"SHIP-16E9397D0581","tieinterceptor","TIE Interceptor","small","ShipModel",True,"review",1,100,"high","unified25","AST-6D330C84D7548093","assets/source/unified25/assets/ships-v2/small/m3ainterceptor/m3a.obj","ship alias 'interceptor' in path; ships-v2 location; OBJ model"
"SHIP-16E9397D0581","tieinterceptor","TIE Interceptor","small","ShipModel",True,"review",2,100,"high","unified25","AST-925D5C0C1B10A6DE","assets/source/unified25/assets/ships-v2/small/tiebainterceptor/TieBa.obj","ship alias 'interceptor' in path; ships-v2 location; OBJ model"
"SHIP-16E9397D0581","tieinterceptor","TIE Interceptor","small","ShipModel",True,"review",3,100,"high","unified25","AST-1BCE7F19C01B853A","assets/source/unified25/assets/ships-v2/small/tiebainterceptor/TieBaron.obj","ship alias 'interceptor' in path; ships-v2 location; OBJ model"
"SHIP-16E9397D0581","tieinterceptor","TIE Interceptor","small","ShipModel",True,"review",4,100,"high","unified25","AST-A1A83EBD8CA54AC2","assets/source/unified25/assets/ships-v2/small/tieininterceptor/tieinterceptor.obj","ship alias 'tieininterceptor' in path; ships-v2 location; OBJ model"
"SHIP-16E9397D0581","tieinterceptor","TIE Interceptor","small","ShipModel",True,"review",5,100,"high","unified25","AST-2642883FBEE85D32","assets/source/unified25/assets/ships-v2/small/tiewiwhispermodifiedinterceptor/TIE_Wi.obj","ship alias 'interceptor' in path; ships-v2 location; OBJ model"
"SHIP-16E9397D0581","tieinterceptor","TIE Interceptor","small","ShipModel",True,"review",6,100,"high","unified25","AST-CD5591CA0F13E433","assets/source/unified25/assets/ships-v2/small/tiewiwhispermodifiedinterceptor/TIE_Wiv2.obj","ship alias 'interceptor' in path; ships-v2 location; OBJ model"
"SHIP-16E9397D0581","tieinterceptor","TIE Interceptor","small","ShipModel",True,"review",7,100,"high","unified25","AST-B548DB03FF5E2215","assets/source/unified25/assets/ships/Small/EMP_tieinterceptor/tieinterceptor.obj","ship alias 'tie interceptor' in path; ships location; OBJ model"
"SHIP-16E9397D0581","tieinterceptor","TIE Interceptor","small","ShipTexture",True,"review",1,100,"high","unified25","AST-1DD47A4BC70D25FD","assets/source/unified25/assets/ships-v2/small/m3ainterceptor/Icon.png","ship alias 'interceptor' in path; ships-v2 location; ship image/texture"
"SHIP-16E9397D0581","tieinterceptor","TIE Interceptor","small","ShipTexture",True,"review",2,100,"high","unified25","AST-04C3EE4BECF03161","assets/source/unified25/assets/ships-v2/small/m3ainterceptor/Textures/CartelSpacer.jpg","ship alias 'interceptor' in path; ships-v2 location; ship image/texture"
"SHIP-16E9397D0581","tieinterceptor","TIE Interceptor","small","ShipTexture",True,"review",3,100,"high","unified25","AST-71AE91371C945BBC","assets/source/unified25/assets/ships-v2/small/m3ainterceptor/Textures/CartelSpacer.png","ship alias 'interceptor' in path; ships-v2 location; ship image/texture"
"SHIP-16E9397D0581","tieinterceptor","TIE Interceptor","small","ShipTexture",True,"review",4,100,"high","unified25","AST-FBB53AA0825F5BD8","assets/source/unified25/assets/ships-v2/small/m3ainterceptor/Textures/G4rG0r.jpg","ship alias 'interceptor' in path; ships-v2 location; ship image/texture"
"SHIP-16E9397D0581","tieinterceptor","TIE Interceptor","small","ShipTexture",True,"review",5,100,"high","unified25","AST-A179C7CE45DC4F39","assets/source/unified25/assets/ships-v2/small/m3ainterceptor/Textures/G4rG0r.png","ship alias 'interceptor' in path; ships-v2 location; ship image/texture"
"SHIP-16E9397D0581","tieinterceptor","TIE Interceptor","small","ShipTexture",True,"review",6,100,"high","unified25","AST-D5ADE14AFD30BCF0","assets/source/unified25/assets/ships-v2/small/m3ainterceptor/Textures/GenesisRed.jpg","ship alias 'interceptor' in path; ships-v2 location; ship image/texture"
"SHIP-16E9397D0581","tieinterceptor","TIE Interceptor","small","ShipTexture",True,"review",7,100,"high","unified25","AST-CBC4098E61191B37","assets/source/unified25/assets/ships-v2/small/m3ainterceptor/Textures/GenesisRed.png","ship alias 'interceptor' in path; ships-v2 location; ship image/texture"
"SHIP-16E9397D0581","tieinterceptor","TIE Interceptor","small","ShipTexture",True,"review",8,100,"high","unified25","AST-EE2BBBA7FF0AD012","assets/source/unified25/assets/ships-v2/small/m3ainterceptor/Textures/SunnyBounder.jpg","ship alias 'interceptor' in path; ships-v2 location; ship image/texture"
"SHIP-16E9397D0581","tieinterceptor","TIE Interceptor","small","BaseToken",True,"review",1,98,"high","generated","AST-7415A41848E9B8DE","assets/generated/PilotBaseToken/galacticempire/tieinterceptor/alphasquadronpilot__pilot-8b20dcc32738.png","ship alias 'tie interceptor' in path; token/base image"
"SHIP-16E9397D0581","tieinterceptor","TIE Interceptor","small","BaseToken",True,"review",2,98,"high","generated","AST-FF44A73A31EFF5D0","assets/generated/PilotBaseToken/galacticempire/tieinterceptor/avengersquadronpilot__pilot-a62d21a2101d.png","ship alias 'tie interceptor' in path; token/base image"
"SHIP-16E9397D0581","tieinterceptor","TIE Interceptor","small","BaseToken",True,"review",3,98,"high","generated","AST-0A4215C1068A2FCD","assets/generated/PilotBaseToken/galacticempire/tieinterceptor/carnorjax__pilot-566a4beecb74.png","ship alias 'tie interceptor' in path; token/base image"
"SHIP-16E9397D0581","tieinterceptor","TIE Interceptor","small","BaseToken",True,"review",4,98,"high","generated","AST-839EC67AC83DFD65","assets/generated/PilotBaseToken/galacticempire/tieinterceptor/felswrath__pilot-3cbe4e95e295.png","ship alias 'tie interceptor' in path; token/base image"
"SHIP-16E9397D0581","tieinterceptor","TIE Interceptor","small","BaseToken",True,"review",5,98,"high","generated","AST-B98399A4AA7504F5","assets/generated/PilotBaseToken/galacticempire/tieinterceptor/kirkanos__pilot-d869dca4c483.png","ship alias 'tie interceptor' in path; token/base image"
"SHIP-16E9397D0581","tieinterceptor","TIE Interceptor","small","BaseToken",True,"review",6,98,"high","generated","AST-8D5FE868DEAF6D64","assets/generated/PilotBaseToken/galacticempire/tieinterceptor/lieutenantlorrir__pilot-f6adbd0d6a79.png","ship alias 'tie interceptor' in path; token/base image"
"SHIP-16E9397D0581","tieinterceptor","TIE Interceptor","small","BaseToken",True,"review",7,98,"high","generated","AST-268EC4A567F92083","assets/generated/PilotBaseToken/galacticempire/tieinterceptor/royalguardpilot__pilot-3187e5d8cd00.png","ship alias 'tie interceptor' in path; token/base image"
"SHIP-16E9397D0581","tieinterceptor","TIE Interceptor","small","BaseToken",True,"review",8,98,"high","generated","AST-083DEF13CCC0BBE9","assets/generated/PilotBaseToken/galacticempire/tieinterceptor/sabersquadronpilot__pilot-2141928f7263.png","ship alias 'tie interceptor' in path; token/base image"
"SHIP-16E9397D0581","tieinterceptor","TIE Interceptor","small","DialTexture",True,"review",1,100,"high","generated","AST-2AF2ECBD24160581","assets/generated/FirstEditionDialTexture/galacticempire/tieinterceptor__dial-2af2ecbd2416.png","ship alias 'tie interceptor' in path; dial image"
"SHIP-16E9397D0581","tieinterceptor","TIE Interceptor","small","DialTexture",True,"review",2,100,"high","generated","AST-B169E4C576588F5A","assets/generated/FirstEditionDialTexture/scumandvillainy/m3ainterceptor__dial-b169e4c57658.png","ship alias 'interceptor' in path; dial image"
"SHIP-16E9397D0581","tieinterceptor","TIE Interceptor","small","DialTexture",True,"review",3,100,"high","first-edition-dials","AST-5BE4718CF1E56090","assets/source/first-edition-dials/galacticempire/tieinterceptor.jpg","ship alias 'tie interceptor' in path; dial image"
"SHIP-16E9397D0581","tieinterceptor","TIE Interceptor","small","DialTexture",True,"review",4,100,"high","first-edition-dials","AST-4B479C023330F60E","assets/source/first-edition-dials/scumandvillainy/m3ainterceptor.jpg","ship alias 'interceptor' in path; dial image"
"SHIP-16E9397D0581","tieinterceptor","TIE Interceptor","small","DialTexture",True,"review",5,78,"medium","unified25","AST-1DD47A4BC70D25FD","assets/source/unified25/assets/ships-v2/small/m3ainterceptor/Icon.png","ship alias 'interceptor' in path; ships-v2 location"
"SHIP-16E9397D0581","tieinterceptor","TIE Interceptor","small","DialTexture",True,"review",6,78,"medium","unified25","AST-04C3EE4BECF03161","assets/source/unified25/assets/ships-v2/small/m3ainterceptor/Textures/CartelSpacer.jpg","ship alias 'interceptor' in path; ships-v2 location"
"SHIP-16E9397D0581","tieinterceptor","TIE Interceptor","small","DialTexture",True,"review",7,78,"medium","unified25","AST-71AE91371C945BBC","assets/source/unified25/assets/ships-v2/small/m3ainterceptor/Textures/CartelSpacer.png","ship alias 'interceptor' in path; ships-v2 location"
"SHIP-16E9397D0581","tieinterceptor","TIE Interceptor","small","DialTexture",True,"review",8,78,"medium","unified25","AST-FBB53AA0825F5BD8","assets/source/unified25/assets/ships-v2/small/m3ainterceptor/Textures/G4rG0r.jpg","ship alias 'interceptor' in path; ships-v2 location"
"SHIP-16E9397D0581","tieinterceptor","TIE Interceptor","small","DialModel",False,"review",1,78,"medium","unified25","AST-6D330C84D7548093","assets/source/unified25/assets/ships-v2/small/m3ainterceptor/m3a.obj","ship alias 'interceptor' in path; ships-v2 location"
"SHIP-16E9397D0581","tieinterceptor","TIE Interceptor","small","DialModel",False,"review",2,78,"medium","unified25","AST-925D5C0C1B10A6DE","assets/source/unified25/assets/ships-v2/small/tiebainterceptor/TieBa.obj","ship alias 'interceptor' in path; ships-v2 location"
"SHIP-16E9397D0581","tieinterceptor","TIE Interceptor","small","DialModel",False,"review",3,78,"medium","unified25","AST-1BCE7F19C01B853A","assets/source/unified25/assets/ships-v2/small/tiebainterceptor/TieBaron.obj","ship alias 'interceptor' in path; ships-v2 location"
"SHIP-16E9397D0581","tieinterceptor","TIE Interceptor","small","DialModel",False,"review",4,78,"medium","unified25","AST-A1A83EBD8CA54AC2","assets/source/unified25/assets/ships-v2/small/tieininterceptor/tieinterceptor.obj","ship alias 'tieininterceptor' in path; ships-v2 location"
"SHIP-16E9397D0581","tieinterceptor","TIE Interceptor","small","DialModel",False,"review",5,78,"medium","unified25","AST-2642883FBEE85D32","assets/source/unified25/assets/ships-v2/small/tiewiwhispermodifiedinterceptor/TIE_Wi.obj","ship alias 'interceptor' in path; ships-v2 location"
"SHIP-16E9397D0581","tieinterceptor","TIE Interceptor","small","DialModel",False,"review",6,78,"medium","unified25","AST-CD5591CA0F13E433","assets/source/unified25/assets/ships-v2/small/tiewiwhispermodifiedinterceptor/TIE_Wiv2.obj","ship alias 'interceptor' in path; ships-v2 location"
"SHIP-16E9397D0581","tieinterceptor","TIE Interceptor","small","DialModel",False,"review",7,76,"medium","unified25","AST-B548DB03FF5E2215","assets/source/unified25/assets/ships/Small/EMP_tieinterceptor/tieinterceptor.obj","ship alias 'tie interceptor' in path; ships location"
"SHIP-16E9397D0581","tieinterceptor","TIE Interceptor","small","ShipScript",False,"missing",,,,,,,
"SHIP-FC26D92DD4BF","tiephantom","TIE Phantom","small","ShipModel",True,"review",1,100,"high","unified25","AST-3D7700BEDB8E0DB5","assets/source/unified25/assets/ships-v2/small/tiephphantom/Tie Phantom.obj","ship alias 'tiephphantom' in path; ships-v2 location; OBJ model"
"SHIP-FC26D92DD4BF","tiephantom","TIE Phantom","small","ShipModel",True,"review",2,100,"high","unified25","AST-3A4DF37D4B9DABA7","assets/source/unified25/assets/ships/Small/EMP_tiephantom/tiephantom.obj","ship alias 'tie phantom' in path; ships location; OBJ model"
"SHIP-FC26D92DD4BF","tiephantom","TIE Phantom","small","ShipTexture",True,"review",1,100,"high","unified25","AST-334CE7ADAC0AECB7","assets/source/unified25/assets/ships-v2/small/tiephphantom/icon.png","ship alias 'tiephphantom' in path; ships-v2 location; ship image/texture"
"SHIP-FC26D92DD4BF","tiephantom","TIE Phantom","small","ShipTexture",True,"review",2,100,"high","unified25","AST-EF0E59264052803F","assets/source/unified25/assets/ships-v2/small/tiephphantom/textures/tiephphantomblue.jpg","ship alias 'tiephphantom' in path; ships-v2 location; ship image/texture"
"SHIP-FC26D92DD4BF","tiephantom","TIE Phantom","small","ShipTexture",True,"review",3,100,"high","unified25","AST-56534E0D0DB8C62B","assets/source/unified25/assets/ships-v2/small/tiephphantom/textures/tiephphantomgrey.jpg","ship alias 'tiephphantom' in path; ships-v2 location; ship image/texture"
"SHIP-FC26D92DD4BF","tiephantom","TIE Phantom","small","ShipTexture",True,"review",4,100,"high","unified25","AST-94CB59B4225D0967","assets/source/unified25/assets/ships-v2/small/tiephphantom/textures/tiephphantomsigma.jpg","ship alias 'tiephphantom' in path; ships-v2 location; ship image/texture"
"SHIP-FC26D92DD4BF","tiephantom","TIE Phantom","small","ShipTexture",True,"review",5,100,"high","unified25","AST-D0EA161052CA7369","assets/source/unified25/assets/ships-v2/small/tiephphantom/textures/tiephphantomwhite.jpg","ship alias 'tiephphantom' in path; ships-v2 location; ship image/texture"
"SHIP-FC26D92DD4BF","tiephantom","TIE Phantom","small","ShipTexture",True,"review",6,98,"high","unified25","AST-83164CC89DE9378F","assets/source/unified25/assets/ships/Small/EMP_tiephantom/Echo.png","ship alias 'tie phantom' in path; ships location; ship image/texture"
"SHIP-FC26D92DD4BF","tiephantom","TIE Phantom","small","ShipTexture",True,"review",7,98,"high","unified25","AST-16B805A5B4BD8B7B","assets/source/unified25/assets/ships/Small/EMP_tiephantom/ImdaarTestPilot.png","ship alias 'tie phantom' in path; ships location; ship image/texture"
"SHIP-FC26D92DD4BF","tiephantom","TIE Phantom","small","ShipTexture",True,"review",8,98,"high","unified25","AST-E337450887473ED6","assets/source/unified25/assets/ships/Small/EMP_tiephantom/SigmaSquadronAce.png","ship alias 'tie phantom' in path; ships location; ship image/texture"
"SHIP-FC26D92DD4BF","tiephantom","TIE Phantom","small","BaseToken",True,"review",1,98,"high","generated","AST-D532CE87D436790E","assets/generated/PilotBaseToken/galacticempire/tiephantom/echo__pilot-fce29317c456.png","ship alias 'tie phantom' in path; token/base image"
"SHIP-FC26D92DD4BF","tiephantom","TIE Phantom","small","BaseToken",True,"review",2,98,"high","generated","AST-7D30C79DE8F6C272","assets/generated/PilotBaseToken/galacticempire/tiephantom/shadowsquadronpilot__pilot-b39244e64f29.png","ship alias 'tie phantom' in path; token/base image"
"SHIP-FC26D92DD4BF","tiephantom","TIE Phantom","small","BaseToken",True,"review",3,98,"high","generated","AST-64DF931F350D93FD","assets/generated/PilotBaseToken/galacticempire/tiephantom/sigmasquadronpilot__pilot-19d6bf9783ff.png","ship alias 'tie phantom' in path; token/base image"
"SHIP-FC26D92DD4BF","tiephantom","TIE Phantom","small","BaseToken",True,"review",4,98,"high","generated","AST-FD5BC62825CB51AB","assets/generated/PilotBaseToken/galacticempire/tiephantom/whisper__pilot-e69c40f49478.png","ship alias 'tie phantom' in path; token/base image"
"SHIP-FC26D92DD4BF","tiephantom","TIE Phantom","small","BaseToken",True,"review",5,78,"medium","unified25","AST-334CE7ADAC0AECB7","assets/source/unified25/assets/ships-v2/small/tiephphantom/icon.png","ship alias 'tiephphantom' in path; ships-v2 location"
"SHIP-FC26D92DD4BF","tiephantom","TIE Phantom","small","BaseToken",True,"review",6,78,"medium","unified25","AST-EF0E59264052803F","assets/source/unified25/assets/ships-v2/small/tiephphantom/textures/tiephphantomblue.jpg","ship alias 'tiephphantom' in path; ships-v2 location"
"SHIP-FC26D92DD4BF","tiephantom","TIE Phantom","small","BaseToken",True,"review",7,78,"medium","unified25","AST-56534E0D0DB8C62B","assets/source/unified25/assets/ships-v2/small/tiephphantom/textures/tiephphantomgrey.jpg","ship alias 'tiephphantom' in path; ships-v2 location"
"SHIP-FC26D92DD4BF","tiephantom","TIE Phantom","small","BaseToken",True,"review",8,78,"medium","unified25","AST-94CB59B4225D0967","assets/source/unified25/assets/ships-v2/small/tiephphantom/textures/tiephphantomsigma.jpg","ship alias 'tiephphantom' in path; ships-v2 location"
"SHIP-FC26D92DD4BF","tiephantom","TIE Phantom","small","DialTexture",True,"review",1,100,"high","generated","AST-19C27A5306C4E0DA","assets/generated/FirstEditionDialTexture/galacticempire/tiephantom__dial-19c27a5306c4.png","ship alias 'tie phantom' in path; dial image"
"SHIP-FC26D92DD4BF","tiephantom","TIE Phantom","small","DialTexture",True,"review",2,100,"high","first-edition-dials","AST-F70282071297D330","assets/source/first-edition-dials/galacticempire/tiephantom.jpg","ship alias 'tie phantom' in path; dial image"
"SHIP-FC26D92DD4BF","tiephantom","TIE Phantom","small","DialTexture",True,"review",3,78,"medium","unified25","AST-334CE7ADAC0AECB7","assets/source/unified25/assets/ships-v2/small/tiephphantom/icon.png","ship alias 'tiephphantom' in path; ships-v2 location"
"SHIP-FC26D92DD4BF","tiephantom","TIE Phantom","small","DialTexture",True,"review",4,78,"medium","unified25","AST-EF0E59264052803F","assets/source/unified25/assets/ships-v2/small/tiephphantom/textures/tiephphantomblue.jpg","ship alias 'tiephphantom' in path; ships-v2 location"
"SHIP-FC26D92DD4BF","tiephantom","TIE Phantom","small","DialTexture",True,"review",5,78,"medium","unified25","AST-56534E0D0DB8C62B","assets/source/unified25/assets/ships-v2/small/tiephphantom/textures/tiephphantomgrey.jpg","ship alias 'tiephphantom' in path; ships-v2 location"
"SHIP-FC26D92DD4BF","tiephantom","TIE Phantom","small","DialTexture",True,"review",6,78,"medium","unified25","AST-94CB59B4225D0967","assets/source/unified25/assets/ships-v2/small/tiephphantom/textures/tiephphantomsigma.jpg","ship alias 'tiephphantom' in path; ships-v2 location"
"SHIP-FC26D92DD4BF","tiephantom","TIE Phantom","small","DialTexture",True,"review",7,78,"medium","unified25","AST-D0EA161052CA7369","assets/source/unified25/assets/ships-v2/small/tiephphantom/textures/tiephphantomwhite.jpg","ship alias 'tiephphantom' in path; ships-v2 location"
"SHIP-FC26D92DD4BF","tiephantom","TIE Phantom","small","DialTexture",True,"review",8,76,"medium","unified25","AST-83164CC89DE9378F","assets/source/unified25/assets/ships/Small/EMP_tiephantom/Echo.png","ship alias 'tie phantom' in path; ships location"
"SHIP-FC26D92DD4BF","tiephantom","TIE Phantom","small","DialModel",False,"review",1,78,"medium","unified25","AST-3D7700BEDB8E0DB5","assets/source/unified25/assets/ships-v2/small/tiephphantom/Tie Phantom.obj","ship alias 'tiephphantom' in path; ships-v2 location"
"SHIP-FC26D92DD4BF","tiephantom","TIE Phantom","small","DialModel",False,"review",2,76,"medium","unified25","AST-3A4DF37D4B9DABA7","assets/source/unified25/assets/ships/Small/EMP_tiephantom/tiephantom.obj","ship alias 'tie phantom' in path; ships location"
"SHIP-FC26D92DD4BF","tiephantom","TIE Phantom","small","ShipScript",False,"missing",,,,,,,
"SHIP-D157360E17DF","tiepunisher","TIE Punisher","small","ShipModel",True,"review",1,100,"high","unified25","AST-A6DDE4C5E92CDEA1","assets/source/unified25/assets/ships-v2/medium/tiecapunisher/TiePunisher.obj","ship alias 'tiecapunisher' in path; ships-v2 location; OBJ model"
"SHIP-D157360E17DF","tiepunisher","TIE Punisher","small","ShipModel",True,"review",2,100,"high","unified25","AST-69EE5A43489F1D85","assets/source/unified25/assets/ships/Medium/EMP_tiepunisher/tiepunisher.obj","ship alias 'tie punisher' in path; ships location; OBJ model"
"SHIP-D157360E17DF","tiepunisher","TIE Punisher","small","ShipTexture",True,"review",1,100,"high","unified25","AST-9AD1E8CCB52C22A7","assets/source/unified25/assets/ships-v2/medium/tiecapunisher/icon.png","ship alias 'tiecapunisher' in path; ships-v2 location; ship image/texture"
"SHIP-D157360E17DF","tiepunisher","TIE Punisher","small","ShipTexture",True,"review",2,100,"high","unified25","AST-893996346E366A4C","assets/source/unified25/assets/ships-v2/medium/tiecapunisher/textures/tiecapunisherblue.jpg","ship alias 'tiecapunisher' in path; ships-v2 location; ship image/texture"
"SHIP-D157360E17DF","tiepunisher","TIE Punisher","small","ShipTexture",True,"review",3,100,"high","unified25","AST-F998823017010FC6","assets/source/unified25/assets/ships-v2/medium/tiecapunisher/textures/tiecapunishergrey.jpg","ship alias 'tiecapunisher' in path; ships-v2 location; ship image/texture"
"SHIP-D157360E17DF","tiepunisher","TIE Punisher","small","ShipTexture",True,"review",4,98,"high","unified25","AST-7D7F5EABB4610A51","assets/source/unified25/assets/ships/Medium/EMP_tiepunisher/CutlassSquadronPilot.png","ship alias 'tie punisher' in path; ships location; ship image/texture"
"SHIP-D157360E17DF","tiepunisher","TIE Punisher","small","ShipTexture",True,"review",5,98,"high","unified25","AST-DE4D395FF3B9B0F4","assets/source/unified25/assets/ships/Medium/EMP_tiepunisher/Deathrain.png","ship alias 'tie punisher' in path; ships location; ship image/texture"
"SHIP-D157360E17DF","tiepunisher","TIE Punisher","small","ShipTexture",True,"review",6,98,"high","unified25","AST-E92153210F263387","assets/source/unified25/assets/ships/Medium/EMP_tiepunisher/Redline.png","ship alias 'tie punisher' in path; ships location; ship image/texture"
"SHIP-D157360E17DF","tiepunisher","TIE Punisher","small","ShipTexture",True,"review",7,92,"high","generated","AST-B6143CE71F676278","assets/generated/FirstEditionDialTexture/galacticempire/tiepunisher__dial-b6143ce71f67.png","ship alias 'tie punisher' in path; ship image/texture"
"SHIP-D157360E17DF","tiepunisher","TIE Punisher","small","ShipTexture",True,"review",8,70,"medium","generated","AST-F531592DC42F8881","assets/generated/PilotBaseToken/galacticempire/tiepunisher/blackeightsqpilot__pilot-93bea03f4cbe.png","ship alias 'tie punisher' in path"
"SHIP-D157360E17DF","tiepunisher","TIE Punisher","small","BaseToken",True,"review",1,98,"high","generated","AST-F531592DC42F8881","assets/generated/PilotBaseToken/galacticempire/tiepunisher/blackeightsqpilot__pilot-93bea03f4cbe.png","ship alias 'tie punisher' in path; token/base image"
"SHIP-D157360E17DF","tiepunisher","TIE Punisher","small","BaseToken",True,"review",2,98,"high","generated","AST-08CA815F7A5A36D1","assets/generated/PilotBaseToken/galacticempire/tiepunisher/cutlasssquadronpilot__pilot-d1da1e944aa9.png","ship alias 'tie punisher' in path; token/base image"
"SHIP-D157360E17DF","tiepunisher","TIE Punisher","small","BaseToken",True,"review",3,98,"high","generated","AST-AA2F9A6778AF88E7","assets/generated/PilotBaseToken/galacticempire/tiepunisher/deathrain__pilot-9380ae7d1934.png","ship alias 'tie punisher' in path; token/base image"
"SHIP-D157360E17DF","tiepunisher","TIE Punisher","small","BaseToken",True,"review",4,98,"high","generated","AST-6F6798DE87307799","assets/generated/PilotBaseToken/galacticempire/tiepunisher/redline__pilot-f578a712fb2f.png","ship alias 'tie punisher' in path; token/base image"
"SHIP-D157360E17DF","tiepunisher","TIE Punisher","small","BaseToken",True,"review",5,78,"medium","unified25","AST-9AD1E8CCB52C22A7","assets/source/unified25/assets/ships-v2/medium/tiecapunisher/icon.png","ship alias 'tiecapunisher' in path; ships-v2 location"
"SHIP-D157360E17DF","tiepunisher","TIE Punisher","small","BaseToken",True,"review",6,78,"medium","unified25","AST-893996346E366A4C","assets/source/unified25/assets/ships-v2/medium/tiecapunisher/textures/tiecapunisherblue.jpg","ship alias 'tiecapunisher' in path; ships-v2 location"
"SHIP-D157360E17DF","tiepunisher","TIE Punisher","small","BaseToken",True,"review",7,78,"medium","unified25","AST-F998823017010FC6","assets/source/unified25/assets/ships-v2/medium/tiecapunisher/textures/tiecapunishergrey.jpg","ship alias 'tiecapunisher' in path; ships-v2 location"
"SHIP-D157360E17DF","tiepunisher","TIE Punisher","small","BaseToken",True,"review",8,76,"medium","unified25","AST-7D7F5EABB4610A51","assets/source/unified25/assets/ships/Medium/EMP_tiepunisher/CutlassSquadronPilot.png","ship alias 'tie punisher' in path; ships location"
"SHIP-D157360E17DF","tiepunisher","TIE Punisher","small","DialTexture",True,"review",1,100,"high","generated","AST-B6143CE71F676278","assets/generated/FirstEditionDialTexture/galacticempire/tiepunisher__dial-b6143ce71f67.png","ship alias 'tie punisher' in path; dial image"
"SHIP-D157360E17DF","tiepunisher","TIE Punisher","small","DialTexture",True,"review",2,100,"high","first-edition-dials","AST-8AF36F211D680980","assets/source/first-edition-dials/galacticempire/tiepunisher.jpg","ship alias 'tie punisher' in path; dial image"
"SHIP-D157360E17DF","tiepunisher","TIE Punisher","small","DialTexture",True,"review",3,78,"medium","unified25","AST-9AD1E8CCB52C22A7","assets/source/unified25/assets/ships-v2/medium/tiecapunisher/icon.png","ship alias 'tiecapunisher' in path; ships-v2 location"
"SHIP-D157360E17DF","tiepunisher","TIE Punisher","small","DialTexture",True,"review",4,78,"medium","unified25","AST-893996346E366A4C","assets/source/unified25/assets/ships-v2/medium/tiecapunisher/textures/tiecapunisherblue.jpg","ship alias 'tiecapunisher' in path; ships-v2 location"
"SHIP-D157360E17DF","tiepunisher","TIE Punisher","small","DialTexture",True,"review",5,78,"medium","unified25","AST-F998823017010FC6","assets/source/unified25/assets/ships-v2/medium/tiecapunisher/textures/tiecapunishergrey.jpg","ship alias 'tiecapunisher' in path; ships-v2 location"
"SHIP-D157360E17DF","tiepunisher","TIE Punisher","small","DialTexture",True,"review",6,76,"medium","unified25","AST-7D7F5EABB4610A51","assets/source/unified25/assets/ships/Medium/EMP_tiepunisher/CutlassSquadronPilot.png","ship alias 'tie punisher' in path; ships location"
"SHIP-D157360E17DF","tiepunisher","TIE Punisher","small","DialTexture",True,"review",7,76,"medium","unified25","AST-DE4D395FF3B9B0F4","assets/source/unified25/assets/ships/Medium/EMP_tiepunisher/Deathrain.png","ship alias 'tie punisher' in path; ships location"
"SHIP-D157360E17DF","tiepunisher","TIE Punisher","small","DialTexture",True,"review",8,76,"medium","unified25","AST-E92153210F263387","assets/source/unified25/assets/ships/Medium/EMP_tiepunisher/Redline.png","ship alias 'tie punisher' in path; ships location"
"SHIP-D157360E17DF","tiepunisher","TIE Punisher","small","DialModel",False,"review",1,78,"medium","unified25","AST-A6DDE4C5E92CDEA1","assets/source/unified25/assets/ships-v2/medium/tiecapunisher/TiePunisher.obj","ship alias 'tiecapunisher' in path; ships-v2 location"
"SHIP-D157360E17DF","tiepunisher","TIE Punisher","small","DialModel",False,"review",2,76,"medium","unified25","AST-69EE5A43489F1D85","assets/source/unified25/assets/ships/Medium/EMP_tiepunisher/tiepunisher.obj","ship alias 'tie punisher' in path; ships location"
"SHIP-D157360E17DF","tiepunisher","TIE Punisher","small","ShipScript",False,"missing",,,,,,,
"SHIP-7D4C70190E9A","tiereaper","TIE Reaper","small","ShipModel",True,"review",1,100,"high","unified25","AST-A3CE1FA0B7F76C4B","assets/source/unified25/assets/ships-v2/medium/tierereaper/tiereaper.obj","ship alias 'tierereaper' in path; ships-v2 location; OBJ model"
"SHIP-7D4C70190E9A","tiereaper","TIE Reaper","small","ShipModel",True,"review",2,100,"high","unified25","AST-61450AE346A7709A","assets/source/unified25/assets/ships/Medium/EMP_tiereaper/tiereaper.obj","ship alias 'tie reaper' in path; ships location; OBJ model"
"SHIP-7D4C70190E9A","tiereaper","TIE Reaper","small","ShipTexture",True,"review",1,100,"high","unified25","AST-63DC1F8C4A37D7AD","assets/source/unified25/assets/ships-v2/medium/tierereaper/icon.png","ship alias 'tierereaper' in path; ships-v2 location; ship image/texture"
"SHIP-7D4C70190E9A","tiereaper","TIE Reaper","small","ShipTexture",True,"review",2,100,"high","unified25","AST-F3D5FD2E841351DC","assets/source/unified25/assets/ships-v2/medium/tierereaper/textures/tierereaperblue.jpg","ship alias 'tierereaper' in path; ships-v2 location; ship image/texture"
"SHIP-7D4C70190E9A","tiereaper","TIE Reaper","small","ShipTexture",True,"review",3,100,"high","unified25","AST-25981D97E7A74919","assets/source/unified25/assets/ships-v2/medium/tierereaper/textures/tierereapergrey.jpg","ship alias 'tierereaper' in path; ships-v2 location; ship image/texture"
"SHIP-7D4C70190E9A","tiereaper","TIE Reaper","small","ShipTexture",True,"review",4,98,"high","unified25","AST-EB677A1C870D81EF","assets/source/unified25/assets/ships/Empire/TIEReaper/captainferoph.png","ship alias 'tie reaper' in path; ships location; ship image/texture"
"SHIP-7D4C70190E9A","tiereaper","TIE Reaper","small","ShipTexture",True,"review",5,98,"high","unified25","AST-7AF8450D0B29F475","assets/source/unified25/assets/ships/Empire/TIEReaper/majorvermeil.png","ship alias 'tie reaper' in path; ships location; ship image/texture"
"SHIP-7D4C70190E9A","tiereaper","TIE Reaper","small","ShipTexture",True,"review",6,98,"high","unified25","AST-17CCB104EA17EC86","assets/source/unified25/assets/ships/Empire/TIEReaper/scarifbasepilot.png","ship alias 'tie reaper' in path; ships location; ship image/texture"
"SHIP-7D4C70190E9A","tiereaper","TIE Reaper","small","ShipTexture",True,"review",7,98,"high","unified25","AST-125BC4B383E86088","assets/source/unified25/assets/ships/Empire/TIEReaper/vizier.png","ship alias 'tie reaper' in path; ships location; ship image/texture"
"SHIP-7D4C70190E9A","tiereaper","TIE Reaper","small","ShipTexture",True,"review",8,98,"high","unified25","AST-99DC59476BB698FE","assets/source/unified25/assets/ships/Medium/EMP_tiereaper/CaptainFeroph.png","ship alias 'tie reaper' in path; ships location; ship image/texture"
"SHIP-7D4C70190E9A","tiereaper","TIE Reaper","small","BaseToken",True,"review",1,100,"high","unified25","AST-17CCB104EA17EC86","assets/source/unified25/assets/ships/Empire/TIEReaper/scarifbasepilot.png","ship alias 'tie reaper' in path; ships location; token/base image"
"SHIP-7D4C70190E9A","tiereaper","TIE Reaper","small","BaseToken",True,"review",2,100,"high","unified25","AST-4B20911B3E2076CB","assets/source/unified25/assets/ships/Medium/EMP_tiereaper/ScarifBasePilot.png","ship alias 'tie reaper' in path; ships location; token/base image"
"SHIP-7D4C70190E9A","tiereaper","TIE Reaper","small","BaseToken",True,"review",3,98,"high","generated","AST-41D5909C9DE84F3F","assets/generated/PilotBaseToken/galacticempire/tiereaper/captainferoph__pilot-a3f7e72d9241.png","ship alias 'tie reaper' in path; token/base image"
"SHIP-7D4C70190E9A","tiereaper","TIE Reaper","small","BaseToken",True,"review",4,98,"high","generated","AST-6658064D6363B8C3","assets/generated/PilotBaseToken/galacticempire/tiereaper/majorvermeil__pilot-e7c1ecfe70bc.png","ship alias 'tie reaper' in path; token/base image"
"SHIP-7D4C70190E9A","tiereaper","TIE Reaper","small","BaseToken",True,"review",5,98,"high","generated","AST-6AC83F8A39208E5F","assets/generated/PilotBaseToken/galacticempire/tiereaper/scarifbasepilot__pilot-c4c1818cafa8.png","ship alias 'tie reaper' in path; token/base image"
"SHIP-7D4C70190E9A","tiereaper","TIE Reaper","small","BaseToken",True,"review",6,98,"high","generated","AST-D5796C03EA55A888","assets/generated/PilotBaseToken/galacticempire/tiereaper/vizier__pilot-f55d2fcd7f5d.png","ship alias 'tie reaper' in path; token/base image"
"SHIP-7D4C70190E9A","tiereaper","TIE Reaper","small","BaseToken",True,"review",7,98,"high","generated-pilot-tokens","AST-41D5909C9DE84F3F","assets/source/generated-pilot-tokens/galacticempire/tiereaper/captainferoph.png","ship alias 'tie reaper' in path; token/base image"
"SHIP-7D4C70190E9A","tiereaper","TIE Reaper","small","BaseToken",True,"review",8,98,"high","xwing-data","AST-BFC3C306D428FB2E","assets/source/xwing-data/images/pilots/Galactic Empire/TIE Reaper/scarif-base-pilot.png","ship alias 'tie reaper' in path; token/base image"
"SHIP-7D4C70190E9A","tiereaper","TIE Reaper","small","DialTexture",True,"review",1,100,"high","generated","AST-A84B544689D68606","assets/generated/FirstEditionDialTexture/galacticempire/tiereaper__dial-8e348a5259b5.png","ship alias 'tie reaper' in path; dial image"
"SHIP-7D4C70190E9A","tiereaper","TIE Reaper","small","DialTexture",True,"review",2,100,"high","first-edition-dials","AST-A84B544689D68606","assets/source/first-edition-dials/galacticempire/tiereaper.png","ship alias 'tie reaper' in path; dial image"
"SHIP-7D4C70190E9A","tiereaper","TIE Reaper","small","DialTexture",True,"review",3,78,"medium","unified25","AST-63DC1F8C4A37D7AD","assets/source/unified25/assets/ships-v2/medium/tierereaper/icon.png","ship alias 'tierereaper' in path; ships-v2 location"
"SHIP-7D4C70190E9A","tiereaper","TIE Reaper","small","DialTexture",True,"review",4,78,"medium","unified25","AST-F3D5FD2E841351DC","assets/source/unified25/assets/ships-v2/medium/tierereaper/textures/tierereaperblue.jpg","ship alias 'tierereaper' in path; ships-v2 location"
"SHIP-7D4C70190E9A","tiereaper","TIE Reaper","small","DialTexture",True,"review",5,78,"medium","unified25","AST-25981D97E7A74919","assets/source/unified25/assets/ships-v2/medium/tierereaper/textures/tierereapergrey.jpg","ship alias 'tierereaper' in path; ships-v2 location"
"SHIP-7D4C70190E9A","tiereaper","TIE Reaper","small","DialTexture",True,"review",6,76,"medium","unified25","AST-EB677A1C870D81EF","assets/source/unified25/assets/ships/Empire/TIEReaper/captainferoph.png","ship alias 'tie reaper' in path; ships location"
"SHIP-7D4C70190E9A","tiereaper","TIE Reaper","small","DialTexture",True,"review",7,76,"medium","unified25","AST-7AF8450D0B29F475","assets/source/unified25/assets/ships/Empire/TIEReaper/majorvermeil.png","ship alias 'tie reaper' in path; ships location"
"SHIP-7D4C70190E9A","tiereaper","TIE Reaper","small","DialTexture",True,"review",8,76,"medium","unified25","AST-17CCB104EA17EC86","assets/source/unified25/assets/ships/Empire/TIEReaper/scarifbasepilot.png","ship alias 'tie reaper' in path; ships location"
"SHIP-7D4C70190E9A","tiereaper","TIE Reaper","small","DialModel",False,"review",1,78,"medium","unified25","AST-A3CE1FA0B7F76C4B","assets/source/unified25/assets/ships-v2/medium/tierereaper/tiereaper.obj","ship alias 'tierereaper' in path; ships-v2 location"
"SHIP-7D4C70190E9A","tiereaper","TIE Reaper","small","DialModel",False,"review",2,76,"medium","unified25","AST-61450AE346A7709A","assets/source/unified25/assets/ships/Medium/EMP_tiereaper/tiereaper.obj","ship alias 'tie reaper' in path; ships location"
"SHIP-7D4C70190E9A","tiereaper","TIE Reaper","small","ShipScript",False,"missing",,,,,,,
"SHIP-43ADAF676DEB","tiesilencer","TIE Silencer","small","ShipModel",True,"review",1,100,"high","unified25","AST-C2602B1E36AE402C","assets/source/unified25/assets/ships-v2/small/tievnsilencer/Tie_VN.obj","ship alias 'tievnsilencer' in path; ships-v2 location; OBJ model"
"SHIP-43ADAF676DEB","tiesilencer","TIE Silencer","small","ShipModel",True,"review",2,100,"high","unified25","AST-6BD919EF2C74CC85","assets/source/unified25/assets/ships-v2/small/tievnsilencer/Tie_VN2.obj","ship alias 'tievnsilencer' in path; ships-v2 location; OBJ model"
"SHIP-43ADAF676DEB","tiesilencer","TIE Silencer","small","ShipTexture",True,"review",1,100,"high","unified25","AST-629CAF4C7D07E796","assets/source/unified25/assets/ships-v2/small/tievnsilencer/Icon.png","ship alias 'tievnsilencer' in path; ships-v2 location; ship image/texture"
"SHIP-43ADAF676DEB","tiesilencer","TIE Silencer","small","ShipTexture",True,"review",2,100,"high","unified25","AST-77F32B507A56A59B","assets/source/unified25/assets/ships-v2/small/tievnsilencer/Textures/1/standard.jpg","ship alias 'tievnsilencer' in path; ships-v2 location; ship image/texture"
"SHIP-43ADAF676DEB","tiesilencer","TIE Silencer","small","ShipTexture",True,"review",3,100,"high","unified25","AST-9ACF0D9C1A7F5CCC","assets/source/unified25/assets/ships-v2/small/tievnsilencer/Textures/standard.png","ship alias 'tievnsilencer' in path; ships-v2 location; ship image/texture"
"SHIP-43ADAF676DEB","tiesilencer","TIE Silencer","small","ShipTexture",True,"review",4,92,"high","generated","AST-69A56C149C5F65D8","assets/generated/FirstEditionDialTexture/firstorder/tiesilencer__dial-13daba551100.png","ship alias 'tie silencer' in path; ship image/texture"
"SHIP-43ADAF676DEB","tiesilencer","TIE Silencer","small","ShipTexture",True,"review",5,70,"medium","generated","AST-C2EF614EBF13B03C","assets/generated/PilotBaseToken/firstorder/tiesilencer/firstordertestpilot__pilot-13ec6ba835cc.png","ship alias 'tie silencer' in path"
"SHIP-43ADAF676DEB","tiesilencer","TIE Silencer","small","ShipTexture",True,"review",6,70,"medium","generated","AST-57CD6A92ED0F4EEF","assets/generated/PilotBaseToken/firstorder/tiesilencer/kyloren__pilot-9af4734ca538.png","ship alias 'tie silencer' in path"
"SHIP-43ADAF676DEB","tiesilencer","TIE Silencer","small","ShipTexture",True,"review",7,70,"medium","generated","AST-C067613BFFBC2126","assets/generated/PilotBaseToken/firstorder/tiesilencer/sienarjaemusanalyst__pilot-730027847efe.png","ship alias 'tie silencer' in path"
"SHIP-43ADAF676DEB","tiesilencer","TIE Silencer","small","ShipTexture",True,"review",8,70,"medium","generated","AST-1FBBE8EF39F257C7","assets/generated/PilotBaseToken/firstorder/tiesilencer/testpilotblackout__pilot-43533a4d2203.png","ship alias 'tie silencer' in path"
"SHIP-43ADAF676DEB","tiesilencer","TIE Silencer","small","BaseToken",True,"review",1,98,"high","generated","AST-C2EF614EBF13B03C","assets/generated/PilotBaseToken/firstorder/tiesilencer/firstordertestpilot__pilot-13ec6ba835cc.png","ship alias 'tie silencer' in path; token/base image"
"SHIP-43ADAF676DEB","tiesilencer","TIE Silencer","small","BaseToken",True,"review",2,98,"high","generated","AST-57CD6A92ED0F4EEF","assets/generated/PilotBaseToken/firstorder/tiesilencer/kyloren__pilot-9af4734ca538.png","ship alias 'tie silencer' in path; token/base image"
"SHIP-43ADAF676DEB","tiesilencer","TIE Silencer","small","BaseToken",True,"review",3,98,"high","generated","AST-C067613BFFBC2126","assets/generated/PilotBaseToken/firstorder/tiesilencer/sienarjaemusanalyst__pilot-730027847efe.png","ship alias 'tie silencer' in path; token/base image"
"SHIP-43ADAF676DEB","tiesilencer","TIE Silencer","small","BaseToken",True,"review",4,98,"high","generated","AST-1FBBE8EF39F257C7","assets/generated/PilotBaseToken/firstorder/tiesilencer/testpilotblackout__pilot-43533a4d2203.png","ship alias 'tie silencer' in path; token/base image"
"SHIP-43ADAF676DEB","tiesilencer","TIE Silencer","small","BaseToken",True,"review",5,78,"medium","unified25","AST-629CAF4C7D07E796","assets/source/unified25/assets/ships-v2/small/tievnsilencer/Icon.png","ship alias 'tievnsilencer' in path; ships-v2 location"
"SHIP-43ADAF676DEB","tiesilencer","TIE Silencer","small","BaseToken",True,"review",6,78,"medium","unified25","AST-77F32B507A56A59B","assets/source/unified25/assets/ships-v2/small/tievnsilencer/Textures/1/standard.jpg","ship alias 'tievnsilencer' in path; ships-v2 location"
"SHIP-43ADAF676DEB","tiesilencer","TIE Silencer","small","BaseToken",True,"review",7,78,"medium","unified25","AST-9ACF0D9C1A7F5CCC","assets/source/unified25/assets/ships-v2/small/tievnsilencer/Textures/standard.png","ship alias 'tievnsilencer' in path; ships-v2 location"
"SHIP-43ADAF676DEB","tiesilencer","TIE Silencer","small","BaseToken",True,"review",8,70,"medium","generated","AST-69A56C149C5F65D8","assets/generated/FirstEditionDialTexture/firstorder/tiesilencer__dial-13daba551100.png","ship alias 'tie silencer' in path"
"SHIP-43ADAF676DEB","tiesilencer","TIE Silencer","small","DialTexture",True,"review",1,100,"high","generated","AST-69A56C149C5F65D8","assets/generated/FirstEditionDialTexture/firstorder/tiesilencer__dial-13daba551100.png","ship alias 'tie silencer' in path; dial image"
"SHIP-43ADAF676DEB","tiesilencer","TIE Silencer","small","DialTexture",True,"review",2,100,"high","first-edition-dials","AST-69A56C149C5F65D8","assets/source/first-edition-dials/firstorder/tiesilencer.png","ship alias 'tie silencer' in path; dial image"
"SHIP-43ADAF676DEB","tiesilencer","TIE Silencer","small","DialTexture",True,"review",3,78,"medium","unified25","AST-629CAF4C7D07E796","assets/source/unified25/assets/ships-v2/small/tievnsilencer/Icon.png","ship alias 'tievnsilencer' in path; ships-v2 location"
"SHIP-43ADAF676DEB","tiesilencer","TIE Silencer","small","DialTexture",True,"review",4,78,"medium","unified25","AST-77F32B507A56A59B","assets/source/unified25/assets/ships-v2/small/tievnsilencer/Textures/1/standard.jpg","ship alias 'tievnsilencer' in path; ships-v2 location"
"SHIP-43ADAF676DEB","tiesilencer","TIE Silencer","small","DialTexture",True,"review",5,78,"medium","unified25","AST-9ACF0D9C1A7F5CCC","assets/source/unified25/assets/ships-v2/small/tievnsilencer/Textures/standard.png","ship alias 'tievnsilencer' in path; ships-v2 location"
"SHIP-43ADAF676DEB","tiesilencer","TIE Silencer","small","DialTexture",True,"review",6,70,"medium","generated","AST-C2EF614EBF13B03C","assets/generated/PilotBaseToken/firstorder/tiesilencer/firstordertestpilot__pilot-13ec6ba835cc.png","ship alias 'tie silencer' in path"
"SHIP-43ADAF676DEB","tiesilencer","TIE Silencer","small","DialTexture",True,"review",7,70,"medium","generated","AST-57CD6A92ED0F4EEF","assets/generated/PilotBaseToken/firstorder/tiesilencer/kyloren__pilot-9af4734ca538.png","ship alias 'tie silencer' in path"
"SHIP-43ADAF676DEB","tiesilencer","TIE Silencer","small","DialTexture",True,"review",8,70,"medium","generated","AST-C067613BFFBC2126","assets/generated/PilotBaseToken/firstorder/tiesilencer/sienarjaemusanalyst__pilot-730027847efe.png","ship alias 'tie silencer' in path"
"SHIP-43ADAF676DEB","tiesilencer","TIE Silencer","small","DialModel",False,"review",1,78,"medium","unified25","AST-C2602B1E36AE402C","assets/source/unified25/assets/ships-v2/small/tievnsilencer/Tie_VN.obj","ship alias 'tievnsilencer' in path; ships-v2 location"
"SHIP-43ADAF676DEB","tiesilencer","TIE Silencer","small","DialModel",False,"review",2,78,"medium","unified25","AST-6BD919EF2C74CC85","assets/source/unified25/assets/ships-v2/small/tievnsilencer/Tie_VN2.obj","ship alias 'tievnsilencer' in path; ships-v2 location"
"SHIP-43ADAF676DEB","tiesilencer","TIE Silencer","small","ShipScript",False,"missing",,,,,,,
"SHIP-7F2B68AD3C27","tiestriker","TIE Striker","small","ShipModel",True,"review",1,100,"high","unified25","AST-0C62E6E7A739FD03","assets/source/unified25/assets/ships-v2/small/tieskstriker/tiestriker.obj","ship alias 'tieskstriker' in path; ships-v2 location; OBJ model"
"SHIP-7F2B68AD3C27","tiestriker","TIE Striker","small","ShipModel",True,"review",2,100,"high","unified25","AST-D77774C814A3BFD5","assets/source/unified25/assets/ships/Small/EMP_tiestriker/tiestriker.obj","ship alias 'tie striker' in path; ships location; OBJ model"
"SHIP-7F2B68AD3C27","tiestriker","TIE Striker","small","ShipModel",True,"review",3,100,"high","unified25","AST-1676E6976A7FBB53","assets/source/unified25/assets/ships/Small/EMP_tiestriker/tiestriker_wing_up.obj","ship alias 'tie striker' in path; ships location; OBJ model"
"SHIP-7F2B68AD3C27","tiestriker","TIE Striker","small","ShipTexture",True,"review",1,100,"high","unified25","AST-B0471215DFB06DE5","assets/source/unified25/assets/ships-v2/small/tieskstriker/icon.png","ship alias 'tieskstriker' in path; ships-v2 location; ship image/texture"
"SHIP-7F2B68AD3C27","tiestriker","TIE Striker","small","ShipTexture",True,"review",2,100,"high","unified25","AST-F1C633969F159019","assets/source/unified25/assets/ships-v2/small/tieskstriker/textures/tieskstrikerblue.jpg","ship alias 'tieskstriker' in path; ships-v2 location; ship image/texture"
"SHIP-7F2B68AD3C27","tiestriker","TIE Striker","small","ShipTexture",True,"review",3,100,"high","unified25","AST-44F7402D83D0FBCA","assets/source/unified25/assets/ships-v2/small/tieskstriker/textures/tieskstrikergrey.jpg","ship alias 'tieskstriker' in path; ships-v2 location; ship image/texture"
"SHIP-7F2B68AD3C27","tiestriker","TIE Striker","small","ShipTexture",True,"review",4,98,"high","unified25","AST-4FE08CDC6291813B","assets/source/unified25/assets/ships/Small/EMP_tiestriker/BlackSquadronScout.png","ship alias 'tie striker' in path; ships location; ship image/texture"
"SHIP-7F2B68AD3C27","tiestriker","TIE Striker","small","ShipTexture",True,"review",5,98,"high","unified25","AST-05819F01CEC88A03","assets/source/unified25/assets/ships/Small/EMP_tiestriker/Countdown.png","ship alias 'tie striker' in path; ships location; ship image/texture"
"SHIP-7F2B68AD3C27","tiestriker","TIE Striker","small","ShipTexture",True,"review",6,98,"high","unified25","AST-D00C91B9A0883777","assets/source/unified25/assets/ships/Small/EMP_tiestriker/Duchess.png","ship alias 'tie striker' in path; ships location; ship image/texture"
"SHIP-7F2B68AD3C27","tiestriker","TIE Striker","small","ShipTexture",True,"review",7,98,"high","unified25","AST-C411268E41A13836","assets/source/unified25/assets/ships/Small/EMP_tiestriker/PlanetarySentinel.png","ship alias 'tie striker' in path; ships location; ship image/texture"
"SHIP-7F2B68AD3C27","tiestriker","TIE Striker","small","ShipTexture",True,"review",8,98,"high","unified25","AST-2DFF8359C0A7005E","assets/source/unified25/assets/ships/Small/EMP_tiestriker/PureSabacc.png","ship alias 'tie striker' in path; ships location; ship image/texture"
"SHIP-7F2B68AD3C27","tiestriker","TIE Striker","small","BaseToken",True,"review",1,98,"high","generated","AST-6E5D43B019C1BAE9","assets/generated/PilotBaseToken/galacticempire/tiestriker/blacksquadronscout__pilot-6382835ea36b.png","ship alias 'tie striker' in path; token/base image"
"SHIP-7F2B68AD3C27","tiestriker","TIE Striker","small","BaseToken",True,"review",2,98,"high","generated","AST-65275BC765289023","assets/generated/PilotBaseToken/galacticempire/tiestriker/countdown__pilot-7be38960675c.png","ship alias 'tie striker' in path; token/base image"
"SHIP-7F2B68AD3C27","tiestriker","TIE Striker","small","BaseToken",True,"review",3,98,"high","generated","AST-7FF0AFBDF1B864E5","assets/generated/PilotBaseToken/galacticempire/tiestriker/duchess__pilot-5bcfc38b51fb.png","ship alias 'tie striker' in path; token/base image"
"SHIP-7F2B68AD3C27","tiestriker","TIE Striker","small","BaseToken",True,"review",4,98,"high","generated","AST-8B24FB4243144EC2","assets/generated/PilotBaseToken/galacticempire/tiestriker/imperialtrainee__pilot-a31f78d56718.png","ship alias 'tie striker' in path; token/base image"
"SHIP-7F2B68AD3C27","tiestriker","TIE Striker","small","BaseToken",True,"review",5,98,"high","generated","AST-4C7277F6DA00FCDA","assets/generated/PilotBaseToken/galacticempire/tiestriker/puresabacc__pilot-2b9e8d56012f.png","ship alias 'tie striker' in path; token/base image"
"SHIP-7F2B68AD3C27","tiestriker","TIE Striker","small","BaseToken",True,"review",6,98,"high","generated","AST-4A0BB4646162AECB","assets/generated/PilotBaseToken/galacticempire/tiestriker/scarifdefender__pilot-2f134b09193e.png","ship alias 'tie striker' in path; token/base image"
"SHIP-7F2B68AD3C27","tiestriker","TIE Striker","small","BaseToken",True,"review",7,78,"medium","unified25","AST-B0471215DFB06DE5","assets/source/unified25/assets/ships-v2/small/tieskstriker/icon.png","ship alias 'tieskstriker' in path; ships-v2 location"
"SHIP-7F2B68AD3C27","tiestriker","TIE Striker","small","BaseToken",True,"review",8,78,"medium","unified25","AST-F1C633969F159019","assets/source/unified25/assets/ships-v2/small/tieskstriker/textures/tieskstrikerblue.jpg","ship alias 'tieskstriker' in path; ships-v2 location"
"SHIP-7F2B68AD3C27","tiestriker","TIE Striker","small","DialTexture",True,"review",1,100,"high","generated","AST-17F2AE93E3B2D0F7","assets/generated/FirstEditionDialTexture/galacticempire/tiestriker__dial-88f4b3a72d82.png","ship alias 'tie striker' in path; dial image"
"SHIP-7F2B68AD3C27","tiestriker","TIE Striker","small","DialTexture",True,"review",2,100,"high","first-edition-dials","AST-17F2AE93E3B2D0F7","assets/source/first-edition-dials/galacticempire/tiestriker.png","ship alias 'tie striker' in path; dial image"
"SHIP-7F2B68AD3C27","tiestriker","TIE Striker","small","DialTexture",True,"review",3,78,"medium","unified25","AST-B0471215DFB06DE5","assets/source/unified25/assets/ships-v2/small/tieskstriker/icon.png","ship alias 'tieskstriker' in path; ships-v2 location"
"SHIP-7F2B68AD3C27","tiestriker","TIE Striker","small","DialTexture",True,"review",4,78,"medium","unified25","AST-F1C633969F159019","assets/source/unified25/assets/ships-v2/small/tieskstriker/textures/tieskstrikerblue.jpg","ship alias 'tieskstriker' in path; ships-v2 location"
"SHIP-7F2B68AD3C27","tiestriker","TIE Striker","small","DialTexture",True,"review",5,78,"medium","unified25","AST-44F7402D83D0FBCA","assets/source/unified25/assets/ships-v2/small/tieskstriker/textures/tieskstrikergrey.jpg","ship alias 'tieskstriker' in path; ships-v2 location"
"SHIP-7F2B68AD3C27","tiestriker","TIE Striker","small","DialTexture",True,"review",6,76,"medium","unified25","AST-4FE08CDC6291813B","assets/source/unified25/assets/ships/Small/EMP_tiestriker/BlackSquadronScout.png","ship alias 'tie striker' in path; ships location"
"SHIP-7F2B68AD3C27","tiestriker","TIE Striker","small","DialTexture",True,"review",7,76,"medium","unified25","AST-05819F01CEC88A03","assets/source/unified25/assets/ships/Small/EMP_tiestriker/Countdown.png","ship alias 'tie striker' in path; ships location"
"SHIP-7F2B68AD3C27","tiestriker","TIE Striker","small","DialTexture",True,"review",8,76,"medium","unified25","AST-D00C91B9A0883777","assets/source/unified25/assets/ships/Small/EMP_tiestriker/Duchess.png","ship alias 'tie striker' in path; ships location"
"SHIP-7F2B68AD3C27","tiestriker","TIE Striker","small","DialModel",False,"review",1,78,"medium","unified25","AST-0C62E6E7A739FD03","assets/source/unified25/assets/ships-v2/small/tieskstriker/tiestriker.obj","ship alias 'tieskstriker' in path; ships-v2 location"
"SHIP-7F2B68AD3C27","tiestriker","TIE Striker","small","DialModel",False,"review",2,76,"medium","unified25","AST-D77774C814A3BFD5","assets/source/unified25/assets/ships/Small/EMP_tiestriker/tiestriker.obj","ship alias 'tie striker' in path; ships location"
"SHIP-7F2B68AD3C27","tiestriker","TIE Striker","small","DialModel",False,"review",3,76,"medium","unified25","AST-1676E6976A7FBB53","assets/source/unified25/assets/ships/Small/EMP_tiestriker/tiestriker_wing_up.obj","ship alias 'tie striker' in path; ships location"
"SHIP-7F2B68AD3C27","tiestriker","TIE Striker","small","ShipScript",False,"missing",,,,,,,
"SHIP-F526B530F030","tiefofighter","TIE/fo Fighter","small","ShipModel",True,"review",1,100,"high","unified25","AST-A0A1F3B640AFB436","assets/source/unified25/assets/ships-v2/small/tiefofighter/TieFO.obj","ship alias 'tie/fo fighter' in path; ships-v2 location; OBJ model"
"SHIP-F526B530F030","tiefofighter","TIE/fo Fighter","small","ShipModel",True,"review",2,100,"high","unified25","AST-6F36328171A49E16","assets/source/unified25/assets/ships-v2/small/tiefofighter/TieFOv1.obj","ship alias 'tie/fo fighter' in path; ships-v2 location; OBJ model"
"SHIP-F526B530F030","tiefofighter","TIE/fo Fighter","small","ShipModel",True,"review",3,100,"high","unified25","AST-621B9BD8113D6C13","assets/source/unified25/assets/ships-v2/small/tiefofighter/TieFOv2.obj","ship alias 'tie/fo fighter' in path; ships-v2 location; OBJ model"
"SHIP-F526B530F030","tiefofighter","TIE/fo Fighter","small","ShipModel",True,"review",4,100,"high","unified25","AST-88EFF650AB19F51B","assets/source/unified25/assets/ships-v2/small/tiefofighter/Tie_FO.obj","ship alias 'tie/fo fighter' in path; ships-v2 location; OBJ model"
"SHIP-F526B530F030","tiefofighter","TIE/fo Fighter","small","ShipTexture",True,"review",1,100,"high","unified25","AST-B1D0811F8D4A71E5","assets/source/unified25/assets/ships-v2/small/tiefofighter/Textures/1/standard.jpg","ship alias 'tie/fo fighter' in path; ships-v2 location; ship image/texture"
"SHIP-F526B530F030","tiefofighter","TIE/fo Fighter","small","ShipTexture",True,"review",2,100,"high","unified25","AST-CD9C83B61307B9FD","assets/source/unified25/assets/ships-v2/small/tiefofighter/Textures/1/standard.png","ship alias 'tie/fo fighter' in path; ships-v2 location; ship image/texture"
"SHIP-F526B530F030","tiefofighter","TIE/fo Fighter","small","ShipTexture",True,"review",3,100,"high","unified25","AST-678528E025717346","assets/source/unified25/assets/ships-v2/small/tiefofighter/Textures/2/fn2187.png","ship alias 'tie/fo fighter' in path; ships-v2 location; ship image/texture"
"SHIP-F526B530F030","tiefofighter","TIE/fo Fighter","small","ShipTexture",True,"review",4,100,"high","unified25","AST-5370A30BA56212FC","assets/source/unified25/assets/ships-v2/small/tiefofighter/Textures/2/standard.jpg","ship alias 'tie/fo fighter' in path; ships-v2 location; ship image/texture"
"SHIP-F526B530F030","tiefofighter","TIE/fo Fighter","small","ShipTexture",True,"review",5,100,"high","unified25","AST-B1D0811F8D4A71E5","assets/source/unified25/assets/ships-v2/small/tiefofighter/Textures/standard.jpg","ship alias 'tie/fo fighter' in path; ships-v2 location; ship image/texture"
"SHIP-F526B530F030","tiefofighter","TIE/fo Fighter","small","ShipTexture",True,"review",6,100,"high","unified25","AST-CD9C83B61307B9FD","assets/source/unified25/assets/ships-v2/small/tiefofighter/Textures/standard.png","ship alias 'tie/fo fighter' in path; ships-v2 location; ship image/texture"
"SHIP-F526B530F030","tiefofighter","TIE/fo Fighter","small","ShipTexture",True,"review",7,100,"high","unified25","AST-80BD74356ECC9539","assets/source/unified25/assets/ships-v2/small/tiefofighter/Tie_FO.png","ship alias 'tie/fo fighter' in path; ships-v2 location; ship image/texture"
"SHIP-F526B530F030","tiefofighter","TIE/fo Fighter","small","ShipTexture",True,"review",8,92,"high","generated","AST-C585DC1375658113","assets/generated/FirstEditionDialTexture/firstorder/tiefofighter__dial-c585dc137565.png","ship alias 'tie/fo fighter' in path; ship image/texture"
"SHIP-F526B530F030","tiefofighter","TIE/fo Fighter","small","BaseToken",True,"review",1,98,"high","generated","AST-328D4B0ECF80F3AA","assets/generated/PilotBaseToken/firstorder/tiefofighter/epsilonace__pilot-fd288ae4c7d0.png","ship alias 'tie/fo fighter' in path; token/base image"
"SHIP-F526B530F030","tiefofighter","TIE/fo Fighter","small","BaseToken",True,"review",2,98,"high","generated","AST-0D032DEA0CE7424A","assets/generated/PilotBaseToken/firstorder/tiefofighter/epsilonleader__pilot-d905ccfeb611.png","ship alias 'tie/fo fighter' in path; token/base image"
"SHIP-F526B530F030","tiefofighter","TIE/fo Fighter","small","BaseToken",True,"review",3,98,"high","generated","AST-E61B670AB60DE434","assets/generated/PilotBaseToken/firstorder/tiefofighter/epsilonsquadronpilot__pilot-79a2c367a956.png","ship alias 'tie/fo fighter' in path; token/base image"
"SHIP-F526B530F030","tiefofighter","TIE/fo Fighter","small","BaseToken",True,"review",4,98,"high","generated","AST-2BA3E597EFCED448","assets/generated/PilotBaseToken/firstorder/tiefofighter/omegaace__pilot-6981ba3839af.png","ship alias 'tie/fo fighter' in path; token/base image"
"SHIP-F526B530F030","tiefofighter","TIE/fo Fighter","small","BaseToken",True,"review",5,98,"high","generated","AST-DDE620EC1A79FCFE","assets/generated/PilotBaseToken/firstorder/tiefofighter/omegaleader__pilot-eece3bbbb784.png","ship alias 'tie/fo fighter' in path; token/base image"
"SHIP-F526B530F030","tiefofighter","TIE/fo Fighter","small","BaseToken",True,"review",6,98,"high","generated","AST-B7F2DB1EDB22AA92","assets/generated/PilotBaseToken/firstorder/tiefofighter/omegasquadronpilot__pilot-e22e0f82c2a8.png","ship alias 'tie/fo fighter' in path; token/base image"
"SHIP-F526B530F030","tiefofighter","TIE/fo Fighter","small","BaseToken",True,"review",7,98,"high","generated","AST-6AE1E62C54BFCF27","assets/generated/PilotBaseToken/firstorder/tiefofighter/zetaace__pilot-641484ae5c95.png","ship alias 'tie/fo fighter' in path; token/base image"
"SHIP-F526B530F030","tiefofighter","TIE/fo Fighter","small","BaseToken",True,"review",8,98,"high","generated","AST-BA4D4ACAE8ED0576","assets/generated/PilotBaseToken/firstorder/tiefofighter/zetaleader__pilot-d5006b65d981.png","ship alias 'tie/fo fighter' in path; token/base image"
"SHIP-F526B530F030","tiefofighter","TIE/fo Fighter","small","DialTexture",True,"review",1,100,"high","generated","AST-C585DC1375658113","assets/generated/FirstEditionDialTexture/firstorder/tiefofighter__dial-c585dc137565.png","ship alias 'tie/fo fighter' in path; dial image"
"SHIP-F526B530F030","tiefofighter","TIE/fo Fighter","small","DialTexture",True,"review",2,100,"high","first-edition-dials","AST-13D37D8777BDC272","assets/source/first-edition-dials/firstorder/tiefofighter.jpg","ship alias 'tie/fo fighter' in path; dial image"
"SHIP-F526B530F030","tiefofighter","TIE/fo Fighter","small","DialTexture",True,"review",3,78,"medium","unified25","AST-B1D0811F8D4A71E5","assets/source/unified25/assets/ships-v2/small/tiefofighter/Textures/1/standard.jpg","ship alias 'tie/fo fighter' in path; ships-v2 location"
"SHIP-F526B530F030","tiefofighter","TIE/fo Fighter","small","DialTexture",True,"review",4,78,"medium","unified25","AST-CD9C83B61307B9FD","assets/source/unified25/assets/ships-v2/small/tiefofighter/Textures/1/standard.png","ship alias 'tie/fo fighter' in path; ships-v2 location"
"SHIP-F526B530F030","tiefofighter","TIE/fo Fighter","small","DialTexture",True,"review",5,78,"medium","unified25","AST-678528E025717346","assets/source/unified25/assets/ships-v2/small/tiefofighter/Textures/2/fn2187.png","ship alias 'tie/fo fighter' in path; ships-v2 location"
"SHIP-F526B530F030","tiefofighter","TIE/fo Fighter","small","DialTexture",True,"review",6,78,"medium","unified25","AST-5370A30BA56212FC","assets/source/unified25/assets/ships-v2/small/tiefofighter/Textures/2/standard.jpg","ship alias 'tie/fo fighter' in path; ships-v2 location"
"SHIP-F526B530F030","tiefofighter","TIE/fo Fighter","small","DialTexture",True,"review",7,78,"medium","unified25","AST-B1D0811F8D4A71E5","assets/source/unified25/assets/ships-v2/small/tiefofighter/Textures/standard.jpg","ship alias 'tie/fo fighter' in path; ships-v2 location"
"SHIP-F526B530F030","tiefofighter","TIE/fo Fighter","small","DialTexture",True,"review",8,78,"medium","unified25","AST-CD9C83B61307B9FD","assets/source/unified25/assets/ships-v2/small/tiefofighter/Textures/standard.png","ship alias 'tie/fo fighter' in path; ships-v2 location"
"SHIP-F526B530F030","tiefofighter","TIE/fo Fighter","small","DialModel",False,"review",1,78,"medium","unified25","AST-A0A1F3B640AFB436","assets/source/unified25/assets/ships-v2/small/tiefofighter/TieFO.obj","ship alias 'tie/fo fighter' in path; ships-v2 location"
"SHIP-F526B530F030","tiefofighter","TIE/fo Fighter","small","DialModel",False,"review",2,78,"medium","unified25","AST-6F36328171A49E16","assets/source/unified25/assets/ships-v2/small/tiefofighter/TieFOv1.obj","ship alias 'tie/fo fighter' in path; ships-v2 location"
"SHIP-F526B530F030","tiefofighter","TIE/fo Fighter","small","DialModel",False,"review",3,78,"medium","unified25","AST-621B9BD8113D6C13","assets/source/unified25/assets/ships-v2/small/tiefofighter/TieFOv2.obj","ship alias 'tie/fo fighter' in path; ships-v2 location"
"SHIP-F526B530F030","tiefofighter","TIE/fo Fighter","small","DialModel",False,"review",4,78,"medium","unified25","AST-88EFF650AB19F51B","assets/source/unified25/assets/ships-v2/small/tiefofighter/Tie_FO.obj","ship alias 'tie/fo fighter' in path; ships-v2 location"
"SHIP-F526B530F030","tiefofighter","TIE/fo Fighter","small","ShipScript",False,"missing",,,,,,,
"SHIP-04EEB8286BF7","tiesffighter","TIE/sf Fighter","small","ShipModel",True,"review",1,100,"high","unified25","AST-77854E25A8B0DAB8","assets/source/unified25/assets/ships-v2/small/tiesffighter/TieSF.obj","ship alias 'tie/sf fighter' in path; ships-v2 location; OBJ model"
"SHIP-04EEB8286BF7","tiesffighter","TIE/sf Fighter","small","ShipModel",True,"review",2,100,"high","unified25","AST-77854E25A8B0DAB8","assets/source/unified25/assets/ships-v2/small/tiesffighter/TieSFv2.obj","ship alias 'tie/sf fighter' in path; ships-v2 location; OBJ model"
"SHIP-04EEB8286BF7","tiesffighter","TIE/sf Fighter","small","ShipModel",True,"review",3,100,"high","unified25","AST-0AB7AD87E87F160D","assets/source/unified25/assets/ships-v2/small/tiesffighter/Tie_SF.obj","ship alias 'tie/sf fighter' in path; ships-v2 location; OBJ model"
"SHIP-04EEB8286BF7","tiesffighter","TIE/sf Fighter","small","ShipTexture",True,"review",1,100,"high","unified25","AST-31E591EBE7C16BE8","assets/source/unified25/assets/ships-v2/small/tiesffighter/Icon.png","ship alias 'tie/sf fighter' in path; ships-v2 location; ship image/texture"
"SHIP-04EEB8286BF7","tiesffighter","TIE/sf Fighter","small","ShipTexture",True,"review",2,100,"high","unified25","AST-72E7496D7F5CA4E9","assets/source/unified25/assets/ships-v2/small/tiesffighter/Textures/1/standard.jpg","ship alias 'tie/sf fighter' in path; ships-v2 location; ship image/texture"
"SHIP-04EEB8286BF7","tiesffighter","TIE/sf Fighter","small","ShipTexture",True,"review",3,100,"high","unified25","AST-F3C1ABE2696CDE4F","assets/source/unified25/assets/ships-v2/small/tiesffighter/Textures/1/strife.png","ship alias 'tie/sf fighter' in path; ships-v2 location; ship image/texture"
"SHIP-04EEB8286BF7","tiesffighter","TIE/sf Fighter","small","ShipTexture",True,"review",4,100,"high","unified25","AST-66CE4AE0F4C34037","assets/source/unified25/assets/ships-v2/small/tiesffighter/Textures/standard.png","ship alias 'tie/sf fighter' in path; ships-v2 location; ship image/texture"
"SHIP-04EEB8286BF7","tiesffighter","TIE/sf Fighter","small","ShipTexture",True,"review",5,92,"high","generated","AST-D0410F516D0F1530","assets/generated/FirstEditionDialTexture/firstorder/tiesffighter__dial-d0410f516d0f.png","ship alias 'tie/sf fighter' in path; ship image/texture"
"SHIP-04EEB8286BF7","tiesffighter","TIE/sf Fighter","small","ShipTexture",True,"review",6,70,"medium","generated","AST-501CB24BE3A6B0EE","assets/generated/PilotBaseToken/firstorder/tiesffighter/backdraft__pilot-f5731d9e2983.png","ship alias 'tie/sf fighter' in path"
"SHIP-04EEB8286BF7","tiesffighter","TIE/sf Fighter","small","ShipTexture",True,"review",7,70,"medium","generated","AST-A50D1D27CD971DDE","assets/generated/PilotBaseToken/firstorder/tiesffighter/omegaspecialist__pilot-2724127d2e7c.png","ship alias 'tie/sf fighter' in path"
"SHIP-04EEB8286BF7","tiesffighter","TIE/sf Fighter","small","ShipTexture",True,"review",8,70,"medium","generated","AST-86AF4945AB3C74D6","assets/generated/PilotBaseToken/firstorder/tiesffighter/quickdraw__pilot-dd498faa74c0.png","ship alias 'tie/sf fighter' in path"
"SHIP-04EEB8286BF7","tiesffighter","TIE/sf Fighter","small","BaseToken",True,"review",1,98,"high","generated","AST-501CB24BE3A6B0EE","assets/generated/PilotBaseToken/firstorder/tiesffighter/backdraft__pilot-f5731d9e2983.png","ship alias 'tie/sf fighter' in path; token/base image"
"SHIP-04EEB8286BF7","tiesffighter","TIE/sf Fighter","small","BaseToken",True,"review",2,98,"high","generated","AST-A50D1D27CD971DDE","assets/generated/PilotBaseToken/firstorder/tiesffighter/omegaspecialist__pilot-2724127d2e7c.png","ship alias 'tie/sf fighter' in path; token/base image"
"SHIP-04EEB8286BF7","tiesffighter","TIE/sf Fighter","small","BaseToken",True,"review",3,98,"high","generated","AST-86AF4945AB3C74D6","assets/generated/PilotBaseToken/firstorder/tiesffighter/quickdraw__pilot-dd498faa74c0.png","ship alias 'tie/sf fighter' in path; token/base image"
"SHIP-04EEB8286BF7","tiesffighter","TIE/sf Fighter","small","BaseToken",True,"review",4,98,"high","generated","AST-3AE19F1A1A425594","assets/generated/PilotBaseToken/firstorder/tiesffighter/zetaspecialist__pilot-a5c5858434ee.png","ship alias 'tie/sf fighter' in path; token/base image"
"SHIP-04EEB8286BF7","tiesffighter","TIE/sf Fighter","small","BaseToken",True,"review",5,78,"medium","unified25","AST-31E591EBE7C16BE8","assets/source/unified25/assets/ships-v2/small/tiesffighter/Icon.png","ship alias 'tie/sf fighter' in path; ships-v2 location"
"SHIP-04EEB8286BF7","tiesffighter","TIE/sf Fighter","small","BaseToken",True,"review",6,78,"medium","unified25","AST-72E7496D7F5CA4E9","assets/source/unified25/assets/ships-v2/small/tiesffighter/Textures/1/standard.jpg","ship alias 'tie/sf fighter' in path; ships-v2 location"
"SHIP-04EEB8286BF7","tiesffighter","TIE/sf Fighter","small","BaseToken",True,"review",7,78,"medium","unified25","AST-F3C1ABE2696CDE4F","assets/source/unified25/assets/ships-v2/small/tiesffighter/Textures/1/strife.png","ship alias 'tie/sf fighter' in path; ships-v2 location"
"SHIP-04EEB8286BF7","tiesffighter","TIE/sf Fighter","small","BaseToken",True,"review",8,78,"medium","unified25","AST-66CE4AE0F4C34037","assets/source/unified25/assets/ships-v2/small/tiesffighter/Textures/standard.png","ship alias 'tie/sf fighter' in path; ships-v2 location"
"SHIP-04EEB8286BF7","tiesffighter","TIE/sf Fighter","small","DialTexture",True,"review",1,100,"high","generated","AST-D0410F516D0F1530","assets/generated/FirstEditionDialTexture/firstorder/tiesffighter__dial-d0410f516d0f.png","ship alias 'tie/sf fighter' in path; dial image"
"SHIP-04EEB8286BF7","tiesffighter","TIE/sf Fighter","small","DialTexture",True,"review",2,100,"high","first-edition-dials","AST-D0410F516D0F1530","assets/source/first-edition-dials/firstorder/tiesffighter.png","ship alias 'tie/sf fighter' in path; dial image"
"SHIP-04EEB8286BF7","tiesffighter","TIE/sf Fighter","small","DialTexture",True,"review",3,78,"medium","unified25","AST-31E591EBE7C16BE8","assets/source/unified25/assets/ships-v2/small/tiesffighter/Icon.png","ship alias 'tie/sf fighter' in path; ships-v2 location"
"SHIP-04EEB8286BF7","tiesffighter","TIE/sf Fighter","small","DialTexture",True,"review",4,78,"medium","unified25","AST-72E7496D7F5CA4E9","assets/source/unified25/assets/ships-v2/small/tiesffighter/Textures/1/standard.jpg","ship alias 'tie/sf fighter' in path; ships-v2 location"
"SHIP-04EEB8286BF7","tiesffighter","TIE/sf Fighter","small","DialTexture",True,"review",5,78,"medium","unified25","AST-F3C1ABE2696CDE4F","assets/source/unified25/assets/ships-v2/small/tiesffighter/Textures/1/strife.png","ship alias 'tie/sf fighter' in path; ships-v2 location"
"SHIP-04EEB8286BF7","tiesffighter","TIE/sf Fighter","small","DialTexture",True,"review",6,78,"medium","unified25","AST-66CE4AE0F4C34037","assets/source/unified25/assets/ships-v2/small/tiesffighter/Textures/standard.png","ship alias 'tie/sf fighter' in path; ships-v2 location"
"SHIP-04EEB8286BF7","tiesffighter","TIE/sf Fighter","small","DialTexture",True,"review",7,70,"medium","generated","AST-501CB24BE3A6B0EE","assets/generated/PilotBaseToken/firstorder/tiesffighter/backdraft__pilot-f5731d9e2983.png","ship alias 'tie/sf fighter' in path"
"SHIP-04EEB8286BF7","tiesffighter","TIE/sf Fighter","small","DialTexture",True,"review",8,70,"medium","generated","AST-A50D1D27CD971DDE","assets/generated/PilotBaseToken/firstorder/tiesffighter/omegaspecialist__pilot-2724127d2e7c.png","ship alias 'tie/sf fighter' in path"
"SHIP-04EEB8286BF7","tiesffighter","TIE/sf Fighter","small","DialModel",False,"review",1,78,"medium","unified25","AST-77854E25A8B0DAB8","assets/source/unified25/assets/ships-v2/small/tiesffighter/TieSF.obj","ship alias 'tie/sf fighter' in path; ships-v2 location"
"SHIP-04EEB8286BF7","tiesffighter","TIE/sf Fighter","small","DialModel",False,"review",2,78,"medium","unified25","AST-77854E25A8B0DAB8","assets/source/unified25/assets/ships-v2/small/tiesffighter/TieSFv2.obj","ship alias 'tie/sf fighter' in path; ships-v2 location"
"SHIP-04EEB8286BF7","tiesffighter","TIE/sf Fighter","small","DialModel",False,"review",3,78,"medium","unified25","AST-0AB7AD87E87F160D","assets/source/unified25/assets/ships-v2/small/tiesffighter/Tie_SF.obj","ship alias 'tie/sf fighter' in path; ships-v2 location"
"SHIP-04EEB8286BF7","tiesffighter","TIE/sf Fighter","small","ShipScript",False,"missing",,,,,,,
"SHIP-DD44D7E0372D","uwing","U-wing","large","ShipModel",True,"review",1,100,"high","unified25","AST-6DE8D04C6BCE6879","assets/source/unified25/assets/ships-v2/medium/ut60duwing/UwingClose.obj","ship alias 'ut60duwing' in path; ships-v2 location; OBJ model"
"SHIP-DD44D7E0372D","uwing","U-wing","large","ShipModel",True,"review",2,100,"high","unified25","AST-0C6F996AB409F072","assets/source/unified25/assets/ships-v2/medium/ut60duwing/UwingOpen.obj","ship alias 'ut60duwing' in path; ships-v2 location; OBJ model"
"SHIP-DD44D7E0372D","uwing","U-wing","large","ShipModel",True,"review",3,100,"high","unified25","AST-5C3D9C51D7EE76BF","assets/source/unified25/assets/ships-v2/medium/ut60duwing/UWing_Close.obj","ship alias 'ut60duwing' in path; ships-v2 location; OBJ model"
"SHIP-DD44D7E0372D","uwing","U-wing","large","ShipModel",True,"review",4,100,"high","unified25","AST-13483E67486DCE49","assets/source/unified25/assets/ships-v2/medium/ut60duwing/UWing_Open.obj","ship alias 'ut60duwing' in path; ships-v2 location; OBJ model"
"SHIP-DD44D7E0372D","uwing","U-wing","large","ShipModel",True,"review",5,86,"high","unified25","AST-909477F89EDB40A5","assets/source/unified25/assets/ships/Rebel/UTD60DUWing/UWing.obj","ship alias 'u-wing' in path; ships location; OBJ model"
"SHIP-DD44D7E0372D","uwing","U-wing","large","ShipModel",True,"review",6,86,"high","unified25","AST-869C93A457778BA7","assets/source/unified25/assets/ships/Rebel/UTD60DUWing/UWing_Base.obj","ship alias 'u-wing' in path; ships location; OBJ model"
"SHIP-DD44D7E0372D","uwing","U-wing","large","ShipModel",True,"review",7,86,"high","unified25","AST-077DD8DEE1B3B43F","assets/source/unified25/assets/ships/Rebel/UTD60DUWing/UWing_Close.obj","ship alias 'u-wing' in path; ships location; OBJ model"
"SHIP-DD44D7E0372D","uwing","U-wing","large","ShipModel",True,"review",8,86,"high","unified25","AST-B958FF95FB0525C7","assets/source/unified25/assets/ships/Rebel/UTD60DUWing/UWing_Open.obj","ship alias 'u-wing' in path; ships location; OBJ model"
"SHIP-DD44D7E0372D","uwing","U-wing","large","ShipTexture",True,"review",1,100,"high","unified25","AST-5A5983D40741196A","assets/source/unified25/assets/ships-v2/medium/ut60duwing/Icon.png","ship alias 'ut60duwing' in path; ships-v2 location; ship image/texture"
"SHIP-DD44D7E0372D","uwing","U-wing","large","ShipTexture",True,"review",2,100,"high","unified25","AST-9BEADB83152FADE1","assets/source/unified25/assets/ships-v2/medium/ut60duwing/Textures/captain.jpg","ship alias 'ut60duwing' in path; ships-v2 location; ship image/texture"
"SHIP-DD44D7E0372D","uwing","U-wing","large","ShipTexture",True,"review",3,100,"high","unified25","AST-3695044E6FBBD6C9","assets/source/unified25/assets/ships-v2/medium/ut60duwing/Textures/captain.png","ship alias 'ut60duwing' in path; ships-v2 location; ship image/texture"
"SHIP-DD44D7E0372D","uwing","U-wing","large","ShipTexture",True,"review",4,100,"high","unified25","AST-454FEEEEFB825752","assets/source/unified25/assets/ships-v2/medium/ut60duwing/Textures/plain.jpg","ship alias 'ut60duwing' in path; ships-v2 location; ship image/texture"
"SHIP-DD44D7E0372D","uwing","U-wing","large","ShipTexture",True,"review",5,100,"high","unified25","AST-AC858FC6E27229AA","assets/source/unified25/assets/ships-v2/medium/ut60duwing/Textures/rebel.jpg","ship alias 'ut60duwing' in path; ships-v2 location; ship image/texture"
"SHIP-DD44D7E0372D","uwing","U-wing","large","ShipTexture",True,"review",6,100,"high","unified25","AST-C53A2C1BA67D0AB6","assets/source/unified25/assets/ships-v2/medium/ut60duwing/Textures/renegade.jpg","ship alias 'ut60duwing' in path; ships-v2 location; ship image/texture"
"SHIP-DD44D7E0372D","uwing","U-wing","large","ShipTexture",True,"review",7,100,"high","unified25","AST-1FBC7CE6668ABED3","assets/source/unified25/assets/ships-v2/medium/ut60duwing/Textures/renegade.png","ship alias 'ut60duwing' in path; ships-v2 location; ship image/texture"
"SHIP-DD44D7E0372D","uwing","U-wing","large","ShipTexture",True,"review",8,100,"high","unified25","AST-43534A605D1BA94C","assets/source/unified25/assets/ships-v2/medium/ut60duwing/Textures/standard.jpg","ship alias 'ut60duwing' in path; ships-v2 location; ship image/texture"
"SHIP-DD44D7E0372D","uwing","U-wing","large","BaseToken",True,"review",1,83,"medium","generated","AST-CBF9C0CCE6CC8F65","assets/generated/PilotBaseToken/rebelalliance/uwing/benthictwotubes__pilot-69dc976b7248.png","ship alias 'u-wing' in path; token/base image"
"SHIP-DD44D7E0372D","uwing","U-wing","large","BaseToken",True,"review",2,83,"medium","generated","AST-E76CEABEF67ED3F0","assets/generated/PilotBaseToken/rebelalliance/uwing/bluesquadronpathfinder__pilot-aed84ccabd06.png","ship alias 'u-wing' in path; token/base image"
"SHIP-DD44D7E0372D","uwing","U-wing","large","BaseToken",True,"review",3,83,"medium","generated","AST-E09A4B43C69F89F4","assets/generated/PilotBaseToken/rebelalliance/uwing/bodhirook__pilot-b1012d7a2dda.png","ship alias 'u-wing' in path; token/base image"
"SHIP-DD44D7E0372D","uwing","U-wing","large","BaseToken",True,"review",4,83,"medium","generated","AST-1E116AB0850A46C1","assets/generated/PilotBaseToken/rebelalliance/uwing/cassianandor__pilot-54c91594fe87.png","ship alias 'u-wing' in path; token/base image"
"SHIP-DD44D7E0372D","uwing","U-wing","large","BaseToken",True,"review",5,83,"medium","generated","AST-F9703DD81E72EEB5","assets/generated/PilotBaseToken/rebelalliance/uwing/hefftobber__pilot-fc4e49f9af99.png","ship alias 'u-wing' in path; token/base image"
"SHIP-DD44D7E0372D","uwing","U-wing","large","BaseToken",True,"review",6,83,"medium","generated","AST-99CCA9FF47A0BDCD","assets/generated/PilotBaseToken/rebelalliance/uwing/magvayarro__pilot-c1cd7d44a8ef.png","ship alias 'u-wing' in path; token/base image"
"SHIP-DD44D7E0372D","uwing","U-wing","large","BaseToken",True,"review",7,83,"medium","generated","AST-D7E7C5F0D9FA1004","assets/generated/PilotBaseToken/rebelalliance/uwing/partisanrenegade__pilot-40e4c0339168.png","ship alias 'u-wing' in path; token/base image"
"SHIP-DD44D7E0372D","uwing","U-wing","large","BaseToken",True,"review",8,83,"medium","generated","AST-3ED3321F3DCA77CD","assets/generated/PilotBaseToken/rebelalliance/uwing/sawgerrera__pilot-41aaac334224.png","ship alias 'u-wing' in path; token/base image"
"SHIP-DD44D7E0372D","uwing","U-wing","large","DialTexture",True,"review",1,85,"high","generated","AST-FA91495F198B8D34","assets/generated/FirstEditionDialTexture/rebelalliance/uwing__dial-f0aed2263dc0.png","ship alias 'u-wing' in path; dial image"
"SHIP-DD44D7E0372D","uwing","U-wing","large","DialTexture",True,"review",2,85,"high","first-edition-dials","AST-FA91495F198B8D34","assets/source/first-edition-dials/rebelalliance/uwing.png","ship alias 'u-wing' in path; dial image"
"SHIP-DD44D7E0372D","uwing","U-wing","large","DialTexture",True,"review",3,78,"medium","unified25","AST-5A5983D40741196A","assets/source/unified25/assets/ships-v2/medium/ut60duwing/Icon.png","ship alias 'ut60duwing' in path; ships-v2 location"
"SHIP-DD44D7E0372D","uwing","U-wing","large","DialTexture",True,"review",4,78,"medium","unified25","AST-9BEADB83152FADE1","assets/source/unified25/assets/ships-v2/medium/ut60duwing/Textures/captain.jpg","ship alias 'ut60duwing' in path; ships-v2 location"
"SHIP-DD44D7E0372D","uwing","U-wing","large","DialTexture",True,"review",5,78,"medium","unified25","AST-3695044E6FBBD6C9","assets/source/unified25/assets/ships-v2/medium/ut60duwing/Textures/captain.png","ship alias 'ut60duwing' in path; ships-v2 location"
"SHIP-DD44D7E0372D","uwing","U-wing","large","DialTexture",True,"review",6,78,"medium","unified25","AST-454FEEEEFB825752","assets/source/unified25/assets/ships-v2/medium/ut60duwing/Textures/plain.jpg","ship alias 'ut60duwing' in path; ships-v2 location"
"SHIP-DD44D7E0372D","uwing","U-wing","large","DialTexture",True,"review",7,78,"medium","unified25","AST-AC858FC6E27229AA","assets/source/unified25/assets/ships-v2/medium/ut60duwing/Textures/rebel.jpg","ship alias 'ut60duwing' in path; ships-v2 location"
"SHIP-DD44D7E0372D","uwing","U-wing","large","DialTexture",True,"review",8,78,"medium","unified25","AST-C53A2C1BA67D0AB6","assets/source/unified25/assets/ships-v2/medium/ut60duwing/Textures/renegade.jpg","ship alias 'ut60duwing' in path; ships-v2 location"
"SHIP-DD44D7E0372D","uwing","U-wing","large","DialModel",False,"review",1,78,"medium","unified25","AST-6DE8D04C6BCE6879","assets/source/unified25/assets/ships-v2/medium/ut60duwing/UwingClose.obj","ship alias 'ut60duwing' in path; ships-v2 location"
"SHIP-DD44D7E0372D","uwing","U-wing","large","DialModel",False,"review",2,78,"medium","unified25","AST-0C6F996AB409F072","assets/source/unified25/assets/ships-v2/medium/ut60duwing/UwingOpen.obj","ship alias 'ut60duwing' in path; ships-v2 location"
"SHIP-DD44D7E0372D","uwing","U-wing","large","DialModel",False,"review",3,78,"medium","unified25","AST-5C3D9C51D7EE76BF","assets/source/unified25/assets/ships-v2/medium/ut60duwing/UWing_Close.obj","ship alias 'ut60duwing' in path; ships-v2 location"
"SHIP-DD44D7E0372D","uwing","U-wing","large","DialModel",False,"review",4,78,"medium","unified25","AST-13483E67486DCE49","assets/source/unified25/assets/ships-v2/medium/ut60duwing/UWing_Open.obj","ship alias 'ut60duwing' in path; ships-v2 location"
"SHIP-DD44D7E0372D","uwing","U-wing","large","DialModel",False,"review",5,61,"medium","unified25","AST-909477F89EDB40A5","assets/source/unified25/assets/ships/Rebel/UTD60DUWing/UWing.obj","ship alias 'u-wing' in path; ships location"
"SHIP-DD44D7E0372D","uwing","U-wing","large","DialModel",False,"review",6,61,"medium","unified25","AST-869C93A457778BA7","assets/source/unified25/assets/ships/Rebel/UTD60DUWing/UWing_Base.obj","ship alias 'u-wing' in path; ships location"
"SHIP-DD44D7E0372D","uwing","U-wing","large","DialModel",False,"review",7,61,"medium","unified25","AST-077DD8DEE1B3B43F","assets/source/unified25/assets/ships/Rebel/UTD60DUWing/UWing_Close.obj","ship alias 'u-wing' in path; ships location"
"SHIP-DD44D7E0372D","uwing","U-wing","large","DialModel",False,"review",8,61,"medium","unified25","AST-B958FF95FB0525C7","assets/source/unified25/assets/ships/Rebel/UTD60DUWing/UWing_Open.obj","ship alias 'u-wing' in path; ships location"
"SHIP-DD44D7E0372D","uwing","U-wing","large","ShipScript",False,"missing",,,,,,,
"SHIP-9109BDDDB34D","upsilonclassshuttle","Upsilon-class Shuttle","large","ShipModel",True,"clear",1,100,"high","unified25","AST-66F3B9086B6E3AA4","assets/source/unified25/assets/ships-v2/large/upsilonclasscommandshuttle/Upsilon_Shuttle.obj","ship alias 'upsilonclasscommandshuttle' in path; ships-v2 location; OBJ model"
"SHIP-9109BDDDB34D","upsilonclassshuttle","Upsilon-class Shuttle","large","ShipModel",True,"clear",2,88,"high","unified25","AST-1EFD2F981810CBA8","assets/source/unified25/assets/ships-v2/large/lambdaclasst4ashuttle/lambda.obj","ship alias 'shuttle' in path; ships-v2 location; OBJ model"
"SHIP-9109BDDDB34D","upsilonclassshuttle","Upsilon-class Shuttle","large","ShipModel",True,"clear",3,88,"high","unified25","AST-DEDF8529DDD72271","assets/source/unified25/assets/ships-v2/large/lambdaclasst4ashuttle/lambdaclass.obj","ship alias 'shuttle' in path; ships-v2 location; OBJ model"
"SHIP-9109BDDDB34D","upsilonclassshuttle","Upsilon-class Shuttle","large","ShipModel",True,"clear",4,88,"high","unified25","AST-BA5F7E32E6C70CCF","assets/source/unified25/assets/ships-v2/medium/xiclasslightshuttle/XiClassLightShuttle.obj","ship alias 'shuttle' in path; ships-v2 location; OBJ model"
"SHIP-9109BDDDB34D","upsilonclassshuttle","Upsilon-class Shuttle","large","ShipModel",True,"clear",5,88,"high","unified25","AST-1AD34DAD1DD6803F","assets/source/unified25/assets/ships-v2/small/attackshuttle/attackshuttle.obj","ship alias 'shuttle' in path; ships-v2 location; OBJ model"
"SHIP-9109BDDDB34D","upsilonclassshuttle","Upsilon-class Shuttle","large","ShipModel",True,"clear",6,88,"high","unified25","AST-201937CD12639DC3","assets/source/unified25/assets/ships-v2/small/sheathipedeclassshuttle/sheathipede.obj","ship alias 'shuttle' in path; ships-v2 location; OBJ model"
"SHIP-9109BDDDB34D","upsilonclassshuttle","Upsilon-class Shuttle","large","ShipModel",True,"clear",7,88,"high","unified25","AST-0B8FAA8B6815F1FE","assets/source/unified25/assets/ships-v2/small/sheathipedeclassshuttle/Sheathipede2.obj","ship alias 'shuttle' in path; ships-v2 location; OBJ model"
"SHIP-9109BDDDB34D","upsilonclassshuttle","Upsilon-class Shuttle","large","ShipModel",True,"clear",8,86,"high","unified25","AST-A4A69D5408E79854","assets/source/unified25/assets/ships/Large/FO_Upsilon_Shuttle/Upsilon_Shuttle.obj","ship alias 'upsilon' in path; ships location; OBJ model"
"SHIP-9109BDDDB34D","upsilonclassshuttle","Upsilon-class Shuttle","large","ShipTexture",True,"review",1,100,"high","unified25","AST-D6CE03E2E5A73995","assets/source/unified25/assets/ships-v2/large/upsilonclasscommandshuttle/icon.png","ship alias 'upsilonclasscommandshuttle' in path; ships-v2 location; ship image/texture"
"SHIP-9109BDDDB34D","upsilonclassshuttle","Upsilon-class Shuttle","large","ShipTexture",True,"review",2,100,"high","unified25","AST-8945A7D53A756172","assets/source/unified25/assets/ships-v2/large/upsilonclasscommandshuttle/Textures/red.jpg","ship alias 'upsilonclasscommandshuttle' in path; ships-v2 location; ship image/texture"
"SHIP-9109BDDDB34D","upsilonclassshuttle","Upsilon-class Shuttle","large","ShipTexture",True,"review",3,100,"high","unified25","AST-1B331A20D6C0FFC2","assets/source/unified25/assets/ships-v2/large/upsilonclasscommandshuttle/Textures/standard.jpg","ship alias 'upsilonclasscommandshuttle' in path; ships-v2 location; ship image/texture"
"SHIP-9109BDDDB34D","upsilonclassshuttle","Upsilon-class Shuttle","large","ShipTexture",True,"review",4,92,"high","generated","AST-48BFA7DBA3B20952","assets/generated/FirstEditionDialTexture/firstorder/upsilonclassshuttle__dial-48bfa7dba3b2.png","ship alias 'upsilon-class shuttle' in path; ship image/texture"
"SHIP-9109BDDDB34D","upsilonclassshuttle","Upsilon-class Shuttle","large","ShipTexture",True,"review",5,85,"high","unified25","AST-99B93B258D471246","assets/source/unified25/assets/ships-v2/large/lambdaclasst4ashuttle/icon.png","ship alias 'shuttle' in path; ships-v2 location; ship image/texture"
"SHIP-9109BDDDB34D","upsilonclassshuttle","Upsilon-class Shuttle","large","ShipTexture",True,"review",6,85,"high","unified25","AST-291304AD0E856EEA","assets/source/unified25/assets/ships-v2/large/lambdaclasst4ashuttle/textures/default.png","ship alias 'shuttle' in path; ships-v2 location; ship image/texture"
"SHIP-9109BDDDB34D","upsilonclassshuttle","Upsilon-class Shuttle","large","ShipTexture",True,"review",7,85,"high","unified25","AST-291304AD0E856EEA","assets/source/unified25/assets/ships-v2/large/lambdaclasst4ashuttle/textures/standard.png","ship alias 'shuttle' in path; ships-v2 location; ship image/texture"
"SHIP-9109BDDDB34D","upsilonclassshuttle","Upsilon-class Shuttle","large","ShipTexture",True,"review",8,85,"high","unified25","AST-F113B34AE5506814","assets/source/unified25/assets/ships-v2/medium/xiclasslightshuttle/Icon.png","ship alias 'shuttle' in path; ships-v2 location; ship image/texture"
"SHIP-9109BDDDB34D","upsilonclassshuttle","Upsilon-class Shuttle","large","BaseToken",True,"review",1,98,"high","generated","AST-E56255881A7082F1","assets/generated/PilotBaseToken/firstorder/upsilonclassshuttle/kyloren__pilot-d10c643b9d5f.png","ship alias 'upsilon-class shuttle' in path; token/base image"
"SHIP-9109BDDDB34D","upsilonclassshuttle","Upsilon-class Shuttle","large","BaseToken",True,"review",2,98,"high","generated","AST-1D42DE676CAB3B07","assets/generated/PilotBaseToken/firstorder/upsilonclassshuttle/lieutenantdormitz__pilot-ce8814af4a55.png","ship alias 'upsilon-class shuttle' in path; token/base image"
"SHIP-9109BDDDB34D","upsilonclassshuttle","Upsilon-class Shuttle","large","BaseToken",True,"review",3,98,"high","generated","AST-1DC72C16899532DD","assets/generated/PilotBaseToken/firstorder/upsilonclassshuttle/majorstridan__pilot-ad985a4e2ce1.png","ship alias 'upsilon-class shuttle' in path; token/base image"
"SHIP-9109BDDDB34D","upsilonclassshuttle","Upsilon-class Shuttle","large","BaseToken",True,"review",4,98,"high","generated","AST-147B144555567A3D","assets/generated/PilotBaseToken/firstorder/upsilonclassshuttle/starkillerbasepilot__pilot-2303ff614caf.png","ship alias 'upsilon-class shuttle' in path; token/base image"
"SHIP-9109BDDDB34D","upsilonclassshuttle","Upsilon-class Shuttle","large","BaseToken",True,"review",5,98,"high","generated-pilot-tokens","AST-1DC72C16899532DD","assets/source/generated-pilot-tokens/firstorder/upsilonclassshuttle/majorstridan.png","ship alias 'upsilon-class shuttle' in path; token/base image"
"SHIP-9109BDDDB34D","upsilonclassshuttle","Upsilon-class Shuttle","large","BaseToken",True,"review",6,98,"high","xwing-data","AST-834D7468D74D9D5C","assets/source/xwing-data/images/pilots/First Order/Upsilon-class Shuttle/starkiller-base-pilot.png","ship alias 'upsilon-class shuttle' in path; token/base image"
"SHIP-9109BDDDB34D","upsilonclassshuttle","Upsilon-class Shuttle","large","BaseToken",True,"review",7,89,"high","unified25","AST-7ACC9293419F2CDA","assets/source/unified25/assets/ships/FO/Upsilon/starkillerbasepilot.png","ship alias 'upsilon' in path; ships location; token/base image"
"SHIP-9109BDDDB34D","upsilonclassshuttle","Upsilon-class Shuttle","large","BaseToken",True,"review",8,89,"high","unified25","AST-EA3C32DFDC95A86A","assets/source/unified25/assets/ships/Large/FO_Upsilon_Shuttle/StarkillerBasePilot.png","ship alias 'upsilon' in path; ships location; token/base image"
"SHIP-9109BDDDB34D","upsilonclassshuttle","Upsilon-class Shuttle","large","DialTexture",True,"review",1,100,"high","generated","AST-48BFA7DBA3B20952","assets/generated/FirstEditionDialTexture/firstorder/upsilonclassshuttle__dial-48bfa7dba3b2.png","ship alias 'upsilon-class shuttle' in path; dial image"
"SHIP-9109BDDDB34D","upsilonclassshuttle","Upsilon-class Shuttle","large","DialTexture",True,"review",2,100,"high","first-edition-dials","AST-48BFA7DBA3B20952","assets/source/first-edition-dials/firstorder/upsilonclassshuttle.png","ship alias 'upsilon-class shuttle' in path; dial image"
"SHIP-9109BDDDB34D","upsilonclassshuttle","Upsilon-class Shuttle","large","DialTexture",True,"review",3,85,"high","generated","AST-CBDDA497FEFE0CFA","assets/generated/FirstEditionDialTexture/galacticempire/lambdaclassshuttle__dial-cbdda497fefe.png","ship alias 'shuttle' in path; dial image"
"SHIP-9109BDDDB34D","upsilonclassshuttle","Upsilon-class Shuttle","large","DialTexture",True,"review",4,85,"high","generated","AST-2ED6C3846B76BDE4","assets/generated/FirstEditionDialTexture/rebelalliance/attackshuttle__dial-2ed6c3846b76.png","ship alias 'shuttle' in path; dial image"
"SHIP-9109BDDDB34D","upsilonclassshuttle","Upsilon-class Shuttle","large","DialTexture",True,"review",5,85,"high","generated","AST-D09C0DDBF1D10B41","assets/generated/FirstEditionDialTexture/rebelalliance/sheathipedeclassshuttle__dial-f9d3cf0ce3a6.png","ship alias 'shuttle' in path; dial image"
"SHIP-9109BDDDB34D","upsilonclassshuttle","Upsilon-class Shuttle","large","DialTexture",True,"review",6,85,"high","first-edition-dials","AST-AD115147DFF45B85","assets/source/first-edition-dials/galacticempire/lambdaclassshuttle.jpg","ship alias 'shuttle' in path; dial image"
"SHIP-9109BDDDB34D","upsilonclassshuttle","Upsilon-class Shuttle","large","DialTexture",True,"review",7,85,"high","first-edition-dials","AST-3E3697021F2E3592","assets/source/first-edition-dials/rebelalliance/attackshuttle.jpg","ship alias 'shuttle' in path; dial image"
"SHIP-9109BDDDB34D","upsilonclassshuttle","Upsilon-class Shuttle","large","DialTexture",True,"review",8,85,"high","first-edition-dials","AST-D09C0DDBF1D10B41","assets/source/first-edition-dials/rebelalliance/sheathipedeclassshuttle.png","ship alias 'shuttle' in path; dial image"
"SHIP-9109BDDDB34D","upsilonclassshuttle","Upsilon-class Shuttle","large","DialModel",False,"review",1,78,"medium","unified25","AST-66F3B9086B6E3AA4","assets/source/unified25/assets/ships-v2/large/upsilonclasscommandshuttle/Upsilon_Shuttle.obj","ship alias 'upsilonclasscommandshuttle' in path; ships-v2 location"
"SHIP-9109BDDDB34D","upsilonclassshuttle","Upsilon-class Shuttle","large","DialModel",False,"review",2,63,"medium","unified25","AST-1EFD2F981810CBA8","assets/source/unified25/assets/ships-v2/large/lambdaclasst4ashuttle/lambda.obj","ship alias 'shuttle' in path; ships-v2 location"
"SHIP-9109BDDDB34D","upsilonclassshuttle","Upsilon-class Shuttle","large","DialModel",False,"review",3,63,"medium","unified25","AST-DEDF8529DDD72271","assets/source/unified25/assets/ships-v2/large/lambdaclasst4ashuttle/lambdaclass.obj","ship alias 'shuttle' in path; ships-v2 location"
"SHIP-9109BDDDB34D","upsilonclassshuttle","Upsilon-class Shuttle","large","DialModel",False,"review",4,63,"medium","unified25","AST-BA5F7E32E6C70CCF","assets/source/unified25/assets/ships-v2/medium/xiclasslightshuttle/XiClassLightShuttle.obj","ship alias 'shuttle' in path; ships-v2 location"
"SHIP-9109BDDDB34D","upsilonclassshuttle","Upsilon-class Shuttle","large","DialModel",False,"review",5,63,"medium","unified25","AST-1AD34DAD1DD6803F","assets/source/unified25/assets/ships-v2/small/attackshuttle/attackshuttle.obj","ship alias 'shuttle' in path; ships-v2 location"
"SHIP-9109BDDDB34D","upsilonclassshuttle","Upsilon-class Shuttle","large","DialModel",False,"review",6,63,"medium","unified25","AST-201937CD12639DC3","assets/source/unified25/assets/ships-v2/small/sheathipedeclassshuttle/sheathipede.obj","ship alias 'shuttle' in path; ships-v2 location"
"SHIP-9109BDDDB34D","upsilonclassshuttle","Upsilon-class Shuttle","large","DialModel",False,"review",7,63,"medium","unified25","AST-0B8FAA8B6815F1FE","assets/source/unified25/assets/ships-v2/small/sheathipedeclassshuttle/Sheathipede2.obj","ship alias 'shuttle' in path; ships-v2 location"
"SHIP-9109BDDDB34D","upsilonclassshuttle","Upsilon-class Shuttle","large","DialModel",False,"review",8,61,"medium","unified25","AST-A4A69D5408E79854","assets/source/unified25/assets/ships/Large/FO_Upsilon_Shuttle/Upsilon_Shuttle.obj","ship alias 'upsilon' in path; ships location"
"SHIP-9109BDDDB34D","upsilonclassshuttle","Upsilon-class Shuttle","large","ShipScript",False,"review",1,75,"medium","unified25","AST-DCF90F677A655C91","assets/source/unified25/TTS_xwing/src/Ship/Deploy/ShuttleGizmo.lua","ship alias 'shuttle' in path; Lua script"
"SHIP-13A27BB27C26","vcx100","VCX-100","large","ShipModel",True,"clear",1,100,"high","unified25","AST-F129EEB47D82CE08","assets/source/unified25/assets/ships-v2/large/vcx100lightfreighter/vcx100.obj","ship alias 'vcx100lightfreighter' in path; ships-v2 location; OBJ model"
"SHIP-13A27BB27C26","vcx100","VCX-100","large","ShipModel",True,"clear",2,86,"high","unified25","AST-BD45EEF13F6E7605","assets/source/unified25/assets/ships/Large/REB_VCX100/vcx100-2.obj","ship alias 'vcx-100' in path; ships location; OBJ model"
"SHIP-13A27BB27C26","vcx100","VCX-100","large","ShipModel",True,"clear",3,86,"high","unified25","AST-A635EDC8D7C92EE9","assets/source/unified25/assets/ships/Large/REB_VCX100/vcx100.obj","ship alias 'vcx-100' in path; ships location; OBJ model"
"SHIP-13A27BB27C26","vcx100","VCX-100","large","ShipTexture",True,"review",1,100,"high","unified25","AST-4C215B7C9F43E5F9","assets/source/unified25/assets/ships-v2/large/vcx100lightfreighter/icon.png","ship alias 'vcx100lightfreighter' in path; ships-v2 location; ship image/texture"
"SHIP-13A27BB27C26","vcx100","VCX-100","large","ShipTexture",True,"review",2,100,"high","unified25","AST-35D56086ABC8BC10","assets/source/unified25/assets/ships-v2/large/vcx100lightfreighter/Textures/standard.jpg","ship alias 'vcx100lightfreighter' in path; ships-v2 location; ship image/texture"
"SHIP-13A27BB27C26","vcx100","VCX-100","large","ShipTexture",True,"review",3,83,"medium","unified25","AST-25B4E0BCBDC62CC8","assets/source/unified25/assets/ships/Large/REB_VCX100/AlexsandrKallus.jpg","ship alias 'vcx-100' in path; ships location; ship image/texture"
"SHIP-13A27BB27C26","vcx100","VCX-100","large","ShipTexture",True,"review",4,83,"medium","unified25","AST-FA890C024CB89D43","assets/source/unified25/assets/ships/Large/REB_VCX100/Chopper.jpg","ship alias 'vcx-100' in path; ships location; ship image/texture"
"SHIP-13A27BB27C26","vcx100","VCX-100","large","ShipTexture",True,"review",5,83,"medium","unified25","AST-586A2FC9F9F0E4B9","assets/source/unified25/assets/ships/Large/REB_VCX100/HeraSyndulla.jpg","ship alias 'vcx-100' in path; ships location; ship image/texture"
"SHIP-13A27BB27C26","vcx100","VCX-100","large","ShipTexture",True,"review",6,83,"medium","unified25","AST-FD9C8003B3666B87","assets/source/unified25/assets/ships/Large/REB_VCX100/KananJarrus.jpg","ship alias 'vcx-100' in path; ships location; ship image/texture"
"SHIP-13A27BB27C26","vcx100","VCX-100","large","ShipTexture",True,"review",7,83,"medium","unified25","AST-99E5CD9937CDCDBE","assets/source/unified25/assets/ships/Large/REB_VCX100/LothalRebel.jpg","ship alias 'vcx-100' in path; ships location; ship image/texture"
"SHIP-13A27BB27C26","vcx100","VCX-100","large","ShipTexture",True,"review",8,83,"medium","unified25","AST-1511C428E9951E06","assets/source/unified25/assets/ships/Rebel/VCX100/chopper.png","ship alias 'vcx-100' in path; ships location; ship image/texture"
"SHIP-13A27BB27C26","vcx100","VCX-100","large","BaseToken",True,"review",1,83,"medium","generated","AST-2E8DBEF6DEF186C9","assets/generated/PilotBaseToken/rebelalliance/vcx100/chopper__pilot-371a0f61ccfe.png","ship alias 'vcx-100' in path; token/base image"
"SHIP-13A27BB27C26","vcx100","VCX-100","large","BaseToken",True,"review",2,83,"medium","generated","AST-4A086EE1EAE7614E","assets/generated/PilotBaseToken/rebelalliance/vcx100/herasyndulla__pilot-4b3605e8aae6.png","ship alias 'vcx-100' in path; token/base image"
"SHIP-13A27BB27C26","vcx100","VCX-100","large","BaseToken",True,"review",3,83,"medium","generated","AST-4E7D1A18C59B83FF","assets/generated/PilotBaseToken/rebelalliance/vcx100/kananjarrus__pilot-3e85bcef81a8.png","ship alias 'vcx-100' in path; token/base image"
"SHIP-13A27BB27C26","vcx100","VCX-100","large","BaseToken",True,"review",4,83,"medium","generated","AST-121212B4DCDF8E50","assets/generated/PilotBaseToken/rebelalliance/vcx100/lothalrebel__pilot-ba7fb595439c.png","ship alias 'vcx-100' in path; token/base image"
"SHIP-13A27BB27C26","vcx100","VCX-100","large","BaseToken",True,"review",5,78,"medium","unified25","AST-4C215B7C9F43E5F9","assets/source/unified25/assets/ships-v2/large/vcx100lightfreighter/icon.png","ship alias 'vcx100lightfreighter' in path; ships-v2 location"
"SHIP-13A27BB27C26","vcx100","VCX-100","large","BaseToken",True,"review",6,78,"medium","unified25","AST-35D56086ABC8BC10","assets/source/unified25/assets/ships-v2/large/vcx100lightfreighter/Textures/standard.jpg","ship alias 'vcx100lightfreighter' in path; ships-v2 location"
"SHIP-13A27BB27C26","vcx100","VCX-100","large","BaseToken",True,"review",7,61,"medium","unified25","AST-25B4E0BCBDC62CC8","assets/source/unified25/assets/ships/Large/REB_VCX100/AlexsandrKallus.jpg","ship alias 'vcx-100' in path; ships location"
"SHIP-13A27BB27C26","vcx100","VCX-100","large","BaseToken",True,"review",8,61,"medium","unified25","AST-FA890C024CB89D43","assets/source/unified25/assets/ships/Large/REB_VCX100/Chopper.jpg","ship alias 'vcx-100' in path; ships location"
"SHIP-13A27BB27C26","vcx100","VCX-100","large","DialTexture",True,"review",1,85,"high","generated","AST-5E6E4D43DDC2726A","assets/generated/FirstEditionDialTexture/rebelalliance/vcx100__dial-5e6e4d43ddc2.png","ship alias 'vcx-100' in path; dial image"
"SHIP-13A27BB27C26","vcx100","VCX-100","large","DialTexture",True,"review",2,85,"high","first-edition-dials","AST-F120E7EEB96C69D0","assets/source/first-edition-dials/rebelalliance/vcx100.jpg","ship alias 'vcx-100' in path; dial image"
"SHIP-13A27BB27C26","vcx100","VCX-100","large","DialTexture",True,"review",3,78,"medium","unified25","AST-4C215B7C9F43E5F9","assets/source/unified25/assets/ships-v2/large/vcx100lightfreighter/icon.png","ship alias 'vcx100lightfreighter' in path; ships-v2 location"
"SHIP-13A27BB27C26","vcx100","VCX-100","large","DialTexture",True,"review",4,78,"medium","unified25","AST-35D56086ABC8BC10","assets/source/unified25/assets/ships-v2/large/vcx100lightfreighter/Textures/standard.jpg","ship alias 'vcx100lightfreighter' in path; ships-v2 location"
"SHIP-13A27BB27C26","vcx100","VCX-100","large","DialTexture",True,"review",5,61,"medium","unified25","AST-25B4E0BCBDC62CC8","assets/source/unified25/assets/ships/Large/REB_VCX100/AlexsandrKallus.jpg","ship alias 'vcx-100' in path; ships location"
"SHIP-13A27BB27C26","vcx100","VCX-100","large","DialTexture",True,"review",6,61,"medium","unified25","AST-FA890C024CB89D43","assets/source/unified25/assets/ships/Large/REB_VCX100/Chopper.jpg","ship alias 'vcx-100' in path; ships location"
"SHIP-13A27BB27C26","vcx100","VCX-100","large","DialTexture",True,"review",7,61,"medium","unified25","AST-586A2FC9F9F0E4B9","assets/source/unified25/assets/ships/Large/REB_VCX100/HeraSyndulla.jpg","ship alias 'vcx-100' in path; ships location"
"SHIP-13A27BB27C26","vcx100","VCX-100","large","DialTexture",True,"review",8,61,"medium","unified25","AST-FD9C8003B3666B87","assets/source/unified25/assets/ships/Large/REB_VCX100/KananJarrus.jpg","ship alias 'vcx-100' in path; ships location"
"SHIP-13A27BB27C26","vcx100","VCX-100","large","DialModel",False,"review",1,78,"medium","unified25","AST-F129EEB47D82CE08","assets/source/unified25/assets/ships-v2/large/vcx100lightfreighter/vcx100.obj","ship alias 'vcx100lightfreighter' in path; ships-v2 location"
"SHIP-13A27BB27C26","vcx100","VCX-100","large","DialModel",False,"review",2,61,"medium","unified25","AST-BD45EEF13F6E7605","assets/source/unified25/assets/ships/Large/REB_VCX100/vcx100-2.obj","ship alias 'vcx-100' in path; ships location"
"SHIP-13A27BB27C26","vcx100","VCX-100","large","DialModel",False,"review",3,61,"medium","unified25","AST-A635EDC8D7C92EE9","assets/source/unified25/assets/ships/Large/REB_VCX100/vcx100.obj","ship alias 'vcx-100' in path; ships location"
"SHIP-13A27BB27C26","vcx100","VCX-100","large","ShipScript",False,"missing",,,,,,,
"SHIP-D8279B5F524D","vt49decimator","VT-49 Decimator","large","ShipModel",True,"clear",1,100,"high","unified25","AST-EEE4D890214BAFD6","assets/source/unified25/assets/ships-v2/large/vt49decimator/vt49decimator.obj","ship alias 'vt-49 decimator' in path; ships-v2 location; OBJ model"
"SHIP-D8279B5F524D","vt49decimator","VT-49 Decimator","large","ShipModel",True,"clear",2,86,"high","unified25","AST-21982E1A37DEC0E0","assets/source/unified25/assets/ships/Large/EMP_Decimator/decimator.obj","ship alias 'decimator' in path; ships location; OBJ model"
"SHIP-D8279B5F524D","vt49decimator","VT-49 Decimator","large","ShipModel",True,"clear",3,86,"high","unified25","AST-207773CD4BC31DF4","assets/source/unified25/assets/ships/Large/EMP_Decimator/decimator2.obj","ship alias 'decimator' in path; ships location; OBJ model"
"SHIP-D8279B5F524D","vt49decimator","VT-49 Decimator","large","ShipTexture",True,"review",1,100,"high","unified25","AST-346176308F6F66E0","assets/source/unified25/assets/ships-v2/large/vt49decimator/icon.png","ship alias 'vt-49 decimator' in path; ships-v2 location; ship image/texture"
"SHIP-D8279B5F524D","vt49decimator","VT-49 Decimator","large","ShipTexture",True,"review",2,100,"high","unified25","AST-7819F7CFA2470C8B","assets/source/unified25/assets/ships-v2/large/vt49decimator/textures/black.jpg","ship alias 'vt-49 decimator' in path; ships-v2 location; ship image/texture"
"SHIP-D8279B5F524D","vt49decimator","VT-49 Decimator","large","ShipTexture",True,"review",3,100,"high","unified25","AST-0C87FBAEBFBDD607","assets/source/unified25/assets/ships-v2/large/vt49decimator/textures/grey.jpg","ship alias 'vt-49 decimator' in path; ships-v2 location; ship image/texture"
"SHIP-D8279B5F524D","vt49decimator","VT-49 Decimator","large","ShipTexture",True,"review",4,92,"high","generated","AST-4211B35E302352C0","assets/generated/FirstEditionDialTexture/galacticempire/vt49decimator__dial-4211b35e3023.png","ship alias 'vt-49 decimator' in path; ship image/texture"
"SHIP-D8279B5F524D","vt49decimator","VT-49 Decimator","large","ShipTexture",True,"review",5,83,"medium","unified25","AST-318FCF25A02EE983","assets/source/unified25/assets/ships/Empire/decimator/captainoicunn.png","ship alias 'decimator' in path; ships location; ship image/texture"
"SHIP-D8279B5F524D","vt49decimator","VT-49 Decimator","large","ShipTexture",True,"review",6,83,"medium","unified25","AST-0379E1C17189DF02","assets/source/unified25/assets/ships/Empire/decimator/patrolleader.png","ship alias 'decimator' in path; ships location; ship image/texture"
"SHIP-D8279B5F524D","vt49decimator","VT-49 Decimator","large","ShipTexture",True,"review",7,83,"medium","unified25","AST-109F1B63AA7A22F8","assets/source/unified25/assets/ships/Empire/decimator/rearadmiralchiraneau.png","ship alias 'decimator' in path; ships location; ship image/texture"
"SHIP-D8279B5F524D","vt49decimator","VT-49 Decimator","large","ShipTexture",True,"review",8,83,"medium","unified25","AST-85E3F9227F4A21BE","assets/source/unified25/assets/ships/Large/EMP_Decimator/CaptainOicunn.png","ship alias 'decimator' in path; ships location; ship image/texture"
"SHIP-D8279B5F524D","vt49decimator","VT-49 Decimator","large","BaseToken",True,"review",1,98,"high","generated","AST-B23BE3D0F4B06FA9","assets/generated/PilotBaseToken/galacticempire/vt49decimator/captainoicunn__pilot-20d8bf313d24.png","ship alias 'vt-49 decimator' in path; token/base image"
"SHIP-D8279B5F524D","vt49decimator","VT-49 Decimator","large","BaseToken",True,"review",2,98,"high","generated","AST-B2FF2F29D18CB61B","assets/generated/PilotBaseToken/galacticempire/vt49decimator/commanderkenkirk__pilot-a2eb04a922ed.png","ship alias 'vt-49 decimator' in path; token/base image"
"SHIP-D8279B5F524D","vt49decimator","VT-49 Decimator","large","BaseToken",True,"review",3,98,"high","generated","AST-4EC5EA97BE62945A","assets/generated/PilotBaseToken/galacticempire/vt49decimator/patrolleader__pilot-f288e7d5e0d6.png","ship alias 'vt-49 decimator' in path; token/base image"
"SHIP-D8279B5F524D","vt49decimator","VT-49 Decimator","large","BaseToken",True,"review",4,98,"high","generated","AST-290553B8E86D3CED","assets/generated/PilotBaseToken/galacticempire/vt49decimator/rearadmiralchiraneau__pilot-333658d8223f.png","ship alias 'vt-49 decimator' in path; token/base image"
"SHIP-D8279B5F524D","vt49decimator","VT-49 Decimator","large","BaseToken",True,"review",5,78,"medium","unified25","AST-346176308F6F66E0","assets/source/unified25/assets/ships-v2/large/vt49decimator/icon.png","ship alias 'vt-49 decimator' in path; ships-v2 location"
"SHIP-D8279B5F524D","vt49decimator","VT-49 Decimator","large","BaseToken",True,"review",6,78,"medium","unified25","AST-7819F7CFA2470C8B","assets/source/unified25/assets/ships-v2/large/vt49decimator/textures/black.jpg","ship alias 'vt-49 decimator' in path; ships-v2 location"
"SHIP-D8279B5F524D","vt49decimator","VT-49 Decimator","large","BaseToken",True,"review",7,78,"medium","unified25","AST-0C87FBAEBFBDD607","assets/source/unified25/assets/ships-v2/large/vt49decimator/textures/grey.jpg","ship alias 'vt-49 decimator' in path; ships-v2 location"
"SHIP-D8279B5F524D","vt49decimator","VT-49 Decimator","large","BaseToken",True,"review",8,70,"medium","generated","AST-4211B35E302352C0","assets/generated/FirstEditionDialTexture/galacticempire/vt49decimator__dial-4211b35e3023.png","ship alias 'vt-49 decimator' in path"
"SHIP-D8279B5F524D","vt49decimator","VT-49 Decimator","large","DialTexture",True,"review",1,100,"high","generated","AST-4211B35E302352C0","assets/generated/FirstEditionDialTexture/galacticempire/vt49decimator__dial-4211b35e3023.png","ship alias 'vt-49 decimator' in path; dial image"
"SHIP-D8279B5F524D","vt49decimator","VT-49 Decimator","large","DialTexture",True,"review",2,100,"high","first-edition-dials","AST-4A9020EE30073B05","assets/source/first-edition-dials/galacticempire/vt49decimator.jpg","ship alias 'vt-49 decimator' in path; dial image"
"SHIP-D8279B5F524D","vt49decimator","VT-49 Decimator","large","DialTexture",True,"review",3,78,"medium","unified25","AST-346176308F6F66E0","assets/source/unified25/assets/ships-v2/large/vt49decimator/icon.png","ship alias 'vt-49 decimator' in path; ships-v2 location"
"SHIP-D8279B5F524D","vt49decimator","VT-49 Decimator","large","DialTexture",True,"review",4,78,"medium","unified25","AST-7819F7CFA2470C8B","assets/source/unified25/assets/ships-v2/large/vt49decimator/textures/black.jpg","ship alias 'vt-49 decimator' in path; ships-v2 location"
"SHIP-D8279B5F524D","vt49decimator","VT-49 Decimator","large","DialTexture",True,"review",5,78,"medium","unified25","AST-0C87FBAEBFBDD607","assets/source/unified25/assets/ships-v2/large/vt49decimator/textures/grey.jpg","ship alias 'vt-49 decimator' in path; ships-v2 location"
"SHIP-D8279B5F524D","vt49decimator","VT-49 Decimator","large","DialTexture",True,"review",6,70,"medium","generated","AST-B23BE3D0F4B06FA9","assets/generated/PilotBaseToken/galacticempire/vt49decimator/captainoicunn__pilot-20d8bf313d24.png","ship alias 'vt-49 decimator' in path"
"SHIP-D8279B5F524D","vt49decimator","VT-49 Decimator","large","DialTexture",True,"review",7,70,"medium","generated","AST-B2FF2F29D18CB61B","assets/generated/PilotBaseToken/galacticempire/vt49decimator/commanderkenkirk__pilot-a2eb04a922ed.png","ship alias 'vt-49 decimator' in path"
"SHIP-D8279B5F524D","vt49decimator","VT-49 Decimator","large","DialTexture",True,"review",8,70,"medium","generated","AST-4EC5EA97BE62945A","assets/generated/PilotBaseToken/galacticempire/vt49decimator/patrolleader__pilot-f288e7d5e0d6.png","ship alias 'vt-49 decimator' in path"
"SHIP-D8279B5F524D","vt49decimator","VT-49 Decimator","large","DialModel",False,"review",1,78,"medium","unified25","AST-EEE4D890214BAFD6","assets/source/unified25/assets/ships-v2/large/vt49decimator/vt49decimator.obj","ship alias 'vt-49 decimator' in path; ships-v2 location"
"SHIP-D8279B5F524D","vt49decimator","VT-49 Decimator","large","DialModel",False,"review",2,61,"medium","unified25","AST-21982E1A37DEC0E0","assets/source/unified25/assets/ships/Large/EMP_Decimator/decimator.obj","ship alias 'decimator' in path; ships location"
"SHIP-D8279B5F524D","vt49decimator","VT-49 Decimator","large","DialModel",False,"review",3,61,"medium","unified25","AST-207773CD4BC31DF4","assets/source/unified25/assets/ships/Large/EMP_Decimator/decimator2.obj","ship alias 'decimator' in path; ships location"
"SHIP-D8279B5F524D","vt49decimator","VT-49 Decimator","large","ShipScript",False,"missing",,,,,,,
"SHIP-36823DBE73F1","xwing","X-Wing","small","ShipModel",True,"review",1,88,"high","unified25","AST-7CD2EE00223E78C2","assets/source/unified25/assets/ships-v2/small/t65xwing/xwingbase.obj","ship alias 't65xwing' in path; ships-v2 location; OBJ model"
"SHIP-36823DBE73F1","xwing","X-Wing","small","ShipModel",True,"review",2,88,"high","unified25","AST-7CD2EE00223E78C2","assets/source/unified25/assets/ships-v2/small/t65xwing/xwingbasev1.obj","ship alias 't65xwing' in path; ships-v2 location; OBJ model"
"SHIP-36823DBE73F1","xwing","X-Wing","small","ShipModel",True,"review",3,88,"high","unified25","AST-60916EAAA3CBDBE4","assets/source/unified25/assets/ships-v2/small/t65xwing/xwingbasev2.obj","ship alias 't65xwing' in path; ships-v2 location; OBJ model"
"SHIP-36823DBE73F1","xwing","X-Wing","small","ShipModel",True,"review",4,88,"high","unified25","AST-E1E30FE033DD6ADF","assets/source/unified25/assets/ships-v2/small/t65xwing/xwingbasev3.obj","ship alias 't65xwing' in path; ships-v2 location; OBJ model"
"SHIP-36823DBE73F1","xwing","X-Wing","small","ShipModel",True,"review",5,88,"high","unified25","AST-4C2B0E53FFF50F7B","assets/source/unified25/assets/ships-v2/small/t65xwing/xwingclosed.obj","ship alias 't65xwing' in path; ships-v2 location; OBJ model"
"SHIP-36823DBE73F1","xwing","X-Wing","small","ShipModel",True,"review",6,88,"high","unified25","AST-4C2B0E53FFF50F7B","assets/source/unified25/assets/ships-v2/small/t65xwing/xwingclosedv1.obj","ship alias 't65xwing' in path; ships-v2 location; OBJ model"
"SHIP-36823DBE73F1","xwing","X-Wing","small","ShipModel",True,"review",7,88,"high","unified25","AST-4F632237973511D0","assets/source/unified25/assets/ships-v2/small/t65xwing/xwingclosedv3.obj","ship alias 't65xwing' in path; ships-v2 location; OBJ model"
"SHIP-36823DBE73F1","xwing","X-Wing","small","ShipModel",True,"review",8,88,"high","unified25","AST-D8A53391706E9E36","assets/source/unified25/assets/ships-v2/small/t65xwing/xwingopen.obj","ship alias 't65xwing' in path; ships-v2 location; OBJ model"
"SHIP-36823DBE73F1","xwing","X-Wing","small","ShipTexture",True,"review",1,85,"high","unified25","AST-3699E85BC97E83B7","assets/source/unified25/assets/ships-v2/small/t65xwing/Icon.png","ship alias 't65xwing' in path; ships-v2 location; ship image/texture"
"SHIP-36823DBE73F1","xwing","X-Wing","small","ShipTexture",True,"review",2,85,"high","unified25","AST-920950FA4BC46464","assets/source/unified25/assets/ships-v2/small/t65xwing/Textures/1/biggs.jpg","ship alias 't65xwing' in path; ships-v2 location; ship image/texture"
"SHIP-36823DBE73F1","xwing","X-Wing","small","ShipTexture",True,"review",3,85,"high","unified25","AST-E921CDF22B1D4D6B","assets/source/unified25/assets/ships-v2/small/t65xwing/Textures/1/blue.jpg","ship alias 't65xwing' in path; ships-v2 location; ship image/texture"
"SHIP-36823DBE73F1","xwing","X-Wing","small","ShipTexture",True,"review",4,85,"high","unified25","AST-CD0C1CCAF02A3AF5","assets/source/unified25/assets/ships-v2/small/t65xwing/Textures/1/cavernangels.jpg","ship alias 't65xwing' in path; ships-v2 location; ship image/texture"
"SHIP-36823DBE73F1","xwing","X-Wing","small","ShipTexture",True,"review",5,85,"high","unified25","AST-31B1FD3F4D7AB8A1","assets/source/unified25/assets/ships-v2/small/t65xwing/Textures/1/garven.jpg","ship alias 't65xwing' in path; ships-v2 location; ship image/texture"
"SHIP-36823DBE73F1","xwing","X-Wing","small","ShipTexture",True,"review",6,85,"high","unified25","AST-2308AE952FB01C43","assets/source/unified25/assets/ships-v2/small/t65xwing/Textures/1/luke.jpg","ship alias 't65xwing' in path; ships-v2 location; ship image/texture"
"SHIP-36823DBE73F1","xwing","X-Wing","small","ShipTexture",True,"review",7,85,"high","unified25","AST-B345C9C0DE9F8A32","assets/source/unified25/assets/ships-v2/small/t65xwing/Textures/1/porkins.jpg","ship alias 't65xwing' in path; ships-v2 location; ship image/texture"
"SHIP-36823DBE73F1","xwing","X-Wing","small","ShipTexture",True,"review",8,85,"high","unified25","AST-52EEB61C3721DE9E","assets/source/unified25/assets/ships-v2/small/t65xwing/Textures/1/red.jpg","ship alias 't65xwing' in path; ships-v2 location; ship image/texture"
"SHIP-36823DBE73F1","xwing","X-Wing","small","BaseToken",True,"review",1,83,"medium","generated","AST-632696C2D88D3BB9","assets/generated/PilotBaseToken/rebelalliance/xwing/biggsdarklighter__pilot-6e45dda6a55f.png","ship alias 'x-wing' in path; token/base image"
"SHIP-36823DBE73F1","xwing","X-Wing","small","BaseToken",True,"review",2,83,"medium","generated","AST-525820B4CBC3E557","assets/generated/PilotBaseToken/rebelalliance/xwing/cavernangelszealot__pilot-a15b41525ff5.png","ship alias 'x-wing' in path; token/base image"
"SHIP-36823DBE73F1","xwing","X-Wing","small","BaseToken",True,"review",3,83,"medium","generated","AST-7D0E7EE82D8F4459","assets/generated/PilotBaseToken/rebelalliance/xwing/edriotwotubes__pilot-b59de7402044.png","ship alias 'x-wing' in path; token/base image"
"SHIP-36823DBE73F1","xwing","X-Wing","small","BaseToken",True,"review",4,83,"medium","generated","AST-98F7B570728902F7","assets/generated/PilotBaseToken/rebelalliance/xwing/garvendreis__pilot-13315d365d27.png","ship alias 'x-wing' in path; token/base image"
"SHIP-36823DBE73F1","xwing","X-Wing","small","BaseToken",True,"review",5,83,"medium","generated","AST-1049477B82EA18EB","assets/generated/PilotBaseToken/rebelalliance/xwing/hobbieklivian__pilot-650063d67e72.png","ship alias 'x-wing' in path; token/base image"
"SHIP-36823DBE73F1","xwing","X-Wing","small","BaseToken",True,"review",6,83,"medium","generated","AST-F3C6640BE1D97833","assets/generated/PilotBaseToken/rebelalliance/xwing/jekporkins__pilot-eaffa73edeaa.png","ship alias 'x-wing' in path; token/base image"
"SHIP-36823DBE73F1","xwing","X-Wing","small","BaseToken",True,"review",7,83,"medium","generated","AST-004CE809A91B6529","assets/generated/PilotBaseToken/rebelalliance/xwing/kullbeesperado__pilot-5f40e4920b73.png","ship alias 'x-wing' in path; token/base image"
"SHIP-36823DBE73F1","xwing","X-Wing","small","BaseToken",True,"review",8,83,"medium","generated","AST-6F78548B5EB2C3D6","assets/generated/PilotBaseToken/rebelalliance/xwing/leevantenza__pilot-63d29f362b3c.png","ship alias 'x-wing' in path; token/base image"
"SHIP-36823DBE73F1","xwing","X-Wing","small","DialTexture",True,"review",1,85,"high","generated","AST-37CCA8D137982BDB","assets/generated/FirstEditionDialTexture/rebelalliance/xwing__dial-37cca8d13798.png","ship alias 'x-wing' in path; dial image"
"SHIP-36823DBE73F1","xwing","X-Wing","small","DialTexture",True,"review",2,85,"high","generated","AST-94DC9B64E755B7BD","assets/generated/FirstEditionDialTexture/resistance/t70xwing__dial-d59278db151e.png","ship alias 'x-wing' in path; dial image"
"SHIP-36823DBE73F1","xwing","X-Wing","small","DialTexture",True,"review",3,85,"high","first-edition-dials","AST-EF931F367B313D6D","assets/source/first-edition-dials/rebelalliance/xwing.jpg","ship alias 'x-wing' in path; dial image"
"SHIP-36823DBE73F1","xwing","X-Wing","small","DialTexture",True,"review",4,85,"high","first-edition-dials","AST-94DC9B64E755B7BD","assets/source/first-edition-dials/resistance/t70xwing.png","ship alias 'x-wing' in path; dial image"
"SHIP-36823DBE73F1","xwing","X-Wing","small","DialTexture",True,"review",5,63,"medium","unified25","AST-3699E85BC97E83B7","assets/source/unified25/assets/ships-v2/small/t65xwing/Icon.png","ship alias 't65xwing' in path; ships-v2 location"
"SHIP-36823DBE73F1","xwing","X-Wing","small","DialTexture",True,"review",6,63,"medium","unified25","AST-920950FA4BC46464","assets/source/unified25/assets/ships-v2/small/t65xwing/Textures/1/biggs.jpg","ship alias 't65xwing' in path; ships-v2 location"
"SHIP-36823DBE73F1","xwing","X-Wing","small","DialTexture",True,"review",7,63,"medium","unified25","AST-E921CDF22B1D4D6B","assets/source/unified25/assets/ships-v2/small/t65xwing/Textures/1/blue.jpg","ship alias 't65xwing' in path; ships-v2 location"
"SHIP-36823DBE73F1","xwing","X-Wing","small","DialTexture",True,"review",8,63,"medium","unified25","AST-CD0C1CCAF02A3AF5","assets/source/unified25/assets/ships-v2/small/t65xwing/Textures/1/cavernangels.jpg","ship alias 't65xwing' in path; ships-v2 location"
"SHIP-36823DBE73F1","xwing","X-Wing","small","DialModel",False,"review",1,63,"medium","unified25","AST-7CD2EE00223E78C2","assets/source/unified25/assets/ships-v2/small/t65xwing/xwingbase.obj","ship alias 't65xwing' in path; ships-v2 location"
"SHIP-36823DBE73F1","xwing","X-Wing","small","DialModel",False,"review",2,63,"medium","unified25","AST-7CD2EE00223E78C2","assets/source/unified25/assets/ships-v2/small/t65xwing/xwingbasev1.obj","ship alias 't65xwing' in path; ships-v2 location"
"SHIP-36823DBE73F1","xwing","X-Wing","small","DialModel",False,"review",3,63,"medium","unified25","AST-60916EAAA3CBDBE4","assets/source/unified25/assets/ships-v2/small/t65xwing/xwingbasev2.obj","ship alias 't65xwing' in path; ships-v2 location"
"SHIP-36823DBE73F1","xwing","X-Wing","small","DialModel",False,"review",4,63,"medium","unified25","AST-E1E30FE033DD6ADF","assets/source/unified25/assets/ships-v2/small/t65xwing/xwingbasev3.obj","ship alias 't65xwing' in path; ships-v2 location"
"SHIP-36823DBE73F1","xwing","X-Wing","small","DialModel",False,"review",5,63,"medium","unified25","AST-4C2B0E53FFF50F7B","assets/source/unified25/assets/ships-v2/small/t65xwing/xwingclosed.obj","ship alias 't65xwing' in path; ships-v2 location"
"SHIP-36823DBE73F1","xwing","X-Wing","small","DialModel",False,"review",6,63,"medium","unified25","AST-4C2B0E53FFF50F7B","assets/source/unified25/assets/ships-v2/small/t65xwing/xwingclosedv1.obj","ship alias 't65xwing' in path; ships-v2 location"
"SHIP-36823DBE73F1","xwing","X-Wing","small","DialModel",False,"review",7,63,"medium","unified25","AST-4F632237973511D0","assets/source/unified25/assets/ships-v2/small/t65xwing/xwingclosedv3.obj","ship alias 't65xwing' in path; ships-v2 location"
"SHIP-36823DBE73F1","xwing","X-Wing","small","DialModel",False,"review",8,63,"medium","unified25","AST-D8A53391706E9E36","assets/source/unified25/assets/ships-v2/small/t65xwing/xwingopen.obj","ship alias 't65xwing' in path; ships-v2 location"
"SHIP-36823DBE73F1","xwing","X-Wing","small","ShipScript",False,"review",1,75,"medium","unified25","AST-F0F9D54432C4402E","assets/source/unified25/TTS_xwing/src/API.lua","ship alias 'x-wing' in path; Lua script"
"SHIP-36823DBE73F1","xwing","X-Wing","small","ShipScript",False,"review",2,75,"medium","unified25","AST-F68FED2C58DEE5D0","assets/source/unified25/TTS_xwing/src/Device/Bomb/AoE Bomb source.lua","ship alias 'x-wing' in path; Lua script"
"SHIP-36823DBE73F1","xwing","X-Wing","small","ShipScript",False,"review",3,75,"medium","unified25","AST-0B42842018999630","assets/source/unified25/TTS_xwing/src/Device/Bomb/BlazeBomb.lua","ship alias 'x-wing' in path; Lua script"
"SHIP-36823DBE73F1","xwing","X-Wing","small","ShipScript",False,"review",4,75,"medium","unified25","AST-760BB845FB98FBBC","assets/source/unified25/TTS_xwing/src/Device/Bomb/Bomblet.lua","ship alias 'x-wing' in path; Lua script"
"SHIP-36823DBE73F1","xwing","X-Wing","small","ShipScript",False,"review",5,75,"medium","unified25","AST-760BB845FB98FBBC","assets/source/unified25/TTS_xwing/src/Device/Bomb/ConcussionBomb.lua","ship alias 'x-wing' in path; Lua script"
"SHIP-36823DBE73F1","xwing","X-Wing","small","ShipScript",False,"review",6,75,"medium","unified25","AST-60B0D88E72978A67","assets/source/unified25/TTS_xwing/src/Device/Bomb/DropperGizmo.lua","ship alias 'x-wing' in path; Lua script"
"SHIP-36823DBE73F1","xwing","X-Wing","small","ShipScript",False,"review",7,75,"medium","unified25","AST-06EB0B074F5E79A1","assets/source/unified25/TTS_xwing/src/Device/Bomb/Electro-ProtonBomb.lua","ship alias 'x-wing' in path; Lua script"
"SHIP-36823DBE73F1","xwing","X-Wing","small","ShipScript",False,"review",8,75,"medium","unified25","AST-760BB845FB98FBBC","assets/source/unified25/TTS_xwing/src/Device/Bomb/IonBomb.lua","ship alias 'x-wing' in path; Lua script"
"SHIP-10CDA52089D8","ywing","Y-wing","small","ShipModel",True,"review",1,100,"high","unified25","AST-C62ADA0278FBDB37","assets/source/unified25/assets/ships-v2/small/btla4ywing/btla4_ywing.obj","ship alias 'btla4ywing' in path; ships-v2 location; OBJ model"
"SHIP-10CDA52089D8","ywing","Y-wing","small","ShipModel",True,"review",2,100,"high","unified25","AST-097768F6AD96C65E","assets/source/unified25/assets/ships-v2/small/btla4ywing/btla4_ywingv2.obj","ship alias 'btla4ywing' in path; ships-v2 location; OBJ model"
"SHIP-10CDA52089D8","ywing","Y-wing","small","ShipModel",True,"review",3,100,"high","unified25","AST-55DADC25890708EE","assets/source/unified25/assets/ships/Small/btla4_ywing/btla4_ywing.obj","ship alias 'btla4ywing' in path; ships location; OBJ model"
"SHIP-10CDA52089D8","ywing","Y-wing","small","ShipModel",True,"review",4,100,"high","unified25","AST-124E29934DC95948","assets/source/unified25/assets/ships/Small/btla4_ywing/glod_sqd_pilot.obj","ship alias 'btla4ywing' in path; ships location; OBJ model"
"SHIP-10CDA52089D8","ywing","Y-wing","small","ShipModel",True,"review",5,88,"high","unified25","AST-99C3B22930BACF32","assets/source/unified25/assets/ships-v2/small/btanr2ywing/RIS_Y-Wing.obj","ship alias 'y-wing' in path; ships-v2 location; OBJ model"
"SHIP-10CDA52089D8","ywing","Y-wing","small","ShipModel",True,"review",6,88,"high","unified25","AST-91B12DA8C9396AC7","assets/source/unified25/assets/ships-v2/small/btlbywing/BTLB_YWING.obj","ship alias 'y-wing' in path; ships-v2 location; OBJ model"
"SHIP-10CDA52089D8","ywing","Y-wing","small","ShipModel",True,"review",7,88,"high","unified25","AST-A662A7EF7CC63B31","assets/source/unified25/assets/ships-v2/small/btlbywing/BTLB_YWINGv2.obj","ship alias 'y-wing' in path; ships-v2 location; OBJ model"
"SHIP-10CDA52089D8","ywing","Y-wing","small","ShipModel",True,"review",8,86,"high","unified25","AST-C1F3CD306DEB9505","assets/source/unified25/assets/ships/Small/GRP_Y-Wing/BTLB_YWING.obj","ship alias 'y-wing' in path; ships location; OBJ model"
"SHIP-10CDA52089D8","ywing","Y-wing","small","ShipTexture",True,"review",1,100,"high","unified25","AST-9A779C17948E7F36","assets/source/unified25/assets/ships-v2/small/btla4ywing/Icon.png","ship alias 'btla4ywing' in path; ships-v2 location; ship image/texture"
"SHIP-10CDA52089D8","ywing","Y-wing","small","ShipTexture",True,"review",2,100,"high","unified25","AST-FD5F26E0E2B1F28E","assets/source/unified25/assets/ships-v2/small/btla4ywing/Textures/amaxine.png","ship alias 'btla4ywing' in path; ships-v2 location; ship image/texture"
"SHIP-10CDA52089D8","ywing","Y-wing","small","ShipTexture",True,"review",3,100,"high","unified25","AST-F8755E59369A4FFD","assets/source/unified25/assets/ships-v2/small/btla4ywing/Textures/blank.png","ship alias 'btla4ywing' in path; ships-v2 location; ship image/texture"
"SHIP-10CDA52089D8","ywing","Y-wing","small","ShipTexture",True,"review",4,100,"high","unified25","AST-7BC53141B8E2A551","assets/source/unified25/assets/ships-v2/small/btla4ywing/Textures/crymorah.png","ship alias 'btla4ywing' in path; ships-v2 location; ship image/texture"
"SHIP-10CDA52089D8","ywing","Y-wing","small","ShipTexture",True,"review",5,100,"high","unified25","AST-7DA37204D6E336C1","assets/source/unified25/assets/ships-v2/small/btla4ywing/Textures/drearenthal.png","ship alias 'btla4ywing' in path; ships-v2 location; ship image/texture"
"SHIP-10CDA52089D8","ywing","Y-wing","small","ShipTexture",True,"review",6,100,"high","unified25","AST-04A9E325FAF588E6","assets/source/unified25/assets/ships-v2/small/btla4ywing/Textures/gold.png","ship alias 'btla4ywing' in path; ships-v2 location; ship image/texture"
"SHIP-10CDA52089D8","ywing","Y-wing","small","ShipTexture",True,"review",7,100,"high","unified25","AST-BC10FEB5500DEF0E","assets/source/unified25/assets/ships-v2/small/btla4ywing/Textures/grey.png","ship alias 'btla4ywing' in path; ships-v2 location; ship image/texture"
"SHIP-10CDA52089D8","ywing","Y-wing","small","ShipTexture",True,"review",8,100,"high","unified25","AST-A65E65E0ECB3E630","assets/source/unified25/assets/ships-v2/small/btla4ywing/Textures/hiredgun.png","ship alias 'btla4ywing' in path; ships-v2 location; ship image/texture"
"SHIP-10CDA52089D8","ywing","Y-wing","small","BaseToken",True,"review",1,83,"medium","generated","AST-8B04C4776E4F6E8E","assets/generated/PilotBaseToken/rebelalliance/ywing/dutchvander__pilot-91f3d05b5ea1.png","ship alias 'y-wing' in path; token/base image"
"SHIP-10CDA52089D8","ywing","Y-wing","small","BaseToken",True,"review",2,83,"medium","generated","AST-FB816B4167536F8C","assets/generated/PilotBaseToken/rebelalliance/ywing/goldsquadronpilot__pilot-e24f1d2a662a.png","ship alias 'y-wing' in path; token/base image"
"SHIP-10CDA52089D8","ywing","Y-wing","small","BaseToken",True,"review",3,83,"medium","generated","AST-945F3DF19721F406","assets/generated/PilotBaseToken/rebelalliance/ywing/graysquadronpilot__pilot-527388f60fb4.png","ship alias 'y-wing' in path; token/base image"
"SHIP-10CDA52089D8","ywing","Y-wing","small","BaseToken",True,"review",4,83,"medium","generated","AST-F0AD0C3A03412C69","assets/generated/PilotBaseToken/rebelalliance/ywing/hortonsalm__pilot-11ea529ae573.png","ship alias 'y-wing' in path; token/base image"
"SHIP-10CDA52089D8","ywing","Y-wing","small","BaseToken",True,"review",5,83,"medium","generated","AST-C2810AAC0F4074EF","assets/generated/PilotBaseToken/scumandvillainy/ywing/drearenthal__pilot-34b839e60ab6.png","ship alias 'y-wing' in path; token/base image"
"SHIP-10CDA52089D8","ywing","Y-wing","small","BaseToken",True,"review",6,83,"medium","generated","AST-A6B6C8F4E09483DC","assets/generated/PilotBaseToken/scumandvillainy/ywing/hiredgun__pilot-41c7bebd81d9.png","ship alias 'y-wing' in path; token/base image"
"SHIP-10CDA52089D8","ywing","Y-wing","small","BaseToken",True,"review",7,83,"medium","generated","AST-BE20985D34BEB46A","assets/generated/PilotBaseToken/scumandvillainy/ywing/kavil__pilot-3d59b61c04c1.png","ship alias 'y-wing' in path; token/base image"
"SHIP-10CDA52089D8","ywing","Y-wing","small","BaseToken",True,"review",8,83,"medium","generated","AST-6573B4F5EA174CFC","assets/generated/PilotBaseToken/scumandvillainy/ywing/syndicatethug__pilot-af51e58b9ce6.png","ship alias 'y-wing' in path; token/base image"
"SHIP-10CDA52089D8","ywing","Y-wing","small","DialTexture",True,"review",1,85,"high","generated","AST-830A3F48E9926578","assets/generated/FirstEditionDialTexture/rebelalliance/ywing__dial-830a3f48e992.png","ship alias 'y-wing' in path; dial image"
"SHIP-10CDA52089D8","ywing","Y-wing","small","DialTexture",True,"review",2,85,"high","generated","AST-CEDCF6106DA7FEB9","assets/generated/FirstEditionDialTexture/scumandvillainy/ywing__dial-cedcf6106da7.png","ship alias 'y-wing' in path; dial image"
"SHIP-10CDA52089D8","ywing","Y-wing","small","DialTexture",True,"review",3,85,"high","first-edition-dials","AST-79C2202466BF5DCC","assets/source/first-edition-dials/rebelalliance/ywing.jpg","ship alias 'y-wing' in path; dial image"
"SHIP-10CDA52089D8","ywing","Y-wing","small","DialTexture",True,"review",4,85,"high","first-edition-dials","AST-B579DBE8E3D6605C","assets/source/first-edition-dials/scumandvillainy/ywing.jpg","ship alias 'y-wing' in path; dial image"
"SHIP-10CDA52089D8","ywing","Y-wing","small","DialTexture",True,"review",5,78,"medium","unified25","AST-9A779C17948E7F36","assets/source/unified25/assets/ships-v2/small/btla4ywing/Icon.png","ship alias 'btla4ywing' in path; ships-v2 location"
"SHIP-10CDA52089D8","ywing","Y-wing","small","DialTexture",True,"review",6,78,"medium","unified25","AST-FD5F26E0E2B1F28E","assets/source/unified25/assets/ships-v2/small/btla4ywing/Textures/amaxine.png","ship alias 'btla4ywing' in path; ships-v2 location"
"SHIP-10CDA52089D8","ywing","Y-wing","small","DialTexture",True,"review",7,78,"medium","unified25","AST-F8755E59369A4FFD","assets/source/unified25/assets/ships-v2/small/btla4ywing/Textures/blank.png","ship alias 'btla4ywing' in path; ships-v2 location"
"SHIP-10CDA52089D8","ywing","Y-wing","small","DialTexture",True,"review",8,78,"medium","unified25","AST-7BC53141B8E2A551","assets/source/unified25/assets/ships-v2/small/btla4ywing/Textures/crymorah.png","ship alias 'btla4ywing' in path; ships-v2 location"
"SHIP-10CDA52089D8","ywing","Y-wing","small","DialModel",False,"review",1,78,"medium","unified25","AST-C62ADA0278FBDB37","assets/source/unified25/assets/ships-v2/small/btla4ywing/btla4_ywing.obj","ship alias 'btla4ywing' in path; ships-v2 location"
"SHIP-10CDA52089D8","ywing","Y-wing","small","DialModel",False,"review",2,78,"medium","unified25","AST-097768F6AD96C65E","assets/source/unified25/assets/ships-v2/small/btla4ywing/btla4_ywingv2.obj","ship alias 'btla4ywing' in path; ships-v2 location"
"SHIP-10CDA52089D8","ywing","Y-wing","small","DialModel",False,"review",3,76,"medium","unified25","AST-55DADC25890708EE","assets/source/unified25/assets/ships/Small/btla4_ywing/btla4_ywing.obj","ship alias 'btla4ywing' in path; ships location"
"SHIP-10CDA52089D8","ywing","Y-wing","small","DialModel",False,"review",4,76,"medium","unified25","AST-124E29934DC95948","assets/source/unified25/assets/ships/Small/btla4_ywing/glod_sqd_pilot.obj","ship alias 'btla4ywing' in path; ships location"
"SHIP-10CDA52089D8","ywing","Y-wing","small","DialModel",False,"review",5,63,"medium","unified25","AST-99C3B22930BACF32","assets/source/unified25/assets/ships-v2/small/btanr2ywing/RIS_Y-Wing.obj","ship alias 'y-wing' in path; ships-v2 location"
"SHIP-10CDA52089D8","ywing","Y-wing","small","DialModel",False,"review",6,63,"medium","unified25","AST-91B12DA8C9396AC7","assets/source/unified25/assets/ships-v2/small/btlbywing/BTLB_YWING.obj","ship alias 'y-wing' in path; ships-v2 location"
"SHIP-10CDA52089D8","ywing","Y-wing","small","DialModel",False,"review",7,63,"medium","unified25","AST-A662A7EF7CC63B31","assets/source/unified25/assets/ships-v2/small/btlbywing/BTLB_YWINGv2.obj","ship alias 'y-wing' in path; ships-v2 location"
"SHIP-10CDA52089D8","ywing","Y-wing","small","DialModel",False,"review",8,61,"medium","unified25","AST-C1F3CD306DEB9505","assets/source/unified25/assets/ships/Small/GRP_Y-Wing/BTLB_YWING.obj","ship alias 'y-wing' in path; ships location"
"SHIP-10CDA52089D8","ywing","Y-wing","small","ShipScript",False,"missing",,,,,,,
"SHIP-4E6208779DB2","yt1300","YT-1300","large","ShipModel",True,"review",1,100,"high","unified25","AST-715D650221B102C3","assets/source/unified25/assets/ships-v2/large/modifiedyt1300lightfreighter/rebel_falcon.obj","ship alias 'modifiedyt1300lightfreighter' in path; ships-v2 location; OBJ model"
"SHIP-4E6208779DB2","yt1300","YT-1300","large","ShipModel",True,"review",2,100,"high","unified25","AST-DD59E7DA916E2691","assets/source/unified25/assets/ships-v2/large/modifiedyt1300lightfreighter/yt1300modified.obj","ship alias 'modifiedyt1300lightfreighter' in path; ships-v2 location; OBJ model"
"SHIP-4E6208779DB2","yt1300","YT-1300","large","ShipModel",True,"review",3,88,"high","unified25","AST-7A78DFE6BCF979B2","assets/source/unified25/assets/ships-v2/large/customizedyt1300lightfreighter/yt1300.obj","ship alias 'yt-1300' in path; ships-v2 location; OBJ model"
"SHIP-4E6208779DB2","yt1300","YT-1300","large","ShipModel",True,"review",4,88,"high","unified25","AST-29EFB55A8A9166E0","assets/source/unified25/assets/ships-v2/large/customizedyt1300lightfreighter/yt1300customized.obj","ship alias 'yt-1300' in path; ships-v2 location; OBJ model"
"SHIP-4E6208779DB2","yt1300","YT-1300","large","ShipModel",True,"review",5,88,"high","unified25","AST-3E1DE662A635B58F","assets/source/unified25/assets/ships-v2/large/customizedyt1300lightfreighter/yt1300undocked.obj","ship alias 'yt-1300' in path; ships-v2 location; OBJ model"
"SHIP-4E6208779DB2","yt1300","YT-1300","large","ShipModel",True,"review",6,88,"high","unified25","AST-13D81C04174340C9","assets/source/unified25/assets/ships-v2/large/scavengedyt1300lightfreighter/scavengedyt1300.obj","ship alias 'yt-1300' in path; ships-v2 location; OBJ model"
"SHIP-4E6208779DB2","yt1300","YT-1300","large","ShipModel",True,"review",7,88,"high","unified25","AST-4AA650BAE34A2EAA","assets/source/unified25/assets/ships-v2/large/scavengedyt1300lightfreighter/yt1300scavenged.obj","ship alias 'yt-1300' in path; ships-v2 location; OBJ model"
"SHIP-4E6208779DB2","yt1300","YT-1300","large","ShipModel",True,"review",8,86,"high","unified25","AST-08736E4410E1365D","assets/source/unified25/assets/ships/Large/RES_scavengedyt1300/scavengedyt1300.obj","ship alias 'yt-1300' in path; ships location; OBJ model"
"SHIP-4E6208779DB2","yt1300","YT-1300","large","ShipTexture",True,"review",1,100,"high","unified25","AST-76C208C126EB7CE8","assets/source/unified25/assets/ships-v2/large/modifiedyt1300lightfreighter/icon.png","ship alias 'modifiedyt1300lightfreighter' in path; ships-v2 location; ship image/texture"
"SHIP-4E6208779DB2","yt1300","YT-1300","large","ShipTexture",True,"review",2,100,"high","unified25","AST-9B5825D8B419CC56","assets/source/unified25/assets/ships-v2/large/modifiedyt1300lightfreighter/Textures/1/blue.jpg","ship alias 'modifiedyt1300lightfreighter' in path; ships-v2 location; ship image/texture"
"SHIP-4E6208779DB2","yt1300","YT-1300","large","ShipTexture",True,"review",3,100,"high","unified25","AST-ACEEB793E2ACA86B","assets/source/unified25/assets/ships-v2/large/modifiedyt1300lightfreighter/Textures/1/brown.jpg","ship alias 'modifiedyt1300lightfreighter' in path; ships-v2 location; ship image/texture"
"SHIP-4E6208779DB2","yt1300","YT-1300","large","ShipTexture",True,"review",4,100,"high","unified25","AST-3CC4582F9124E6DE","assets/source/unified25/assets/ships-v2/large/modifiedyt1300lightfreighter/Textures/1/dark.jpg","ship alias 'modifiedyt1300lightfreighter' in path; ships-v2 location; ship image/texture"
"SHIP-4E6208779DB2","yt1300","YT-1300","large","ShipTexture",True,"review",5,100,"high","unified25","AST-82BF33838ECBAA3D","assets/source/unified25/assets/ships-v2/large/modifiedyt1300lightfreighter/Textures/1/dirty.jpg","ship alias 'modifiedyt1300lightfreighter' in path; ships-v2 location; ship image/texture"
"SHIP-4E6208779DB2","yt1300","YT-1300","large","ShipTexture",True,"review",6,100,"high","unified25","AST-C4EEB04087CFE25D","assets/source/unified25/assets/ships-v2/large/modifiedyt1300lightfreighter/Textures/1/plain.jpg","ship alias 'modifiedyt1300lightfreighter' in path; ships-v2 location; ship image/texture"
"SHIP-4E6208779DB2","yt1300","YT-1300","large","ShipTexture",True,"review",7,100,"high","unified25","AST-ABC5C7D76559CCFA","assets/source/unified25/assets/ships-v2/large/modifiedyt1300lightfreighter/Textures/1/rebel.jpg","ship alias 'modifiedyt1300lightfreighter' in path; ships-v2 location; ship image/texture"
"SHIP-4E6208779DB2","yt1300","YT-1300","large","ShipTexture",True,"review",8,100,"high","unified25","AST-0567922F3C472332","assets/source/unified25/assets/ships-v2/large/modifiedyt1300lightfreighter/Textures/1/red.jpg","ship alias 'modifiedyt1300lightfreighter' in path; ships-v2 location; ship image/texture"
"SHIP-4E6208779DB2","yt1300","YT-1300","large","BaseToken",True,"review",1,83,"medium","generated","AST-EA6FF4F3B74DCB99","assets/generated/PilotBaseToken/rebelalliance/yt1300/chewbacca__pilot-265eee6a9410.png","ship alias 'yt-1300' in path; token/base image"
"SHIP-4E6208779DB2","yt1300","YT-1300","large","BaseToken",True,"review",2,83,"medium","generated","AST-B3229B17729026DD","assets/generated/PilotBaseToken/rebelalliance/yt1300/hansolo__pilot-93894eba60f9.png","ship alias 'yt-1300' in path; token/base image"
"SHIP-4E6208779DB2","yt1300","YT-1300","large","BaseToken",True,"review",3,83,"medium","generated","AST-8C95639A97477D7B","assets/generated/PilotBaseToken/rebelalliance/yt1300/landocalrissian__pilot-59737eaa2dab.png","ship alias 'yt-1300' in path; token/base image"
"SHIP-4E6208779DB2","yt1300","YT-1300","large","BaseToken",True,"review",4,83,"medium","generated","AST-C9A5F10CA421F631","assets/generated/PilotBaseToken/rebelalliance/yt1300/outerrimsmuggler__pilot-b83a2c097842.png","ship alias 'yt-1300' in path; token/base image"
"SHIP-4E6208779DB2","yt1300","YT-1300","large","BaseToken",True,"review",5,83,"medium","generated","AST-7FA890E84EEFECDC","assets/generated/PilotBaseToken/resistance/yt1300/chewbacca__pilot-2fc18406059d.png","ship alias 'yt-1300' in path; token/base image"
"SHIP-4E6208779DB2","yt1300","YT-1300","large","BaseToken",True,"review",6,83,"medium","generated","AST-E5D22375E828E057","assets/generated/PilotBaseToken/resistance/yt1300/hansolo__pilot-48c5fbe53f48.png","ship alias 'yt-1300' in path; token/base image"
"SHIP-4E6208779DB2","yt1300","YT-1300","large","BaseToken",True,"review",7,83,"medium","generated","AST-72C94C658C6F71A7","assets/generated/PilotBaseToken/resistance/yt1300/resistancesympathizer__pilot-a5ca71e30c57.png","ship alias 'yt-1300' in path; token/base image"
"SHIP-4E6208779DB2","yt1300","YT-1300","large","BaseToken",True,"review",8,83,"medium","generated","AST-B9D25718E528B2AC","assets/generated/PilotBaseToken/resistance/yt1300/rey__pilot-eb36ccfc081b.png","ship alias 'yt-1300' in path; token/base image"
"SHIP-4E6208779DB2","yt1300","YT-1300","large","DialTexture",True,"review",1,85,"high","generated","AST-1DA4323052E19AE3","assets/generated/FirstEditionDialTexture/rebelalliance/yt1300__dial-1da4323052e1.png","ship alias 'yt-1300' in path; dial image"
"SHIP-4E6208779DB2","yt1300","YT-1300","large","DialTexture",True,"review",2,85,"high","generated","AST-860A8965BD1CB5E3","assets/generated/FirstEditionDialTexture/resistance/yt1300__dial-1da4323052e1.png","ship alias 'yt-1300' in path; dial image"
"SHIP-4E6208779DB2","yt1300","YT-1300","large","DialTexture",True,"review",3,85,"high","first-edition-dials","AST-15037334E137396D","assets/source/first-edition-dials/rebelalliance/yt1300.jpg","ship alias 'yt-1300' in path; dial image"
"SHIP-4E6208779DB2","yt1300","YT-1300","large","DialTexture",True,"review",4,85,"high","first-edition-dials","AST-860A8965BD1CB5E3","assets/source/first-edition-dials/resistance/yt1300.png","ship alias 'yt-1300' in path; dial image"
"SHIP-4E6208779DB2","yt1300","YT-1300","large","DialTexture",True,"review",5,78,"medium","unified25","AST-76C208C126EB7CE8","assets/source/unified25/assets/ships-v2/large/modifiedyt1300lightfreighter/icon.png","ship alias 'modifiedyt1300lightfreighter' in path; ships-v2 location"
"SHIP-4E6208779DB2","yt1300","YT-1300","large","DialTexture",True,"review",6,78,"medium","unified25","AST-9B5825D8B419CC56","assets/source/unified25/assets/ships-v2/large/modifiedyt1300lightfreighter/Textures/1/blue.jpg","ship alias 'modifiedyt1300lightfreighter' in path; ships-v2 location"
"SHIP-4E6208779DB2","yt1300","YT-1300","large","DialTexture",True,"review",7,78,"medium","unified25","AST-ACEEB793E2ACA86B","assets/source/unified25/assets/ships-v2/large/modifiedyt1300lightfreighter/Textures/1/brown.jpg","ship alias 'modifiedyt1300lightfreighter' in path; ships-v2 location"
"SHIP-4E6208779DB2","yt1300","YT-1300","large","DialTexture",True,"review",8,78,"medium","unified25","AST-3CC4582F9124E6DE","assets/source/unified25/assets/ships-v2/large/modifiedyt1300lightfreighter/Textures/1/dark.jpg","ship alias 'modifiedyt1300lightfreighter' in path; ships-v2 location"
"SHIP-4E6208779DB2","yt1300","YT-1300","large","DialModel",False,"review",1,78,"medium","unified25","AST-715D650221B102C3","assets/source/unified25/assets/ships-v2/large/modifiedyt1300lightfreighter/rebel_falcon.obj","ship alias 'modifiedyt1300lightfreighter' in path; ships-v2 location"
"SHIP-4E6208779DB2","yt1300","YT-1300","large","DialModel",False,"review",2,78,"medium","unified25","AST-DD59E7DA916E2691","assets/source/unified25/assets/ships-v2/large/modifiedyt1300lightfreighter/yt1300modified.obj","ship alias 'modifiedyt1300lightfreighter' in path; ships-v2 location"
"SHIP-4E6208779DB2","yt1300","YT-1300","large","DialModel",False,"review",3,63,"medium","unified25","AST-7A78DFE6BCF979B2","assets/source/unified25/assets/ships-v2/large/customizedyt1300lightfreighter/yt1300.obj","ship alias 'yt-1300' in path; ships-v2 location"
"SHIP-4E6208779DB2","yt1300","YT-1300","large","DialModel",False,"review",4,63,"medium","unified25","AST-29EFB55A8A9166E0","assets/source/unified25/assets/ships-v2/large/customizedyt1300lightfreighter/yt1300customized.obj","ship alias 'yt-1300' in path; ships-v2 location"
"SHIP-4E6208779DB2","yt1300","YT-1300","large","DialModel",False,"review",5,63,"medium","unified25","AST-3E1DE662A635B58F","assets/source/unified25/assets/ships-v2/large/customizedyt1300lightfreighter/yt1300undocked.obj","ship alias 'yt-1300' in path; ships-v2 location"
"SHIP-4E6208779DB2","yt1300","YT-1300","large","DialModel",False,"review",6,63,"medium","unified25","AST-13D81C04174340C9","assets/source/unified25/assets/ships-v2/large/scavengedyt1300lightfreighter/scavengedyt1300.obj","ship alias 'yt-1300' in path; ships-v2 location"
"SHIP-4E6208779DB2","yt1300","YT-1300","large","DialModel",False,"review",7,63,"medium","unified25","AST-4AA650BAE34A2EAA","assets/source/unified25/assets/ships-v2/large/scavengedyt1300lightfreighter/yt1300scavenged.obj","ship alias 'yt-1300' in path; ships-v2 location"
"SHIP-4E6208779DB2","yt1300","YT-1300","large","DialModel",False,"review",8,61,"medium","unified25","AST-08736E4410E1365D","assets/source/unified25/assets/ships/Large/RES_scavengedyt1300/scavengedyt1300.obj","ship alias 'yt-1300' in path; ships location"
"SHIP-4E6208779DB2","yt1300","YT-1300","large","ShipScript",False,"missing",,,,,,,
"SHIP-CD028BEF3884","yt2400","YT-2400","large","ShipModel",True,"clear",1,100,"high","unified25","AST-AAF667E515B56F78","assets/source/unified25/assets/ships-v2/large/yt2400lightfreighter/yt2400.obj","ship alias 'yt2400lightfreighter' in path; ships-v2 location; OBJ model"
"SHIP-CD028BEF3884","yt2400","YT-2400","large","ShipModel",True,"clear",2,86,"high","unified25","AST-CF4E7A244321CBCB","assets/source/unified25/assets/ships/Large/yt2400/yt2400.obj","ship alias 'yt-2400' in path; ships location; OBJ model"
"SHIP-CD028BEF3884","yt2400","YT-2400","large","ShipTexture",True,"review",1,100,"high","unified25","AST-1944D6787C9085D1","assets/source/unified25/assets/ships-v2/large/yt2400lightfreighter/icon.png","ship alias 'yt2400lightfreighter' in path; ships-v2 location; ship image/texture"
"SHIP-CD028BEF3884","yt2400","YT-2400","large","ShipTexture",True,"review",2,100,"high","unified25","AST-75F1EC8E66EAE67E","assets/source/unified25/assets/ships-v2/large/yt2400lightfreighter/Textures/standard.jpg","ship alias 'yt2400lightfreighter' in path; ships-v2 location; ship image/texture"
"SHIP-CD028BEF3884","yt2400","YT-2400","large","ShipTexture",True,"review",3,83,"medium","unified25","AST-93A9A8A27D18A51E","assets/source/unified25/assets/ships/Rebel/YT2400/dashrendar.png","ship alias 'yt-2400' in path; ships location; ship image/texture"
"SHIP-CD028BEF3884","yt2400","YT-2400","large","ShipTexture",True,"review",4,83,"medium","unified25","AST-92197DFA9B13EBB1","assets/source/unified25/assets/ships/Rebel/YT2400/leebo.png","ship alias 'yt-2400' in path; ships location; ship image/texture"
"SHIP-CD028BEF3884","yt2400","YT-2400","large","ShipTexture",True,"review",5,83,"medium","unified25","AST-2F92F4DD1DC4F4C2","assets/source/unified25/assets/ships/Rebel/YT2400/wildspacefringer.png","ship alias 'yt-2400' in path; ships location; ship image/texture"
"SHIP-CD028BEF3884","yt2400","YT-2400","large","ShipTexture",True,"review",6,77,"medium","generated","AST-A4EB131D2624FF3C","assets/generated/FirstEditionDialTexture/rebelalliance/yt2400__dial-a4eb131d2624.png","ship alias 'yt-2400' in path; ship image/texture"
"SHIP-CD028BEF3884","yt2400","YT-2400","large","ShipTexture",True,"review",7,70,"medium","unified25","AST-450E316B93CA4582","assets/source/unified25/assets/Items/aisheets/YT-2400-Light-Freighter.JPG","ship alias 'yt2400lightfreighter' in path"
"SHIP-CD028BEF3884","yt2400","YT-2400","large","ShipTexture",True,"review",8,55,"low","generated","AST-3CB3122FF92B23C8","assets/generated/PilotBaseToken/rebelalliance/yt2400/dashrendar__pilot-eb50363aacfe.png","ship alias 'yt-2400' in path"
"SHIP-CD028BEF3884","yt2400","YT-2400","large","BaseToken",True,"review",1,83,"medium","generated","AST-3CB3122FF92B23C8","assets/generated/PilotBaseToken/rebelalliance/yt2400/dashrendar__pilot-eb50363aacfe.png","ship alias 'yt-2400' in path; token/base image"
"SHIP-CD028BEF3884","yt2400","YT-2400","large","BaseToken",True,"review",2,83,"medium","generated","AST-3073D22ED8117065","assets/generated/PilotBaseToken/rebelalliance/yt2400/eadenvrill__pilot-e27fb236c4f3.png","ship alias 'yt-2400' in path; token/base image"
"SHIP-CD028BEF3884","yt2400","YT-2400","large","BaseToken",True,"review",3,83,"medium","generated","AST-154CFF68303F3544","assets/generated/PilotBaseToken/rebelalliance/yt2400/leebo__pilot-5274e11eaa41.png","ship alias 'yt-2400' in path; token/base image"
"SHIP-CD028BEF3884","yt2400","YT-2400","large","BaseToken",True,"review",4,83,"medium","generated","AST-A3D0FA8F9084737D","assets/generated/PilotBaseToken/rebelalliance/yt2400/wildspacefringer__pilot-782c47437218.png","ship alias 'yt-2400' in path; token/base image"
"SHIP-CD028BEF3884","yt2400","YT-2400","large","BaseToken",True,"review",5,78,"medium","unified25","AST-1944D6787C9085D1","assets/source/unified25/assets/ships-v2/large/yt2400lightfreighter/icon.png","ship alias 'yt2400lightfreighter' in path; ships-v2 location"
"SHIP-CD028BEF3884","yt2400","YT-2400","large","BaseToken",True,"review",6,78,"medium","unified25","AST-75F1EC8E66EAE67E","assets/source/unified25/assets/ships-v2/large/yt2400lightfreighter/Textures/standard.jpg","ship alias 'yt2400lightfreighter' in path; ships-v2 location"
"SHIP-CD028BEF3884","yt2400","YT-2400","large","BaseToken",True,"review",7,70,"medium","unified25","AST-450E316B93CA4582","assets/source/unified25/assets/Items/aisheets/YT-2400-Light-Freighter.JPG","ship alias 'yt2400lightfreighter' in path"
"SHIP-CD028BEF3884","yt2400","YT-2400","large","BaseToken",True,"review",8,61,"medium","unified25","AST-93A9A8A27D18A51E","assets/source/unified25/assets/ships/Rebel/YT2400/dashrendar.png","ship alias 'yt-2400' in path; ships location"
"SHIP-CD028BEF3884","yt2400","YT-2400","large","DialTexture",True,"review",1,85,"high","generated","AST-A4EB131D2624FF3C","assets/generated/FirstEditionDialTexture/rebelalliance/yt2400__dial-a4eb131d2624.png","ship alias 'yt-2400' in path; dial image"
"SHIP-CD028BEF3884","yt2400","YT-2400","large","DialTexture",True,"review",2,85,"high","first-edition-dials","AST-A89BF73ACABCE81D","assets/source/first-edition-dials/rebelalliance/yt2400.jpg","ship alias 'yt-2400' in path; dial image"
"SHIP-CD028BEF3884","yt2400","YT-2400","large","DialTexture",True,"review",3,78,"medium","unified25","AST-1944D6787C9085D1","assets/source/unified25/assets/ships-v2/large/yt2400lightfreighter/icon.png","ship alias 'yt2400lightfreighter' in path; ships-v2 location"
"SHIP-CD028BEF3884","yt2400","YT-2400","large","DialTexture",True,"review",4,78,"medium","unified25","AST-75F1EC8E66EAE67E","assets/source/unified25/assets/ships-v2/large/yt2400lightfreighter/Textures/standard.jpg","ship alias 'yt2400lightfreighter' in path; ships-v2 location"
"SHIP-CD028BEF3884","yt2400","YT-2400","large","DialTexture",True,"review",5,70,"medium","unified25","AST-450E316B93CA4582","assets/source/unified25/assets/Items/aisheets/YT-2400-Light-Freighter.JPG","ship alias 'yt2400lightfreighter' in path"
"SHIP-CD028BEF3884","yt2400","YT-2400","large","DialTexture",True,"review",6,61,"medium","unified25","AST-93A9A8A27D18A51E","assets/source/unified25/assets/ships/Rebel/YT2400/dashrendar.png","ship alias 'yt-2400' in path; ships location"
"SHIP-CD028BEF3884","yt2400","YT-2400","large","DialTexture",True,"review",7,61,"medium","unified25","AST-92197DFA9B13EBB1","assets/source/unified25/assets/ships/Rebel/YT2400/leebo.png","ship alias 'yt-2400' in path; ships location"
"SHIP-CD028BEF3884","yt2400","YT-2400","large","DialTexture",True,"review",8,61,"medium","unified25","AST-2F92F4DD1DC4F4C2","assets/source/unified25/assets/ships/Rebel/YT2400/wildspacefringer.png","ship alias 'yt-2400' in path; ships location"
"SHIP-CD028BEF3884","yt2400","YT-2400","large","DialModel",False,"review",1,78,"medium","unified25","AST-AAF667E515B56F78","assets/source/unified25/assets/ships-v2/large/yt2400lightfreighter/yt2400.obj","ship alias 'yt2400lightfreighter' in path; ships-v2 location"
"SHIP-CD028BEF3884","yt2400","YT-2400","large","DialModel",False,"review",2,61,"medium","unified25","AST-CF4E7A244321CBCB","assets/source/unified25/assets/ships/Large/yt2400/yt2400.obj","ship alias 'yt-2400' in path; ships location"
"SHIP-CD028BEF3884","yt2400","YT-2400","large","ShipScript",False,"missing",,,,,,,
"SHIP-F9A95CA8C049","yv666","YV-666","large","ShipModel",True,"review",1,100,"high","unified25","AST-0CBB1033F6B14CC5","assets/source/unified25/assets/ships-v2/large/yv666lightfreighter/yv666.obj","ship alias 'yv666lightfreighter' in path; ships-v2 location; OBJ model"
"SHIP-F9A95CA8C049","yv666","YV-666","large","ShipModel",True,"review",2,100,"high","unified25","AST-4CEE008D656461E4","assets/source/unified25/assets/ships-v2/large/yv666lightfreighter/yv666v2.obj","ship alias 'yv666lightfreighter' in path; ships-v2 location; OBJ model"
"SHIP-F9A95CA8C049","yv666","YV-666","large","ShipModel",True,"review",3,86,"high","unified25","AST-3C7ADE1C61B2DEBE","assets/source/unified25/assets/ships/Large/SCU_YV666/yv666-2.obj","ship alias 'yv-666' in path; ships location; OBJ model"
"SHIP-F9A95CA8C049","yv666","YV-666","large","ShipModel",True,"review",4,86,"high","unified25","AST-BD04736A5E82EE0E","assets/source/unified25/assets/ships/Large/SCU_YV666/yv666.obj","ship alias 'yv-666' in path; ships location; OBJ model"
"SHIP-F9A95CA8C049","yv666","YV-666","large","ShipTexture",True,"review",1,100,"high","unified25","AST-19CA30A7FA75265C","assets/source/unified25/assets/ships-v2/large/yv666lightfreighter/icon.png","ship alias 'yv666lightfreighter' in path; ships-v2 location; ship image/texture"
"SHIP-F9A95CA8C049","yv666","YV-666","large","ShipTexture",True,"review",2,100,"high","unified25","AST-0AFBDAFCC3AC291C","assets/source/unified25/assets/ships-v2/large/yv666lightfreighter/Textures/1/aphra.jpg","ship alias 'yv666lightfreighter' in path; ships-v2 location; ship image/texture"
"SHIP-F9A95CA8C049","yv666","YV-666","large","ShipTexture",True,"review",3,100,"high","unified25","AST-58440FD60628F421","assets/source/unified25/assets/ships-v2/large/yv666lightfreighter/Textures/1/blacksun.jpg","ship alias 'yv666lightfreighter' in path; ships-v2 location; ship image/texture"
"SHIP-F9A95CA8C049","yv666","YV-666","large","ShipTexture",True,"review",4,100,"high","unified25","AST-83147569595C82B2","assets/source/unified25/assets/ships-v2/large/yv666lightfreighter/Textures/1/grey.jpg","ship alias 'yv666lightfreighter' in path; ships-v2 location; ship image/texture"
"SHIP-F9A95CA8C049","yv666","YV-666","large","ShipTexture",True,"review",5,100,"high","unified25","AST-708D033325446A68","assets/source/unified25/assets/ships-v2/large/yv666lightfreighter/Textures/1/moralo.jpg","ship alias 'yv666lightfreighter' in path; ships-v2 location; ship image/texture"
"SHIP-F9A95CA8C049","yv666","YV-666","large","ShipTexture",True,"review",6,100,"high","unified25","AST-5455A8079DCFC0A9","assets/source/unified25/assets/ships-v2/large/yv666lightfreighter/Textures/1/mytho.jpg","ship alias 'yv666lightfreighter' in path; ships-v2 location; ship image/texture"
"SHIP-F9A95CA8C049","yv666","YV-666","large","ShipTexture",True,"review",7,100,"high","unified25","AST-1227FCBE2683ACBC","assets/source/unified25/assets/ships-v2/large/yv666lightfreighter/Textures/1/standard.jpg","ship alias 'yv666lightfreighter' in path; ships-v2 location; ship image/texture"
"SHIP-F9A95CA8C049","yv666","YV-666","large","ShipTexture",True,"review",8,100,"high","unified25","AST-7EF58F94C12C6154","assets/source/unified25/assets/ships-v2/large/yv666lightfreighter/Textures/grey.jpg","ship alias 'yv666lightfreighter' in path; ships-v2 location; ship image/texture"
"SHIP-F9A95CA8C049","yv666","YV-666","large","BaseToken",True,"review",1,83,"medium","generated","AST-152CB3E6FE067EBE","assets/generated/PilotBaseToken/scumandvillainy/yv666/bossk__pilot-818969b87243.png","ship alias 'yv-666' in path; token/base image"
"SHIP-F9A95CA8C049","yv666","YV-666","large","BaseToken",True,"review",2,83,"medium","generated","AST-E94ED3B785638350","assets/generated/PilotBaseToken/scumandvillainy/yv666/lattsrazzi__pilot-d128bd38a4eb.png","ship alias 'yv-666' in path; token/base image"
"SHIP-F9A95CA8C049","yv666","YV-666","large","BaseToken",True,"review",3,83,"medium","generated","AST-6CE31B70DFCEBB6E","assets/generated/PilotBaseToken/scumandvillainy/yv666/moraloeval__pilot-04881cc2d835.png","ship alias 'yv-666' in path; token/base image"
"SHIP-F9A95CA8C049","yv666","YV-666","large","BaseToken",True,"review",4,83,"medium","generated","AST-71918E85810254D9","assets/generated/PilotBaseToken/scumandvillainy/yv666/trandoshanslaver__pilot-b618b90b5e10.png","ship alias 'yv-666' in path; token/base image"
"SHIP-F9A95CA8C049","yv666","YV-666","large","BaseToken",True,"review",5,78,"medium","unified25","AST-19CA30A7FA75265C","assets/source/unified25/assets/ships-v2/large/yv666lightfreighter/icon.png","ship alias 'yv666lightfreighter' in path; ships-v2 location"
"SHIP-F9A95CA8C049","yv666","YV-666","large","BaseToken",True,"review",6,78,"medium","unified25","AST-0AFBDAFCC3AC291C","assets/source/unified25/assets/ships-v2/large/yv666lightfreighter/Textures/1/aphra.jpg","ship alias 'yv666lightfreighter' in path; ships-v2 location"
"SHIP-F9A95CA8C049","yv666","YV-666","large","BaseToken",True,"review",7,78,"medium","unified25","AST-58440FD60628F421","assets/source/unified25/assets/ships-v2/large/yv666lightfreighter/Textures/1/blacksun.jpg","ship alias 'yv666lightfreighter' in path; ships-v2 location"
"SHIP-F9A95CA8C049","yv666","YV-666","large","BaseToken",True,"review",8,78,"medium","unified25","AST-83147569595C82B2","assets/source/unified25/assets/ships-v2/large/yv666lightfreighter/Textures/1/grey.jpg","ship alias 'yv666lightfreighter' in path; ships-v2 location"
"SHIP-F9A95CA8C049","yv666","YV-666","large","DialTexture",True,"review",1,85,"high","generated","AST-EEF322FF64E81D78","assets/generated/FirstEditionDialTexture/scumandvillainy/yv666__dial-eef322ff64e8.png","ship alias 'yv-666' in path; dial image"
"SHIP-F9A95CA8C049","yv666","YV-666","large","DialTexture",True,"review",2,85,"high","first-edition-dials","AST-AB982EE808673FFA","assets/source/first-edition-dials/scumandvillainy/yv666.jpg","ship alias 'yv-666' in path; dial image"
"SHIP-F9A95CA8C049","yv666","YV-666","large","DialTexture",True,"review",3,78,"medium","unified25","AST-19CA30A7FA75265C","assets/source/unified25/assets/ships-v2/large/yv666lightfreighter/icon.png","ship alias 'yv666lightfreighter' in path; ships-v2 location"
"SHIP-F9A95CA8C049","yv666","YV-666","large","DialTexture",True,"review",4,78,"medium","unified25","AST-0AFBDAFCC3AC291C","assets/source/unified25/assets/ships-v2/large/yv666lightfreighter/Textures/1/aphra.jpg","ship alias 'yv666lightfreighter' in path; ships-v2 location"
"SHIP-F9A95CA8C049","yv666","YV-666","large","DialTexture",True,"review",5,78,"medium","unified25","AST-58440FD60628F421","assets/source/unified25/assets/ships-v2/large/yv666lightfreighter/Textures/1/blacksun.jpg","ship alias 'yv666lightfreighter' in path; ships-v2 location"
"SHIP-F9A95CA8C049","yv666","YV-666","large","DialTexture",True,"review",6,78,"medium","unified25","AST-83147569595C82B2","assets/source/unified25/assets/ships-v2/large/yv666lightfreighter/Textures/1/grey.jpg","ship alias 'yv666lightfreighter' in path; ships-v2 location"
"SHIP-F9A95CA8C049","yv666","YV-666","large","DialTexture",True,"review",7,78,"medium","unified25","AST-708D033325446A68","assets/source/unified25/assets/ships-v2/large/yv666lightfreighter/Textures/1/moralo.jpg","ship alias 'yv666lightfreighter' in path; ships-v2 location"
"SHIP-F9A95CA8C049","yv666","YV-666","large","DialTexture",True,"review",8,78,"medium","unified25","AST-5455A8079DCFC0A9","assets/source/unified25/assets/ships-v2/large/yv666lightfreighter/Textures/1/mytho.jpg","ship alias 'yv666lightfreighter' in path; ships-v2 location"
"SHIP-F9A95CA8C049","yv666","YV-666","large","DialModel",False,"review",1,78,"medium","unified25","AST-0CBB1033F6B14CC5","assets/source/unified25/assets/ships-v2/large/yv666lightfreighter/yv666.obj","ship alias 'yv666lightfreighter' in path; ships-v2 location"
"SHIP-F9A95CA8C049","yv666","YV-666","large","DialModel",False,"review",2,78,"medium","unified25","AST-4CEE008D656461E4","assets/source/unified25/assets/ships-v2/large/yv666lightfreighter/yv666v2.obj","ship alias 'yv666lightfreighter' in path; ships-v2 location"
"SHIP-F9A95CA8C049","yv666","YV-666","large","DialModel",False,"review",3,61,"medium","unified25","AST-3C7ADE1C61B2DEBE","assets/source/unified25/assets/ships/Large/SCU_YV666/yv666-2.obj","ship alias 'yv-666' in path; ships location"
"SHIP-F9A95CA8C049","yv666","YV-666","large","DialModel",False,"review",4,61,"medium","unified25","AST-BD04736A5E82EE0E","assets/source/unified25/assets/ships/Large/SCU_YV666/yv666.obj","ship alias 'yv-666' in path; ships location"
"SHIP-F9A95CA8C049","yv666","YV-666","large","ShipScript",False,"missing",,,,,,,
"SHIP-FCC25B8DD116","z95headhunter","Z-95 Headhunter","small","ShipModel",True,"review",1,100,"high","unified25","AST-5803C2462A78E12C","assets/source/unified25/assets/ships-v2/small/clonez95headhunter/CloneZ95.obj","ship alias 'z-95 headhunter' in path; ships-v2 location; OBJ model"
"SHIP-FCC25B8DD116","z95headhunter","Z-95 Headhunter","small","ShipModel",True,"review",2,100,"high","unified25","AST-1691F481B60B3185","assets/source/unified25/assets/ships-v2/small/z95af4headhunter/z95.obj","ship alias 'z95af4headhunter' in path; ships-v2 location; OBJ model"
"SHIP-FCC25B8DD116","z95headhunter","Z-95 Headhunter","small","ShipModel",True,"review",3,100,"high","unified25","AST-31EBEA498F8072A8","assets/source/unified25/assets/ships-v2/small/z95af4headhunter/Z95v2.obj","ship alias 'z95af4headhunter' in path; ships-v2 location; OBJ model"
"SHIP-FCC25B8DD116","z95headhunter","Z-95 Headhunter","small","ShipModel",True,"review",4,100,"high","unified25","AST-3E83009BA5B69BE7","assets/source/unified25/assets/ships-v2/small/z95af4headhunter/Z95v3.obj","ship alias 'z95af4headhunter' in path; ships-v2 location; OBJ model"
"SHIP-FCC25B8DD116","z95headhunter","Z-95 Headhunter","small","ShipTexture",True,"review",1,100,"high","unified25","AST-E83BAF233633334B","assets/source/unified25/assets/ships-v2/small/clonez95headhunter/icon.png","ship alias 'z-95 headhunter' in path; ships-v2 location; ship image/texture"
"SHIP-FCC25B8DD116","z95headhunter","Z-95 Headhunter","small","ShipTexture",True,"review",2,100,"high","unified25","AST-C15162440E61DC14","assets/source/unified25/assets/ships-v2/small/clonez95headhunter/textures/black.jpg","ship alias 'z-95 headhunter' in path; ships-v2 location; ship image/texture"
"SHIP-FCC25B8DD116","z95headhunter","Z-95 Headhunter","small","ShipTexture",True,"review",3,100,"high","unified25","AST-56CF63A9BC19C0CA","assets/source/unified25/assets/ships-v2/small/clonez95headhunter/textures/blue.jpg","ship alias 'z-95 headhunter' in path; ships-v2 location; ship image/texture"
"SHIP-FCC25B8DD116","z95headhunter","Z-95 Headhunter","small","ShipTexture",True,"review",4,100,"high","unified25","AST-3DA57979B7DAF904","assets/source/unified25/assets/ships-v2/small/clonez95headhunter/textures/plain.jpg","ship alias 'z-95 headhunter' in path; ships-v2 location; ship image/texture"
"SHIP-FCC25B8DD116","z95headhunter","Z-95 Headhunter","small","ShipTexture",True,"review",5,100,"high","unified25","AST-7656D35E724BDF0A","assets/source/unified25/assets/ships-v2/small/clonez95headhunter/textures/standard.jpg","ship alias 'z-95 headhunter' in path; ships-v2 location; ship image/texture"
"SHIP-FCC25B8DD116","z95headhunter","Z-95 Headhunter","small","ShipTexture",True,"review",6,100,"high","unified25","AST-7F53D86DF8B363DA","assets/source/unified25/assets/ships-v2/small/z95af4headhunter/Icon.png","ship alias 'z95af4headhunter' in path; ships-v2 location; ship image/texture"
"SHIP-FCC25B8DD116","z95headhunter","Z-95 Headhunter","small","ShipTexture",True,"review",7,100,"high","unified25","AST-692A69263AB6852A","assets/source/unified25/assets/ships-v2/small/z95af4headhunter/Textures/1/bandit.jpg","ship alias 'z95af4headhunter' in path; ships-v2 location; ship image/texture"
"SHIP-FCC25B8DD116","z95headhunter","Z-95 Headhunter","small","ShipTexture",True,"review",8,100,"high","unified25","AST-826F74DD39C1B8A5","assets/source/unified25/assets/ships-v2/small/z95af4headhunter/Textures/1/binayre.jpg","ship alias 'z95af4headhunter' in path; ships-v2 location; ship image/texture"
"SHIP-FCC25B8DD116","z95headhunter","Z-95 Headhunter","small","BaseToken",True,"review",1,98,"high","generated","AST-8B802818FCE69FCE","assets/generated/PilotBaseToken/rebelalliance/z95headhunter/airencracken__pilot-5a913de74c65.png","ship alias 'z-95 headhunter' in path; token/base image"
"SHIP-FCC25B8DD116","z95headhunter","Z-95 Headhunter","small","BaseToken",True,"review",2,98,"high","generated","AST-44DD681DD83D483A","assets/generated/PilotBaseToken/rebelalliance/z95headhunter/banditsquadronpilot__pilot-0eb1111c98fa.png","ship alias 'z-95 headhunter' in path; token/base image"
"SHIP-FCC25B8DD116","z95headhunter","Z-95 Headhunter","small","BaseToken",True,"review",3,98,"high","generated","AST-2F88CACC9205E018","assets/generated/PilotBaseToken/rebelalliance/z95headhunter/lieutenantblount__pilot-94a1e988d420.png","ship alias 'z-95 headhunter' in path; token/base image"
"SHIP-FCC25B8DD116","z95headhunter","Z-95 Headhunter","small","BaseToken",True,"review",4,98,"high","generated","AST-F61B349A84402588","assets/generated/PilotBaseToken/rebelalliance/z95headhunter/talasquadronpilot__pilot-2f800c27d775.png","ship alias 'z-95 headhunter' in path; token/base image"
"SHIP-FCC25B8DD116","z95headhunter","Z-95 Headhunter","small","BaseToken",True,"review",5,98,"high","generated","AST-B8A530A5361287A7","assets/generated/PilotBaseToken/scumandvillainy/z95headhunter/binayrepirate__pilot-75ca1ac0b24b.png","ship alias 'z-95 headhunter' in path; token/base image"
"SHIP-FCC25B8DD116","z95headhunter","Z-95 Headhunter","small","BaseToken",True,"review",6,98,"high","generated","AST-53FA2174731075A6","assets/generated/PilotBaseToken/scumandvillainy/z95headhunter/blacksunsoldier__pilot-e244dba12dc6.png","ship alias 'z-95 headhunter' in path; token/base image"
"SHIP-FCC25B8DD116","z95headhunter","Z-95 Headhunter","small","BaseToken",True,"review",7,98,"high","generated","AST-F9F58F57537CBE20","assets/generated/PilotBaseToken/scumandvillainy/z95headhunter/kaatoleeachos__pilot-7c8d83a06980.png","ship alias 'z-95 headhunter' in path; token/base image"
"SHIP-FCC25B8DD116","z95headhunter","Z-95 Headhunter","small","BaseToken",True,"review",8,98,"high","generated","AST-5B6D103EC21D4F5F","assets/generated/PilotBaseToken/scumandvillainy/z95headhunter/nashtahpuppilot__pilot-72f1ca9d274c.png","ship alias 'z-95 headhunter' in path; token/base image"
"SHIP-FCC25B8DD116","z95headhunter","Z-95 Headhunter","small","DialTexture",True,"review",1,100,"high","generated","AST-F693F781152DB723","assets/generated/FirstEditionDialTexture/rebelalliance/z95headhunter__dial-f693f781152d.png","ship alias 'z-95 headhunter' in path; dial image"
"SHIP-FCC25B8DD116","z95headhunter","Z-95 Headhunter","small","DialTexture",True,"review",2,100,"high","generated","AST-772FB38F675A49BB","assets/generated/FirstEditionDialTexture/scumandvillainy/z95headhunter__dial-772fb38f675a.png","ship alias 'z-95 headhunter' in path; dial image"
"SHIP-FCC25B8DD116","z95headhunter","Z-95 Headhunter","small","DialTexture",True,"review",3,100,"high","first-edition-dials","AST-1F63AF39823AF2F1","assets/source/first-edition-dials/rebelalliance/z95headhunter.jpg","ship alias 'z-95 headhunter' in path; dial image"
"SHIP-FCC25B8DD116","z95headhunter","Z-95 Headhunter","small","DialTexture",True,"review",4,100,"high","first-edition-dials","AST-2A2C4E5EAF5F7D1B","assets/source/first-edition-dials/scumandvillainy/z95headhunter.jpg","ship alias 'z-95 headhunter' in path; dial image"
"SHIP-FCC25B8DD116","z95headhunter","Z-95 Headhunter","small","DialTexture",True,"review",5,78,"medium","unified25","AST-E83BAF233633334B","assets/source/unified25/assets/ships-v2/small/clonez95headhunter/icon.png","ship alias 'z-95 headhunter' in path; ships-v2 location"
"SHIP-FCC25B8DD116","z95headhunter","Z-95 Headhunter","small","DialTexture",True,"review",6,78,"medium","unified25","AST-C15162440E61DC14","assets/source/unified25/assets/ships-v2/small/clonez95headhunter/textures/black.jpg","ship alias 'z-95 headhunter' in path; ships-v2 location"
"SHIP-FCC25B8DD116","z95headhunter","Z-95 Headhunter","small","DialTexture",True,"review",7,78,"medium","unified25","AST-56CF63A9BC19C0CA","assets/source/unified25/assets/ships-v2/small/clonez95headhunter/textures/blue.jpg","ship alias 'z-95 headhunter' in path; ships-v2 location"
"SHIP-FCC25B8DD116","z95headhunter","Z-95 Headhunter","small","DialTexture",True,"review",8,78,"medium","unified25","AST-3DA57979B7DAF904","assets/source/unified25/assets/ships-v2/small/clonez95headhunter/textures/plain.jpg","ship alias 'z-95 headhunter' in path; ships-v2 location"
"SHIP-FCC25B8DD116","z95headhunter","Z-95 Headhunter","small","DialModel",False,"review",1,78,"medium","unified25","AST-5803C2462A78E12C","assets/source/unified25/assets/ships-v2/small/clonez95headhunter/CloneZ95.obj","ship alias 'z-95 headhunter' in path; ships-v2 location"
"SHIP-FCC25B8DD116","z95headhunter","Z-95 Headhunter","small","DialModel",False,"review",2,78,"medium","unified25","AST-1691F481B60B3185","assets/source/unified25/assets/ships-v2/small/z95af4headhunter/z95.obj","ship alias 'z95af4headhunter' in path; ships-v2 location"
"SHIP-FCC25B8DD116","z95headhunter","Z-95 Headhunter","small","DialModel",False,"review",3,78,"medium","unified25","AST-31EBEA498F8072A8","assets/source/unified25/assets/ships-v2/small/z95af4headhunter/Z95v2.obj","ship alias 'z95af4headhunter' in path; ships-v2 location"
"SHIP-FCC25B8DD116","z95headhunter","Z-95 Headhunter","small","DialModel",False,"review",4,78,"medium","unified25","AST-3E83009BA5B69BE7","assets/source/unified25/assets/ships-v2/small/z95af4headhunter/Z95v3.obj","ship alias 'z95af4headhunter' in path; ships-v2 location"
"SHIP-FCC25B8DD116","z95headhunter","Z-95 Headhunter","small","ShipScript",False,"missing",,,,,,,
